Time [yyyy-MM-dd HH:mm:ss];Water level at (29_A_A_ 2092_072) [m AD];Water level at (29_B_A_ 1601_894) [m AD];Water level at (29_B_B_ 507_799) [m AD];Water level at (29_B_C_A_ 2424_146) [m AD];Water level at (31_A_A_ 546_794) [m AD];Water level at (31_A_A_ 546_794) [m AD];Water level at (31_A_B_A_A_ 1587_395) [m AD];Water level at (31_A_B_A_B_ 1277_246) [m AD];Water level at (31_A_B_B_ 3551_589) [m AD];Water level at (31_B_ 1414_926) [m AD];Water level at (51_A_A_ 3129_118) [m AD]
27-12-99 00:00;16.533;13.489;11.889;5.6276;11.846;11.846;11.327;11.243;10.786;10.794;10.284
27-12-99 01:00;16.838;14.253;13.926;13.144;11.594;11.594;11.223;10.811;10.308;9.8198;9.1758
27-12-99 02:00;17.126;14.811;14.519;13.808;12.344;12.344;11.956;11.494;10.89;10.344;9.5618
27-12-99 03:00;17.32;15.167;14.897;14.244;12.906;12.906;12.517;12.065;11.479;10.923;10.101
27-12-99 04:00;17.459;15.428;15.175;14.573;13.385;13.385;13.014;12.556;11.936;11.374;10.536
27-12-99 05:00;17.564;15.636;15.396;14.834;13.738;13.738;13.39;12.962;12.317;11.73;10.903
27-12-99 06:00;17.649;15.8;15.57;15.037;14.005;14.005;13.671;13.264;12.623;12.018;11.209
27-12-99 07:00;17.72;15.927;15.703;15.192;14.206;14.206;13.881;13.488;12.855;12.256;11.463
27-12-99 08:00;17.779;16.028;15.807;15.311;14.361;14.361;14.042;13.662;13.041;12.453;11.682
27-12-99 09:00;17.828;16.11;15.89;15.405;14.483;14.483;14.17;13.802;13.192;12.616;11.865
27-12-99 10:00;17.868;16.176;15.958;15.482;14.582;14.582;14.274;13.917;13.315;12.75;12.019
27-12-99 11:00;17.901;16.232;16.016;15.55;14.667;14.667;14.362;14.013;13.419;12.864;12.149
27-12-99 12:00;17.929;16.282;16.068;15.612;14.744;14.744;14.441;14.099;13.51;12.964;12.263
27-12-99 13:00;17.953;16.325;16.114;15.666;14.812;14.812;14.512;14.175;13.592;13.054;12.365
27-12-99 14:00;17.973;16.362;16.153;15.713;14.872;14.872;14.574;14.243;13.665;13.135;12.457
27-12-99 15:00;17.991;16.394;16.186;15.753;14.924;14.924;14.627;14.301;13.729;13.206;12.539
27-12-99 16:00;18.007;16.423;16.216;15.789;14.971;14.971;14.676;14.353;13.786;13.27;12.612
27-12-99 17:00;18.02;16.447;16.242;15.821;15.013;15.013;14.719;14.399;13.836;13.326;12.677
27-12-99 18:00;18.032;16.469;16.265;15.849;15.05;15.05;14.757;14.44;13.881;13.376;12.736
27-12-99 19:00;18.043;16.489;16.285;15.873;15.083;15.083;14.791;14.477;13.92;13.422;12.789
27-12-99 20:00;18.052;16.506;16.303;15.896;15.113;15.113;14.822;14.51;13.957;13.463;12.836
27-12-99 21:00;18.061;16.522;16.32;15.916;15.139;15.139;14.85;14.54;13.99;13.5;12.881
27-12-99 22:00;18.068;16.536;16.334;15.934;15.164;15.164;14.876;14.568;14.021;13.535;12.922
27-12-99 23:00;18.075;16.548;16.348;15.951;15.186;15.186;14.899;14.594;14.049;13.568;12.96
28-12-99 00:00;18.081;16.56;16.36;15.966;15.206;15.206;14.921;14.617;14.075;13.598;12.995
28-12-99 01:00;18.087;16.571;16.371;15.98;15.225;15.225;14.94;14.638;14.099;13.625;13.027
28-12-99 02:00;18.092;16.58;16.382;15.993;15.242;15.242;14.958;14.658;14.121;13.65;13.057
28-12-99 03:00;18.097;16.589;16.391;16.004;15.258;15.258;14.975;14.676;14.141;13.674;13.084
28-12-99 04:00;18.101;16.597;16.4;16.015;15.272;15.272;14.99;14.693;14.16;13.695;13.109
28-12-99 05:00;18.105;16.605;16.408;16.025;15.285;15.285;15.004;14.708;14.177;13.715;13.133
28-12-99 06:00;18.109;16.612;16.415;16.034;15.298;15.298;15.017;14.722;14.193;13.733;13.154
28-12-99 07:00;18.113;16.618;16.422;16.042;15.309;15.309;15.029;14.735;14.208;13.75;13.174
28-12-99 08:00;18.116;16.624;16.428;16.05;15.319;15.319;15.041;14.747;14.222;13.766;13.192
28-12-99 09:00;18.119;16.629;16.434;16.057;15.329;15.329;15.051;14.758;14.234;13.78;13.209
28-12-99 10:00;18.121;16.634;16.439;16.064;15.338;15.338;15.06;14.769;14.246;13.794;13.225
28-12-99 11:00;18.124;16.639;16.444;16.07;15.346;15.346;15.069;14.778;14.257;13.806;13.239
28-12-99 12:00;18.126;16.643;16.449;16.076;15.354;15.354;15.077;14.787;14.267;13.817;13.253
28-12-99 13:00;18.128;16.647;16.453;16.081;15.361;15.361;15.084;14.795;14.276;13.828;13.265
28-12-99 14:00;18.13;16.651;16.457;16.086;15.367;15.367;15.091;14.803;14.285;13.838;13.277
28-12-99 15:00;18.132;16.654;16.46;16.09;15.373;15.373;15.098;14.81;14.293;13.847;13.288
28-12-99 16:00;18.134;16.658;16.464;16.094;15.379;15.379;15.104;14.816;14.3;13.856;13.298
28-12-99 17:00;18.136;16.661;16.467;16.098;15.384;15.384;15.11;14.823;14.307;13.864;13.307
28-12-99 18:00;18.137;16.663;16.47;16.102;15.389;15.389;15.115;14.828;14.314;13.872;13.316
28-12-99 19:00;18.138;16.666;16.473;16.105;15.393;15.393;15.12;14.834;14.32;13.879;13.324
28-12-99 20:00;18.14;16.668;16.475;16.108;15.398;15.398;15.124;14.839;14.326;13.885;13.332
28-12-99 21:00;18.141;16.671;16.477;16.111;15.402;15.402;15.128;14.843;14.331;13.891;13.339
28-12-99 22:00;18.142;16.673;16.48;16.114;15.405;15.405;15.132;14.848;14.336;13.897;13.346
28-12-99 23:00;18.143;16.675;16.482;16.117;15.409;15.409;15.136;14.852;14.341;13.903;13.353
29-12-99 00:00;18.144;16.676;16.484;16.119;15.412;15.412;15.14;14.856;14.345;13.908;13.359
29-12-99 01:00;18.145;16.678;16.485;16.121;15.415;15.415;15.143;14.859;14.349;13.913;13.364
29-12-99 02:00;18.146;16.68;16.487;16.123;15.418;15.418;15.146;14.863;14.353;13.917;13.37
29-12-99 03:00;18.147;16.681;16.489;16.125;15.421;15.421;15.149;14.866;14.357;13.921;13.375
29-12-99 04:00;18.147;16.683;16.49;16.127;15.423;15.423;15.152;14.869;14.36;13.925;13.379
29-12-99 05:00;18.148;16.684;16.492;16.129;15.426;15.426;15.154;14.871;14.364;13.929;13.384
29-12-99 06:00;18.149;16.685;16.493;16.131;15.428;15.428;15.156;14.874;14.367;13.933;13.388
29-12-99 07:00;18.149;16.686;16.494;16.132;15.43;15.43;15.159;14.877;14.37;13.936;13.392
29-12-99 08:00;18.15;16.687;16.495;16.134;15.432;15.432;15.161;14.879;14.372;13.939;13.396
29-12-99 09:00;18.151;16.688;16.496;16.135;15.434;15.434;15.163;14.881;14.375;13.942;13.399
29-12-99 10:00;18.151;16.689;16.498;16.136;15.435;15.435;15.165;14.883;14.377;13.945;13.403
29-12-99 11:00;18.152;16.69;16.499;16.137;15.437;15.437;15.167;14.885;14.38;13.948;13.406
29-12-99 12:00;18.152;16.691;16.499;16.139;15.439;15.439;15.168;14.887;14.382;13.95;13.409
29-12-99 13:00;18.152;16.692;16.5;16.14;15.44;15.44;15.17;14.889;14.384;13.953;13.412
29-12-99 14:00;18.153;16.693;16.501;16.141;15.442;15.442;15.171;14.891;14.386;13.955;13.414
29-12-99 15:00;18.153;16.693;16.502;16.142;15.443;15.443;15.173;14.892;14.388;13.957;13.417
29-12-99 16:00;18.154;16.694;16.503;16.143;15.444;15.444;15.174;14.894;14.389;13.959;13.419
29-12-99 17:00;18.154;16.695;16.503;16.143;15.445;15.445;15.175;14.895;14.391;13.961;13.422
29-12-99 18:00;18.154;16.695;16.504;16.144;15.446;15.446;15.177;14.896;14.393;13.963;13.424
29-12-99 19:00;18.155;16.696;16.505;16.145;15.447;15.447;15.178;14.898;14.394;13.965;13.426
29-12-99 20:00;18.155;16.696;16.505;16.146;15.448;15.448;15.179;14.899;14.396;13.966;13.428
29-12-99 21:00;18.155;16.697;16.506;16.146;15.449;15.449;15.18;14.9;14.397;13.968;13.429
29-12-99 22:00;18.155;16.698;16.506;16.147;15.45;15.45;15.181;14.901;14.398;13.969;13.431
29-12-99 23:00;18.156;16.698;16.507;16.148;15.451;15.451;15.182;14.902;14.399;13.971;13.433
30-12-99 00:00;18.156;16.698;16.507;16.148;15.452;15.452;15.183;14.903;14.4;13.972;13.434
30-12-99 01:00;18.156;16.699;16.508;16.149;15.453;15.453;15.183;14.904;14.402;13.973;13.436
30-12-99 02:00;18.156;16.699;16.508;16.149;15.453;15.453;15.184;14.905;14.403;13.974;13.437
30-12-99 03:00;18.157;16.7;16.508;16.15;15.454;15.454;15.185;14.906;14.404;13.976;13.439
30-12-99 04:00;18.157;16.7;16.509;16.15;15.455;15.455;15.186;14.906;14.404;13.977;13.44
30-12-99 05:00;18.157;16.7;16.509;16.151;15.455;15.455;15.186;14.907;14.405;13.978;13.441
30-12-99 06:00;18.157;16.701;16.51;16.151;15.456;15.456;15.187;14.908;14.406;13.979;13.442
30-12-99 07:00;18.157;16.701;16.51;16.152;15.456;15.456;15.188;14.908;14.407;13.979;13.443
30-12-99 08:00;18.157;16.701;16.51;16.152;15.457;15.457;15.188;14.909;14.408;13.98;13.444
30-12-99 09:00;18.158;16.701;16.51;16.152;15.458;15.458;15.189;14.91;14.408;13.981;13.445
30-12-99 10:00;18.158;16.702;16.511;16.153;15.458;15.458;15.189;14.91;14.409;13.982;13.446
30-12-99 11:00;18.158;16.702;16.511;16.153;15.458;15.458;15.19;14.911;14.41;13.983;13.447
30-12-99 12:00;18.158;16.702;16.511;16.153;15.459;15.459;15.19;14.911;14.41;13.983;13.448
30-12-99 13:00;18.158;16.702;16.512;16.154;15.459;15.459;15.191;14.912;14.411;13.984;13.449
30-12-99 14:00;18.158;16.703;16.512;16.154;15.46;15.46;15.191;14.912;14.411;13.984;13.449
30-12-99 15:00;18.158;16.703;16.512;16.154;15.46;15.46;15.191;14.912;14.412;13.985;13.45
30-12-99 16:00;18.158;16.703;16.512;16.154;15.46;15.46;15.192;14.913;14.412;13.985;13.45
30-12-99 17:00;18.158;16.703;16.512;16.155;15.46;15.46;15.192;14.913;14.412;13.986;13.451
30-12-99 18:00;18.159;16.703;16.512;16.155;15.461;15.461;15.192;14.914;14.413;13.986;13.452
30-12-99 19:00;18.159;16.703;16.513;16.155;15.461;15.461;15.192;14.914;14.413;13.987;13.452
30-12-99 20:00;18.159;16.704;16.513;16.155;15.461;15.461;15.193;14.914;14.414;13.987;13.453
30-12-99 21:00;18.159;16.704;16.513;16.155;15.462;15.462;15.193;14.915;14.414;13.988;13.453
30-12-99 22:00;18.159;16.704;16.513;16.156;15.462;15.462;15.193;14.915;14.414;13.988;13.454
30-12-99 23:00;18.159;16.704;16.513;16.156;15.462;15.462;15.194;14.915;14.415;13.989;13.454
31-12-99 00:00;18.159;16.704;16.513;16.156;15.462;15.462;15.194;14.915;14.415;13.989;13.455
31-12-99 01:00;18.159;16.704;16.513;16.156;15.463;15.463;15.194;14.916;14.416;13.989;13.455
31-12-99 02:00;18.159;16.704;16.514;16.156;15.463;15.463;15.194;14.916;14.416;13.99;13.456
31-12-99 03:00;18.159;16.704;16.514;16.156;15.463;15.463;15.195;14.916;14.416;13.99;13.456
31-12-99 04:00;18.159;16.705;16.514;16.156;15.463;15.463;15.195;14.916;14.416;13.99;13.457
31-12-99 05:00;18.159;16.705;16.514;16.157;15.463;15.463;15.195;14.917;14.417;13.991;13.457
31-12-99 06:00;18.159;16.705;16.514;16.157;15.464;15.464;15.195;14.917;14.417;13.991;13.457
31-12-99 07:00;18.159;16.705;16.514;16.157;15.464;15.464;15.195;14.917;14.417;13.991;13.458
31-12-99 08:00;18.159;16.705;16.514;16.157;15.464;15.464;15.196;14.917;14.417;13.992;13.458
31-12-99 09:00;18.159;16.705;16.514;16.157;15.464;15.464;15.196;14.917;14.418;13.992;13.458
31-12-99 10:00;18.16;16.705;16.514;16.157;15.464;15.464;15.196;14.918;14.418;13.992;13.458
31-12-99 11:00;18.16;16.705;16.514;16.157;15.464;15.464;15.196;14.918;14.418;13.992;13.459
31-12-99 12:00;18.16;16.705;16.515;16.157;15.464;15.464;15.196;14.918;14.418;13.993;13.459
31-12-99 13:00;18.16;16.705;16.515;16.157;15.465;15.465;15.196;14.918;14.418;13.993;13.459
31-12-99 14:00;18.16;16.705;16.515;16.158;15.465;15.465;15.196;14.918;14.418;13.993;13.459
31-12-99 15:00;18.16;16.705;16.515;16.158;15.465;15.465;15.196;14.918;14.419;13.993;13.46
31-12-99 16:00;18.16;16.705;16.515;16.158;15.465;15.465;15.197;14.918;14.419;13.993;13.46
31-12-99 17:00;18.16;16.706;16.515;16.158;15.465;15.465;15.197;14.919;14.419;13.993;13.46
31-12-99 18:00;18.16;16.706;16.515;16.158;15.465;15.465;15.197;14.919;14.419;13.994;13.46
31-12-99 19:00;18.16;16.706;16.515;16.158;15.465;15.465;15.197;14.919;14.419;13.994;13.46
31-12-99 20:00;18.16;16.706;16.515;16.158;15.465;15.465;15.197;14.919;14.419;13.994;13.461
31-12-99 21:00;18.16;16.706;16.515;16.158;15.465;15.465;15.197;14.919;14.419;13.994;13.461
31-12-99 22:00;18.16;16.706;16.515;16.158;15.465;15.465;15.197;14.919;14.419;13.994;13.461
31-12-99 23:00;18.16;16.706;16.515;16.158;15.465;15.465;15.197;14.919;14.42;13.994;13.461
01-01-00 00:00;18.16;16.706;16.515;16.158;15.465;15.465;15.197;14.919;14.42;13.994;13.461
01-01-00 01:00;18.158;16.706;16.515;16.158;15.466;15.466;15.197;14.919;14.42;13.994;13.461
01-01-00 02:00;18.156;16.705;16.514;16.158;15.465;15.465;15.197;14.919;14.42;13.995;13.462
01-01-00 03:00;18.152;16.703;16.513;16.157;15.465;15.465;15.197;14.919;14.42;13.995;13.462
01-01-00 04:00;18.148;16.701;16.511;16.155;15.463;15.463;15.196;14.918;14.419;13.994;13.462
01-01-00 05:00;18.143;16.698;16.509;16.153;15.462;15.462;15.194;14.917;14.419;13.994;13.461
01-01-00 06:00;18.139;16.695;16.506;16.15;15.459;15.459;15.192;14.915;14.417;13.993;13.461
01-01-00 07:00;18.134;16.692;16.503;16.147;15.456;15.456;15.19;14.913;14.416;13.991;13.46
01-01-00 08:00;18.128;16.688;16.499;16.143;15.453;15.453;15.187;14.911;14.414;13.99;13.458
01-01-00 09:00;18.123;16.684;16.495;16.14;15.45;15.45;15.184;14.908;14.412;13.988;13.457
01-01-00 10:00;18.118;16.68;16.491;16.136;15.446;15.446;15.18;14.905;14.409;13.985;13.455
01-01-00 11:00;18.112;16.675;16.487;16.131;15.442;15.442;15.177;14.901;14.406;13.983;13.453
01-01-00 12:00;18.106;16.671;16.483;16.127;15.437;15.437;15.173;14.898;14.403;13.98;13.45
01-01-00 13:00;18.1;16.666;16.478;16.122;15.433;15.433;15.168;14.894;14.4;13.977;13.447
01-01-00 14:00;18.095;16.661;16.474;16.117;15.428;15.428;15.164;14.89;14.396;13.973;13.444
01-01-00 15:00;18.089;16.656;16.469;16.112;15.423;15.423;15.159;14.885;14.393;13.97;13.441
01-01-00 16:00;18.083;16.651;16.464;16.107;15.418;15.418;15.154;14.881;14.389;13.966;13.438
01-01-00 17:00;18.076;16.646;16.459;16.102;15.413;15.413;15.15;14.876;14.385;13.962;13.434
01-01-00 18:00;18.07;16.64;16.454;16.097;15.407;15.407;15.145;14.872;14.381;13.958;13.431
01-01-00 19:00;18.064;16.635;16.449;16.091;15.402;15.402;15.139;14.867;14.376;13.954;13.427
01-01-00 20:00;18.058;16.629;16.444;16.086;15.396;15.396;15.134;14.862;14.372;13.95;13.423
01-01-00 21:00;18.052;16.624;16.438;16.08;15.39;15.39;15.129;14.857;14.367;13.945;13.419
01-01-00 22:00;18.045;16.618;16.433;16.075;15.385;15.385;15.123;14.852;14.363;13.941;13.415
01-01-00 23:00;18.039;16.613;16.428;16.069;15.379;15.379;15.118;14.846;14.358;13.936;13.41
02-01-00 00:00;18.033;16.607;16.422;16.063;15.373;15.373;15.112;14.841;14.353;13.931;13.406
02-01-00 01:00;18.031;16.602;16.417;16.058;15.367;15.367;15.106;14.836;14.348;13.926;13.401
02-01-00 02:00;18.032;16.599;16.414;16.053;15.361;15.361;15.101;14.83;14.343;13.922;13.397
02-01-00 03:00;18.035;16.598;16.412;16.051;15.357;15.357;15.097;14.826;14.339;13.917;13.392
02-01-00 04:00;18.04;16.598;16.412;16.05;15.355;15.355;15.094;14.823;14.335;13.913;13.388
02-01-00 05:00;18.046;16.6;16.413;16.05;15.354;15.354;15.093;14.821;14.333;13.911;13.385
02-01-00 06:00;18.052;16.603;16.415;16.052;15.354;15.354;15.093;14.82;14.332;13.909;13.383
02-01-00 07:00;18.059;16.607;16.419;16.055;15.356;15.356;15.094;14.821;14.331;13.908;13.381
02-01-00 08:00;18.067;16.612;16.423;16.058;15.359;15.359;15.096;14.822;14.332;13.908;13.381
02-01-00 09:00;18.075;16.617;16.428;16.063;15.363;15.363;15.099;14.825;14.333;13.909;13.381
02-01-00 10:00;18.083;16.623;16.433;16.068;15.367;15.367;15.103;14.828;14.336;13.911;13.382
02-01-00 11:00;18.092;16.63;16.439;16.074;15.373;15.373;15.108;14.832;14.339;13.913;13.384
02-01-00 12:00;18.101;16.637;16.446;16.081;15.379;15.379;15.113;14.837;14.342;13.916;13.386
02-01-00 13:00;18.111;16.644;16.453;16.088;15.385;15.385;15.119;14.842;14.347;13.92;13.389
02-01-00 14:00;18.12;16.652;16.46;16.095;15.392;15.392;15.126;14.848;14.351;13.925;13.393
02-01-00 15:00;18.13;16.66;16.468;16.103;15.4;15.4;15.132;14.855;14.357;13.93;13.397
02-01-00 16:00;18.14;16.668;16.476;16.111;15.408;15.408;15.14;14.861;14.362;13.935;13.402
02-01-00 17:00;18.15;16.677;16.484;16.119;15.416;15.416;15.148;14.868;14.368;13.941;13.407
02-01-00 18:00;18.16;16.686;16.492;16.128;15.425;15.425;15.156;14.876;14.375;13.947;13.413
02-01-00 19:00;18.17;16.695;16.501;16.137;15.434;15.434;15.164;14.884;14.382;13.954;13.418
02-01-00 20:00;18.181;16.704;16.51;16.146;15.443;15.443;15.173;14.892;14.389;13.961;13.425
02-01-00 21:00;18.191;16.714;16.519;16.155;15.453;15.453;15.182;14.9;14.396;13.968;13.431
02-01-00 22:00;18.202;16.723;16.528;16.165;15.463;15.463;15.191;14.909;14.404;13.975;13.438
02-01-00 23:00;18.213;16.733;16.537;16.174;15.473;15.473;15.2;14.918;14.412;13.983;13.446
03-01-00 00:00;18.224;16.742;16.547;16.184;15.483;15.483;15.21;14.927;14.42;13.991;13.453
03-01-00 01:00;18.229;16.752;16.556;16.194;15.493;15.493;15.219;14.936;14.428;13.999;13.461
03-01-00 02:00;18.23;16.758;16.562;16.202;15.502;15.502;15.228;14.945;14.437;14.007;13.469
03-01-00 03:00;18.229;16.762;16.567;16.208;15.51;15.51;15.236;14.953;14.444;14.015;13.477
03-01-00 04:00;18.226;16.764;16.57;16.212;15.516;15.516;15.242;14.959;14.451;14.022;13.484
03-01-00 05:00;18.222;16.764;16.571;16.214;15.52;15.52;15.247;14.964;14.456;14.028;13.49
03-01-00 06:00;18.217;16.763;16.57;16.215;15.522;15.522;15.25;14.967;14.46;14.033;13.495
03-01-00 07:00;18.211;16.761;16.569;16.214;15.523;15.523;15.251;14.969;14.463;14.036;13.499
03-01-00 08:00;18.205;16.758;16.566;16.212;15.522;15.522;15.251;14.97;14.465;14.039;13.502
03-01-00 09:00;18.197;16.754;16.562;16.21;15.521;15.521;15.25;14.97;14.466;14.04;13.504
03-01-00 10:00;18.19;16.749;16.558;16.206;15.518;15.518;15.248;14.968;14.465;14.04;13.505
03-01-00 11:00;18.181;16.743;16.553;16.201;15.514;15.514;15.245;14.966;14.464;14.04;13.506
03-01-00 12:00;18.173;16.737;16.547;16.196;15.51;15.51;15.241;14.963;14.462;14.038;13.505
03-01-00 13:00;18.164;16.73;16.541;16.19;15.504;15.504;15.237;14.959;14.46;14.036;13.504
03-01-00 14:00;18.155;16.723;16.535;16.184;15.499;15.499;15.231;14.955;14.456;14.033;13.502
03-01-00 15:00;18.146;16.716;16.528;16.177;15.492;15.492;15.226;14.949;14.452;14.03;13.499
03-01-00 16:00;18.136;16.708;16.521;16.169;15.485;15.485;15.219;14.944;14.448;14.026;13.496
03-01-00 17:00;18.127;16.7;16.513;16.162;15.478;15.478;15.212;14.938;14.443;14.021;13.492
03-01-00 18:00;18.117;16.692;16.506;16.154;15.47;15.47;15.205;14.931;14.437;14.016;13.488
03-01-00 19:00;18.107;16.684;16.497;16.145;15.462;15.462;15.198;14.924;14.431;14.011;13.483
03-01-00 20:00;18.097;16.675;16.489;16.137;15.453;15.453;15.19;14.917;14.425;14.005;13.478
03-01-00 21:00;18.087;16.666;16.481;16.128;15.444;15.444;15.182;14.909;14.419;13.998;13.472
03-01-00 22:00;18.076;16.657;16.472;16.119;15.435;15.435;15.173;14.901;14.412;13.992;13.466
03-01-00 23:00;18.066;16.648;16.463;16.11;15.426;15.426;15.164;14.893;14.404;13.985;13.46
04-01-00 00:00;18.055;16.638;16.454;16.1;15.416;15.416;15.155;14.885;14.397;13.977;13.453
04-01-00 01:00;18.047;16.629;16.445;16.091;15.406;15.406;15.146;14.876;14.389;13.97;13.446
04-01-00 02:00;18.042;16.621;16.437;16.082;15.397;15.397;15.137;14.867;14.381;13.962;13.439
04-01-00 03:00;18.037;16.614;16.43;16.074;15.388;15.388;15.128;14.859;14.373;13.954;13.432
04-01-00 04:00;18.033;16.609;16.424;16.067;15.38;15.38;15.121;14.851;14.366;13.947;13.425
04-01-00 05:00;18.03;16.603;16.419;16.061;15.373;15.373;15.114;14.844;14.359;13.94;13.418
04-01-00 06:00;18.027;16.599;16.415;16.056;15.367;15.367;15.107;14.838;14.353;13.934;13.411
04-01-00 07:00;18.025;16.595;16.41;16.051;15.361;15.361;15.102;14.832;14.347;13.928;13.405
04-01-00 08:00;18.022;16.592;16.407;16.047;15.356;15.356;15.096;14.827;14.342;13.922;13.4
04-01-00 09:00;18.021;16.588;16.404;16.043;15.351;15.351;15.092;14.822;14.337;13.917;13.395
04-01-00 10:00;18.019;16.586;16.401;16.04;15.347;15.347;15.088;14.818;14.333;13.912;13.39
04-01-00 11:00;18.017;16.583;16.398;16.037;15.343;15.343;15.084;14.814;14.329;13.908;13.385
04-01-00 12:00;18.016;16.581;16.396;16.034;15.34;15.34;15.08;14.81;14.325;13.904;13.381
04-01-00 13:00;18.015;16.579;16.394;16.032;15.337;15.337;15.077;14.807;14.322;13.9;13.377
04-01-00 14:00;18.014;16.577;16.392;16.029;15.334;15.334;15.074;14.804;14.319;13.897;13.373
04-01-00 15:00;18.013;16.576;16.39;16.027;15.332;15.332;15.072;14.801;14.316;13.894;13.37
04-01-00 16:00;18.012;16.574;16.389;16.025;15.329;15.329;15.069;14.799;14.313;13.891;13.367
04-01-00 17:00;18.011;16.573;16.387;16.024;15.327;15.327;15.067;14.797;14.311;13.888;13.364
04-01-00 18:00;18.011;16.571;16.386;16.022;15.325;15.325;15.065;14.794;14.308;13.886;13.361
04-01-00 19:00;18.01;16.57;16.385;16.021;15.323;15.323;15.063;14.792;14.306;13.883;13.358
04-01-00 20:00;18.009;16.569;16.384;16.019;15.322;15.322;15.062;14.791;14.304;13.881;13.356
04-01-00 21:00;18.009;16.568;16.383;16.018;15.32;15.32;15.06;14.789;14.302;13.879;13.354
04-01-00 22:00;18.008;16.567;16.382;16.017;15.319;15.319;15.058;14.787;14.301;13.877;13.351
04-01-00 23:00;18.008;16.567;16.381;16.016;15.317;15.317;15.057;14.786;14.299;13.875;13.349
05-01-00 00:00;18.007;16.566;16.38;16.015;15.316;15.316;15.056;14.784;14.297;13.874;13.348
05-01-00 01:00;18.009;16.565;16.379;16.014;15.315;15.315;15.055;14.783;14.296;13.872;13.346
05-01-00 02:00;18.012;16.566;16.38;16.014;15.314;15.314;15.054;14.782;14.295;13.871;13.344
05-01-00 03:00;18.015;16.567;16.381;16.015;15.314;15.314;15.053;14.782;14.294;13.87;13.343
05-01-00 04:00;18.019;16.569;16.382;16.016;15.315;15.315;15.054;14.782;14.294;13.869;13.342
05-01-00 05:00;18.024;16.572;16.385;16.018;15.316;15.316;15.055;14.782;14.294;13.869;13.341
05-01-00 06:00;18.029;16.575;16.387;16.021;15.318;15.318;15.056;14.784;14.294;13.869;13.341
05-01-00 07:00;18.034;16.578;16.391;16.024;15.321;15.321;15.059;14.785;14.296;13.87;13.342
05-01-00 08:00;18.04;16.582;16.394;16.027;15.324;15.324;15.061;14.788;14.297;13.871;13.343
05-01-00 09:00;18.045;16.587;16.398;16.031;15.327;15.327;15.064;14.79;14.299;13.873;13.344
05-01-00 10:00;18.051;16.591;16.402;16.035;15.331;15.331;15.068;14.793;14.302;13.875;13.346
05-01-00 11:00;18.057;16.596;16.407;16.04;15.336;15.336;15.072;14.797;14.305;13.878;13.348
05-01-00 12:00;18.063;16.601;16.411;16.045;15.34;15.34;15.076;14.801;14.308;13.881;13.35
05-01-00 13:00;18.069;16.606;16.416;16.05;15.345;15.345;15.081;14.805;14.311;13.884;13.353
05-01-00 14:00;18.076;16.611;16.421;16.055;15.35;15.35;15.085;14.809;14.315;13.888;13.356
05-01-00 15:00;18.082;16.617;16.427;16.06;15.356;15.356;15.09;14.814;14.319;13.891;13.359
05-01-00 16:00;18.089;16.622;16.432;16.066;15.361;15.361;15.096;14.819;14.323;13.895;13.363
05-01-00 17:00;18.095;16.628;16.437;16.071;15.367;15.367;15.101;14.824;14.327;13.9;13.367
05-01-00 18:00;18.102;16.634;16.443;16.077;15.373;15.373;15.106;14.829;14.332;13.904;13.371
05-01-00 19:00;18.108;16.64;16.449;16.083;15.379;15.379;15.112;14.834;14.337;13.909;13.375
05-01-00 20:00;18.115;16.646;16.454;16.089;15.385;15.385;15.118;14.84;14.342;13.913;13.379
05-01-00 21:00;18.122;16.652;16.46;16.095;15.392;15.392;15.124;14.845;14.347;13.918;13.384
05-01-00 22:00;18.129;16.658;16.466;16.101;15.398;15.398;15.13;14.851;14.352;13.923;13.389
05-01-00 23:00;18.135;16.664;16.472;16.108;15.405;15.405;15.136;14.857;14.357;13.929;13.394
06-01-00 00:00;18.142;16.671;16.478;16.114;15.411;15.411;15.142;14.863;14.362;13.934;13.399
06-01-00 01:00;18.153;16.677;16.485;16.121;15.418;15.418;15.149;14.869;14.368;13.939;13.404
06-01-00 02:00;18.168;16.687;16.493;16.128;15.425;15.425;15.156;14.875;14.374;13.945;13.409
06-01-00 03:00;18.184;16.698;16.503;16.138;15.434;15.434;15.164;14.883;14.38;13.951;13.415
06-01-00 04:00;18.202;16.711;16.515;16.15;15.445;15.445;15.173;14.892;14.387;13.958;13.421
06-01-00 05:00;18.221;16.725;16.528;16.163;15.457;15.457;15.185;14.902;14.396;13.966;13.429
06-01-00 06:00;18.241;16.74;16.542;16.177;15.471;15.471;15.197;14.913;14.406;13.976;13.437
06-01-00 07:00;18.261;16.756;16.558;16.192;15.486;15.486;15.211;14.926;14.417;13.986;13.447
06-01-00 08:00;18.282;16.774;16.574;16.209;15.502;15.502;15.226;14.94;14.428;13.998;13.457
06-01-00 09:00;18.303;16.791;16.591;16.226;15.519;15.519;15.242;14.954;14.441;14.01;13.469
06-01-00 10:00;18.324;16.81;16.609;16.244;15.537;15.537;15.258;14.97;14.455;14.023;13.481
06-01-00 11:00;18.345;16.83;16.627;16.263;15.556;15.556;15.276;14.986;14.469;14.037;13.494
06-01-00 12:00;18.365;16.85;16.647;16.284;15.576;15.576;15.295;15.004;14.485;14.052;13.508
06-01-00 13:00;18.385;16.87;16.667;16.304;15.596;15.596;15.315;15.024;14.502;14.069;13.523
06-01-00 14:00;18.404;16.889;16.686;16.324;15.615;15.615;15.333;15.043;14.522;14.089;13.541
06-01-00 15:00;18.423;16.908;16.704;16.343;15.633;15.633;15.352;15.062;14.542;14.109;13.559
06-01-00 16:00;18.442;16.926;16.722;16.361;15.651;15.651;15.37;15.081;14.563;14.129;13.578
06-01-00 17:00;18.461;16.945;16.741;16.38;15.669;15.669;15.389;15.1;14.583;14.149;13.597
06-01-00 18:00;18.48;16.963;16.759;16.398;15.687;15.687;15.407;15.119;14.603;14.17;13.616
06-01-00 19:00;18.498;16.982;16.777;16.416;15.705;15.705;15.425;15.138;14.623;14.19;13.636
06-01-00 20:00;18.517;17;16.795;16.434;15.723;15.723;15.443;15.157;14.643;14.211;13.655
06-01-00 21:00;18.536;17.019;16.813;16.452;15.74;15.74;15.461;15.176;14.663;14.232;13.675
06-01-00 22:00;18.554;17.037;16.832;16.47;15.758;15.758;15.479;15.195;14.683;14.252;13.694
06-01-00 23:00;18.573;17.055;16.85;16.489;15.776;15.776;15.497;15.214;14.704;14.273;13.714
07-01-00 00:00;18.591;17.074;16.868;16.507;15.794;15.794;15.515;15.232;14.724;14.294;13.734
07-01-00 01:00;18.61;17.092;16.887;16.525;15.811;15.811;15.533;15.251;14.744;14.314;13.754
07-01-00 02:00;18.629;17.111;16.905;16.543;15.829;15.829;15.551;15.27;14.764;14.335;13.774
07-01-00 03:00;18.649;17.129;16.924;16.561;15.847;15.847;15.57;15.289;14.785;14.356;13.794
07-01-00 04:00;18.668;17.148;16.942;16.58;15.865;15.865;15.588;15.308;14.805;14.377;13.814
07-01-00 05:00;18.687;17.167;16.961;16.598;15.883;15.883;15.607;15.328;14.826;14.398;13.834
07-01-00 06:00;18.707;17.186;16.98;16.617;15.902;15.902;15.625;15.347;14.847;14.42;13.854
07-01-00 07:00;18.726;17.205;16.999;16.636;15.92;15.92;15.644;15.367;14.868;14.441;13.874
07-01-00 08:00;18.746;17.224;17.018;16.655;15.938;15.938;15.663;15.386;14.889;14.463;13.895
07-01-00 09:00;18.766;17.243;17.037;16.674;15.957;15.957;15.682;15.406;14.91;14.484;13.915
07-01-00 10:00;18.786;17.262;17.056;16.693;15.975;15.975;15.701;15.425;14.931;14.506;13.936
07-01-00 11:00;18.805;17.281;17.074;16.712;15.994;15.994;15.72;15.445;14.952;14.528;13.957
07-01-00 12:00;18.825;17.3;17.093;16.731;16.012;16.012;15.738;15.465;14.973;14.549;13.977
07-01-00 13:00;18.844;17.319;17.112;16.75;16.031;16.031;15.757;15.485;14.994;14.571;13.998
07-01-00 14:00;18.863;17.338;17.131;16.769;16.05;16.05;15.776;15.504;15.016;14.593;14.019
07-01-00 15:00;18.882;17.357;17.149;16.788;16.068;16.068;15.795;15.524;15.037;14.615;14.04
07-01-00 16:00;18.902;17.375;17.168;16.807;16.087;16.087;15.814;15.544;15.058;14.636;14.06
07-01-00 17:00;18.921;17.394;17.186;16.826;16.105;16.105;15.833;15.563;15.079;14.658;14.081
07-01-00 18:00;18.94;17.413;17.205;16.845;16.123;16.123;15.852;15.583;15.1;14.68;14.102
07-01-00 19:00;18.959;17.431;17.223;16.864;16.142;16.142;15.871;15.602;15.121;14.702;14.122
07-01-00 20:00;18.978;17.45;17.241;16.882;16.16;16.16;15.889;15.621;15.142;14.723;14.143
07-01-00 21:00;18.997;17.468;17.259;16.901;16.178;16.178;15.908;15.641;15.163;14.745;14.163
07-01-00 22:00;19.016;17.487;17.277;16.919;16.196;16.196;15.926;15.66;15.184;14.766;14.183
07-01-00 23:00;19.036;17.506;17.296;16.937;16.214;16.214;15.945;15.679;15.205;14.787;14.203
08-01-00 00:00;19.055;17.525;17.314;16.955;16.231;16.231;15.963;15.698;15.225;14.808;14.223
08-01-00 01:00;19.081;17.545;17.334;16.973;16.249;16.249;15.98;15.716;15.245;14.829;14.242
08-01-00 02:00;19.11;17.569;17.356;16.993;16.267;16.267;15.999;15.735;15.265;14.85;14.262
08-01-00 03:00;19.141;17.597;17.381;17.014;16.286;16.286;16.018;15.755;15.286;14.871;14.281
08-01-00 04:00;19.174;17.626;17.408;17.037;16.306;16.306;16.039;15.776;15.308;14.893;14.302
08-01-00 05:00;19.208;17.657;17.438;17.061;16.328;16.328;16.06;15.798;15.332;14.917;14.323
08-01-00 06:00;19.242;17.688;17.469;17.087;16.351;16.351;16.084;15.821;15.357;14.942;14.345
08-01-00 07:00;19.276;17.719;17.501;17.115;16.376;16.376;16.108;15.846;15.383;14.968;14.369
08-01-00 08:00;19.31;17.75;17.532;17.143;16.402;16.402;16.134;15.873;15.411;14.996;14.393
08-01-00 09:00;19.344;17.78;17.562;17.173;16.429;16.429;16.161;15.9;15.44;15.025;14.419
08-01-00 10:00;19.378;17.809;17.591;17.205;16.457;16.457;16.19;15.929;15.471;15.055;14.446
08-01-00 11:00;19.412;17.837;17.619;17.238;16.487;16.487;16.219;15.959;15.504;15.087;14.475
08-01-00 12:00;19.445;17.863;17.647;17.271;16.517;16.517;16.25;15.991;15.537;15.121;14.505
08-01-00 13:00;19.477;17.888;17.673;17.305;16.548;16.548;16.282;16.023;15.572;15.155;14.536
08-01-00 14:00;19.509;17.911;17.699;17.339;16.58;16.58;16.314;16.056;15.608;15.191;14.568
08-01-00 15:00;19.54;17.934;17.726;17.374;16.612;16.612;16.347;16.09;15.644;15.228;14.601
08-01-00 16:00;19.57;17.956;17.752;17.407;16.645;16.645;16.38;16.124;15.682;15.265;14.635
08-01-00 17:00;19.601;17.978;17.779;17.441;16.679;16.679;16.414;16.159;15.72;15.303;14.67
08-01-00 18:00;19.631;18.001;17.805;17.473;16.711;16.711;16.448;16.193;15.758;15.342;14.706
08-01-00 19:00;19.661;18.023;17.832;17.504;16.743;16.743;16.481;16.227;15.796;15.38;14.741
08-01-00 20:00;19.692;18.045;17.859;17.536;16.776;16.776;16.513;16.261;15.834;15.418;14.777
08-01-00 21:00;19.722;18.067;17.888;17.568;16.808;16.808;16.546;16.295;15.871;15.456;14.813
08-01-00 22:00;19.752;18.089;17.917;17.599;16.84;16.84;16.579;16.329;15.909;15.495;14.848
08-01-00 23:00;19.782;18.114;17.946;17.63;16.872;16.872;16.612;16.363;15.947;15.533;14.884
09-01-00 00:00;19.813;18.139;17.975;17.661;16.903;16.903;16.644;16.396;15.984;15.571;14.92
09-01-00 01:00;19.844;18.165;18.005;17.692;16.935;16.935;16.677;16.429;16.021;15.608;14.955
09-01-00 02:00;19.875;18.192;18.035;17.724;16.967;16.967;16.709;16.463;16.058;15.646;14.991
09-01-00 03:00;19.904;18.219;18.065;17.756;17.001;17.001;16.743;16.496;16.094;15.683;15.025
09-01-00 04:00;19.932;18.248;18.098;17.79;17.037;17.037;16.779;16.531;16.129;15.718;15.058
09-01-00 05:00;19.958;18.279;18.13;17.825;17.073;17.073;16.816;16.566;16.164;15.753;15.089
09-01-00 06:00;19.984;18.311;18.164;17.86;17.111;17.111;16.853;16.602;16.2;15.789;15.12
09-01-00 07:00;20.011;18.344;18.197;17.896;17.148;17.148;16.89;16.638;16.235;15.823;15.149
09-01-00 08:00;20.037;18.377;18.23;17.931;17.184;17.184;16.926;16.673;16.269;15.857;15.177
09-01-00 09:00;20.063;18.409;18.263;17.967;17.221;17.221;16.963;16.708;16.302;15.889;15.205
09-01-00 10:00;20.089;18.442;18.296;18.002;17.257;17.257;16.998;16.742;16.335;15.921;15.233
09-01-00 11:00;20.115;18.474;18.329;18.037;17.292;17.292;17.034;16.775;16.367;15.952;15.261
09-01-00 12:00;20.141;18.507;18.362;18.071;17.328;17.328;17.069;16.809;16.399;15.982;15.29
09-01-00 13:00;20.167;18.539;18.395;18.106;17.363;17.363;17.104;16.842;16.431;16.013;15.321
09-01-00 14:00;20.193;18.571;18.427;18.14;17.398;17.398;17.138;16.875;16.462;16.044;15.352
09-01-00 15:00;20.22;18.602;18.459;18.174;17.433;17.433;17.173;16.908;16.494;16.076;15.385
09-01-00 16:00;20.247;18.634;18.492;18.208;17.468;17.468;17.208;16.941;16.526;16.107;15.419
09-01-00 17:00;20.274;18.665;18.524;18.242;17.502;17.502;17.242;16.974;16.558;16.139;15.454
09-01-00 18:00;20.301;18.696;18.555;18.275;17.534;17.534;17.274;17.006;16.593;16.173;15.49
09-01-00 19:00;20.328;18.726;18.586;18.307;17.566;17.566;17.306;17.039;16.628;16.209;15.528
09-01-00 20:00;20.355;18.756;18.616;18.338;17.597;17.597;17.338;17.07;16.662;16.242;15.566
09-01-00 21:00;20.382;18.785;18.646;18.369;17.628;17.628;17.368;17.1;16.694;16.274;15.603
09-01-00 22:00;20.409;18.814;18.675;18.4;17.657;17.657;17.398;17.13;16.725;16.305;15.637
09-01-00 23:00;20.436;18.843;18.704;18.43;17.686;17.686;17.427;17.158;16.755;16.335;15.671
10-01-00 00:00;20.463;18.871;18.732;18.459;17.715;17.715;17.455;17.186;16.785;16.364;15.702
10-01-00 01:00;20.491;18.899;18.761;18.488;17.742;17.742;17.482;17.213;16.813;16.393;15.733
10-01-00 02:00;20.519;18.928;18.789;18.517;17.77;17.77;17.509;17.239;16.841;16.421;15.763
10-01-00 03:00;20.548;18.956;18.818;18.547;17.797;17.797;17.536;17.265;16.869;16.448;15.793
10-01-00 04:00;20.577;18.985;18.847;18.577;17.825;17.825;17.563;17.292;16.897;16.476;15.823
10-01-00 05:00;20.604;19.016;18.878;18.607;17.853;17.853;17.59;17.319;16.925;16.504;15.852
10-01-00 06:00;20.63;19.046;18.909;18.639;17.882;17.882;17.618;17.346;16.954;16.532;15.882
10-01-00 07:00;20.655;19.075;18.939;18.671;17.909;17.909;17.645;17.372;16.982;16.56;15.912
10-01-00 08:00;20.68;19.105;18.97;18.702;17.937;17.937;17.672;17.398;17.01;16.587;15.94
10-01-00 09:00;20.704;19.134;19;18.732;17.964;17.964;17.699;17.424;17.038;16.614;15.969
10-01-00 10:00;20.729;19.163;19.029;18.763;17.992;17.992;17.726;17.45;17.066;16.642;15.996
10-01-00 11:00;20.754;19.191;19.059;18.793;18.019;18.019;17.752;17.476;17.093;16.668;16.023
10-01-00 12:00;20.778;19.22;19.088;18.823;18.045;18.045;17.777;17.5;17.12;16.693;16.049
10-01-00 13:00;20.802;19.248;19.117;18.853;18.071;18.071;17.803;17.525;17.145;16.719;16.074
10-01-00 14:00;20.826;19.276;19.146;18.882;18.097;18.097;17.827;17.548;17.171;16.743;16.097
10-01-00 15:00;20.85;19.304;19.175;18.911;18.121;18.121;17.852;17.572;17.195;16.767;16.12
10-01-00 16:00;20.875;19.329;19.2;18.935;18.128;18.128;17.864;17.592;17.225;16.793;16.144
10-01-00 17:00;20.904;19.345;19.215;18.95;18.142;18.142;17.883;17.615;17.254;16.822;16.17
10-01-00 18:00;20.933;19.365;19.235;18.969;18.156;18.156;17.898;17.633;17.281;16.849;16.194
10-01-00 19:00;20.964;19.384;19.254;18.988;18.172;18.172;17.914;17.646;17.273;16.801;16.187
10-01-00 20:00;20.996;19.403;19.272;19.004;18.173;18.173;17.908;17.633;17.258;16.803;16.211
10-01-00 21:00;21.027;19.417;19.286;19.015;18.177;18.177;17.909;17.631;17.259;16.808;16.222
10-01-00 22:00;21.056;19.433;19.301;19.029;18.186;18.186;17.916;17.637;17.266;16.815;16.231
10-01-00 23:00;21.086;19.45;19.318;19.045;18.198;18.198;17.927;17.647;17.274;16.824;16.239
11-01-00 00:00;21.116;19.468;19.336;19.063;18.212;18.212;17.94;17.658;17.285;16.834;16.249
11-01-00 01:00;21.151;19.489;19.356;19.082;18.227;18.227;17.954;17.67;17.297;16.846;16.259
11-01-00 02:00;21.19;19.511;19.378;19.104;18.245;18.245;17.97;17.685;17.311;16.859;16.271
11-01-00 03:00;21.231;19.536;19.403;19.128;18.264;18.264;17.988;17.701;17.326;16.873;16.283
11-01-00 04:00;21.27;19.564;19.43;19.154;18.286;18.286;18.008;17.719;17.343;16.889;16.297
11-01-00 05:00;21.306;19.593;19.459;19.183;18.31;18.31;18.031;17.739;17.363;16.907;16.312
11-01-00 06:00;21.341;19.624;19.489;19.213;18.335;18.335;18.055;17.762;17.384;16.926;16.328
11-01-00 07:00;21.377;19.655;19.52;19.244;18.362;18.362;18.08;17.786;17.408;16.948;16.347
11-01-00 08:00;21.413;19.686;19.552;19.275;18.39;18.39;18.107;17.811;17.433;16.97;16.366
11-01-00 09:00;21.449;19.718;19.584;19.308;18.419;18.419;18.135;17.838;17.458;16.995;16.387
11-01-00 10:00;21.485;19.751;19.616;19.34;18.449;18.449;18.164;17.866;17.486;17.021;16.41
11-01-00 11:00;21.521;19.784;19.649;19.374;18.479;18.479;18.194;17.895;17.515;17.048;16.434
11-01-00 12:00;21.557;19.817;19.683;19.407;18.511;18.511;18.224;17.926;17.545;17.076;16.459
11-01-00 13:00;21.594;19.851;19.717;19.442;18.543;18.543;18.255;17.957;17.576;17.105;16.484
11-01-00 14:00;21.63;19.885;19.751;19.476;18.575;18.575;18.286;17.988;17.606;17.133;16.509
11-01-00 15:00;21.667;19.918;19.784;19.51;18.607;18.607;18.317;18.019;17.636;17.16;16.533
11-01-00 16:00;21.703;19.952;19.818;19.544;18.64;18.64;18.348;18.05;17.666;17.188;16.557
11-01-00 17:00;21.74;19.985;19.851;19.578;18.672;18.672;18.379;18.08;17.696;17.215;16.58
11-01-00 18:00;21.776;20.018;19.885;19.611;18.704;18.704;18.409;18.11;17.725;17.242;16.603
11-01-00 19:00;21.812;20.051;19.918;19.644;18.735;18.735;18.439;18.139;17.753;17.268;16.626
11-01-00 20:00;21.848;20.084;19.951;19.677;18.766;18.766;18.469;18.168;17.781;17.293;16.648
11-01-00 21:00;21.883;20.117;19.983;19.71;18.797;18.797;18.498;18.196;17.809;17.319;16.67
11-01-00 22:00;21.919;20.149;20.016;19.743;18.827;18.827;18.527;18.223;17.836;17.343;16.691
11-01-00 23:00;21.954;20.181;20.048;19.775;18.857;18.857;18.555;18.25;17.863;17.368;16.712
12-01-00 00:00;21.99;20.214;20.08;19.808;18.887;18.887;18.584;18.277;17.89;17.392;16.733
12-01-00 01:00;22.027;20.246;20.113;19.84;18.917;18.917;18.612;18.304;17.917;17.417;16.754
12-01-00 02:00;22.066;20.28;20.146;19.873;18.947;18.947;18.641;18.331;17.943;17.441;16.774
12-01-00 03:00;22.106;20.314;20.181;19.908;18.977;18.977;18.67;18.358;17.971;17.465;16.795
12-01-00 04:00;22.146;20.349;20.216;19.943;19.009;19.009;18.7;18.387;17.999;17.491;16.817
12-01-00 05:00;22.186;20.385;20.252;19.978;19.042;19.042;18.732;18.417;18.029;17.519;16.841
12-01-00 06:00;22.227;20.422;20.288;20.015;19.075;19.075;18.765;18.449;18.061;17.548;16.867
12-01-00 07:00;22.268;20.459;20.326;20.053;19.11;19.11;18.799;18.482;18.094;17.579;16.895
12-01-00 08:00;22.309;20.496;20.363;20.091;19.146;19.146;18.834;18.516;18.129;17.611;16.924
12-01-00 09:00;22.35;20.535;20.402;20.129;19.183;19.183;18.87;18.551;18.165;17.646;16.956
12-01-00 10:00;22.392;20.573;20.441;20.169;19.221;19.221;18.908;18.588;18.203;17.682;16.99
12-01-00 11:00;22.433;20.613;20.48;20.209;19.26;19.26;18.946;18.626;18.241;17.719;17.026
12-01-00 12:00;22.475;20.652;20.52;20.25;19.299;19.299;18.985;18.664;18.28;17.757;17.063
12-01-00 13:00;22.517;20.692;20.561;20.29;19.338;19.338;19.024;18.702;18.319;17.794;17.098
12-01-00 14:00;22.559;20.732;20.601;20.331;19.377;19.377;19.062;18.739;18.357;17.831;17.133
12-01-00 15:00;22.601;20.772;20.641;20.372;19.416;19.416;19.101;18.777;18.395;17.868;17.167
12-01-00 16:00;22.643;20.812;20.681;20.413;19.455;19.455;19.139;18.814;18.433;17.904;17.201
12-01-00 17:00;22.685;20.852;20.721;20.453;19.493;19.493;19.177;18.851;18.471;17.94;17.234
12-01-00 18:00;22.727;20.892;20.761;20.494;19.532;19.532;19.215;18.888;18.508;17.975;17.267
12-01-00 19:00;22.768;20.931;20.801;20.534;19.57;19.57;19.253;18.925;18.546;18.011;17.3
12-01-00 20:00;22.81;20.97;20.841;20.574;19.608;19.608;19.29;18.961;18.583;18.046;17.333
12-01-00 21:00;22.851;21.01;20.88;20.614;19.646;19.646;19.328;18.998;18.62;18.082;17.367
12-01-00 22:00;22.892;21.049;20.92;20.653;19.684;19.684;19.365;19.034;18.657;18.117;17.401
12-01-00 23:00;22.933;21.088;20.959;20.693;19.721;19.721;19.402;19.07;18.694;18.154;17.436
13-01-00 00:00;22.974;21.127;20.998;20.733;19.759;19.759;19.44;19.107;18.732;18.19;17.471
13-01-00 01:00;23.017;21.166;21.038;20.773;19.797;19.797;19.477;19.144;18.769;18.227;17.506
13-01-00 02:00;23.061;21.207;21.079;20.814;19.836;19.836;19.516;19.181;18.808;18.264;17.542
13-01-00 03:00;23.106;21.249;21.121;20.857;19.876;19.876;19.555;19.219;18.847;18.302;17.579
13-01-00 04:00;23.151;21.291;21.164;20.899;19.916;19.916;19.595;19.258;18.886;18.34;17.616
13-01-00 05:00;23.197;21.334;21.206;20.943;19.957;19.957;19.635;19.298;18.927;18.38;17.654
13-01-00 06:00;23.242;21.377;21.25;20.986;19.998;19.998;19.676;19.338;18.968;18.42;17.693
13-01-00 07:00;23.288;21.42;21.293;21.03;20.04;20.04;19.718;19.379;19.009;18.46;17.733
13-01-00 08:00;23.333;21.463;21.337;21.075;20.082;20.082;19.759;19.42;19.052;18.502;17.774
13-01-00 09:00;23.379;21.507;21.381;21.119;20.125;20.125;19.802;19.461;19.094;18.544;17.816
13-01-00 10:00;23.425;21.551;21.425;21.164;20.168;20.168;19.844;19.503;19.138;18.587;17.858
13-01-00 11:00;23.47;21.595;21.47;21.209;20.211;20.211;19.887;19.546;19.182;18.631;17.902
13-01-00 12:00;23.516;21.639;21.514;21.254;20.254;20.254;19.931;19.588;19.226;18.675;17.947
13-01-00 13:00;23.562;21.683;21.559;21.299;20.298;20.298;19.974;19.632;19.271;18.719;17.991
13-01-00 14:00;23.607;21.728;21.604;21.345;20.342;20.342;20.018;19.675;19.316;18.764;18.036
13-01-00 15:00;23.653;21.772;21.649;21.39;20.386;20.386;20.062;19.718;19.36;18.808;18.08
13-01-00 16:00;23.699;21.817;21.694;21.436;20.429;20.429;20.106;19.761;19.405;18.852;18.123
13-01-00 17:00;23.744;21.861;21.739;21.481;20.472;20.472;20.149;19.804;19.449;18.896;18.167
13-01-00 18:00;23.79;21.905;21.783;21.526;20.515;20.515;20.191;19.846;19.492;18.939;18.209
13-01-00 19:00;23.835;21.949;21.827;21.57;20.557;20.557;20.233;19.888;19.535;18.981;18.251
13-01-00 20:00;23.879;21.992;21.87;21.614;20.598;20.598;20.275;19.929;19.578;19.024;18.293
13-01-00 21:00;23.924;22.035;21.914;21.658;20.64;20.64;20.317;19.97;19.62;19.065;18.335
13-01-00 22:00;23.968;22.078;21.957;21.701;20.681;20.681;20.358;20.011;19.662;19.107;18.376
13-01-00 23:00;24.013;22.121;22;21.745;20.723;20.723;20.4;20.052;19.705;19.149;18.417
14-01-00 00:00;24.057;22.164;22.044;21.79;20.766;20.766;20.442;20.094;19.747;19.191;18.458
14-01-00 01:00;24.092;22.205;22.086;21.832;20.808;20.808;20.485;20.136;19.79;19.233;18.5
14-01-00 02:00;24.121;22.24;22.122;21.87;20.847;20.847;20.524;20.175;19.831;19.274;18.54
14-01-00 03:00;24.147;22.271;22.154;21.903;20.882;20.882;20.56;20.211;19.869;19.312;18.579
14-01-00 04:00;24.171;22.3;22.183;21.933;20.914;20.914;20.592;20.245;19.904;19.347;18.615
14-01-00 05:00;24.193;22.326;22.209;21.961;20.943;20.943;20.622;20.275;19.936;19.38;18.648
14-01-00 06:00;24.214;22.35;22.234;21.986;20.97;20.97;20.65;20.303;19.965;19.409;18.678
14-01-00 07:00;24.234;22.373;22.257;22.01;20.995;20.995;20.675;20.329;19.992;19.437;18.707
14-01-00 08:00;24.253;22.395;22.279;22.033;21.018;21.018;20.699;20.353;20.018;19.463;18.733
14-01-00 09:00;24.272;22.415;22.3;22.054;21.04;21.04;20.721;20.375;20.041;19.487;18.758
14-01-00 10:00;24.29;22.434;22.32;22.074;21.061;21.061;20.742;20.397;20.064;19.51;18.782
14-01-00 11:00;24.307;22.453;22.339;22.094;21.08;21.08;20.763;20.417;20.085;19.531;18.804
14-01-00 12:00;24.324;22.471;22.357;22.113;21.099;21.099;20.782;20.436;20.105;19.552;18.825
14-01-00 13:00;24.341;22.489;22.375;22.131;21.118;21.118;20.8;20.455;20.125;19.572;18.845
14-01-00 14:00;24.357;22.506;22.392;22.148;21.135;21.135;20.818;20.473;20.143;19.591;18.865
14-01-00 15:00;24.373;22.522;22.409;22.166;21.152;21.152;20.836;20.491;20.162;19.609;18.883
14-01-00 16:00;24.389;22.539;22.426;22.182;21.169;21.169;20.852;20.507;20.179;19.627;18.901
14-01-00 17:00;24.405;22.555;22.442;22.199;21.185;21.185;20.869;20.524;20.196;19.644;18.919
14-01-00 18:00;24.42;22.571;22.458;22.215;21.201;21.201;20.885;20.54;20.213;19.661;18.936
14-01-00 19:00;24.436;22.586;22.473;22.231;21.217;21.217;20.901;20.556;20.229;19.677;18.953
14-01-00 20:00;24.451;22.601;22.489;22.247;21.232;21.232;20.916;20.571;20.245;19.693;18.969
14-01-00 21:00;24.466;22.617;22.504;22.262;21.247;21.247;20.931;20.586;20.261;19.709;18.985
14-01-00 22:00;24.481;22.631;22.519;22.278;21.262;21.262;20.946;20.601;20.276;19.724;19
14-01-00 23:00;24.496;22.646;22.534;22.293;21.277;21.277;20.961;20.616;20.292;19.74;19.016
15-01-00 00:00;24.511;22.661;22.549;22.308;21.292;21.292;20.976;20.631;20.306;19.755;19.031
15-01-00 01:00;24.523;22.675;22.563;22.322;21.306;21.306;20.99;20.645;20.321;19.769;19.046
15-01-00 02:00;24.533;22.687;22.576;22.335;21.319;21.319;21.004;20.658;20.335;19.784;19.06
15-01-00 03:00;24.543;22.698;22.587;22.346;21.331;21.331;21.016;20.671;20.348;19.797;19.074
15-01-00 04:00;24.552;22.708;22.597;22.357;21.342;21.342;21.027;20.682;20.361;19.809;19.086
15-01-00 05:00;24.561;22.718;22.607;22.367;21.353;21.353;21.038;20.693;20.372;19.821;19.098
15-01-00 06:00;24.569;22.727;22.616;22.377;21.363;21.363;21.048;20.704;20.383;19.832;19.11
15-01-00 07:00;24.577;22.736;22.625;22.386;21.372;21.372;21.058;20.713;20.393;19.842;19.12
15-01-00 08:00;24.585;22.744;22.634;22.395;21.381;21.381;21.067;20.722;20.402;19.852;19.13
15-01-00 09:00;24.592;22.752;22.642;22.403;21.389;21.389;21.075;20.731;20.411;19.861;19.14
15-01-00 10:00;24.6;22.76;22.65;22.411;21.398;21.398;21.084;20.739;20.42;19.87;19.149
15-01-00 11:00;24.607;22.768;22.658;22.419;21.405;21.405;21.092;20.748;20.429;19.879;19.158
15-01-00 12:00;24.614;22.775;22.665;22.427;21.413;21.413;21.1;20.755;20.437;19.887;19.166
15-01-00 13:00;24.621;22.782;22.672;22.434;21.421;21.421;21.107;20.763;20.445;19.895;19.175
15-01-00 14:00;24.628;22.79;22.68;22.441;21.428;21.428;21.115;20.77;20.452;19.903;19.183
15-01-00 15:00;24.635;22.797;22.687;22.449;21.435;21.435;21.122;20.778;20.46;19.91;19.19
15-01-00 16:00;24.642;22.803;22.694;22.456;21.442;21.442;21.129;20.785;20.467;19.918;19.198
15-01-00 17:00;24.648;22.81;22.701;22.463;21.449;21.449;21.136;20.791;20.474;19.925;19.205
15-01-00 18:00;24.655;22.817;22.707;22.469;21.456;21.456;21.142;20.798;20.481;19.932;19.212
15-01-00 19:00;24.662;22.823;22.714;22.476;21.462;21.462;21.149;20.805;20.488;19.938;19.219
15-01-00 20:00;24.668;22.83;22.721;22.483;21.469;21.469;21.156;20.811;20.495;19.945;19.225
15-01-00 21:00;24.675;22.836;22.727;22.489;21.475;21.475;21.162;20.818;20.501;19.952;19.232
15-01-00 22:00;24.681;22.843;22.734;22.496;21.482;21.482;21.168;20.824;20.508;19.958;19.239
15-01-00 23:00;24.688;22.849;22.74;22.502;21.488;21.488;21.175;20.83;20.514;19.965;19.245
16-01-00 00:00;24.694;22.856;22.746;22.509;21.494;21.494;21.181;20.837;20.521;19.971;19.251
16-01-00 01:00;24.697;22.861;22.752;22.515;21.5;21.5;21.187;20.843;20.527;19.977;19.258
16-01-00 02:00;24.698;22.864;22.755;22.518;21.504;21.504;21.192;20.848;20.532;19.983;19.263
16-01-00 03:00;24.697;22.866;22.757;22.52;21.508;21.508;21.195;20.851;20.536;19.987;19.268
16-01-00 04:00;24.696;22.866;22.758;22.521;21.51;21.51;21.198;20.854;20.539;19.991;19.272
16-01-00 05:00;24.694;22.866;22.757;22.521;21.511;21.511;21.199;20.856;20.541;19.993;19.275
16-01-00 06:00;24.692;22.865;22.757;22.521;21.511;21.511;21.2;20.857;20.543;19.995;19.277
16-01-00 07:00;24.689;22.864;22.755;22.52;21.511;21.511;21.199;20.857;20.543;19.996;19.279
16-01-00 08:00;24.686;22.862;22.754;22.518;21.51;21.51;21.199;20.857;20.543;19.996;19.279
16-01-00 09:00;24.683;22.86;22.751;22.516;21.508;21.508;21.198;20.856;20.542;19.995;19.28
16-01-00 10:00;24.679;22.857;22.749;22.514;21.507;21.507;21.196;20.854;20.541;19.995;19.279
16-01-00 11:00;24.676;22.854;22.746;22.511;21.505;21.505;21.194;20.853;20.54;19.993;19.278
16-01-00 12:00;24.672;22.851;22.743;22.508;21.502;21.502;21.192;20.851;20.538;19.992;19.277
16-01-00 13:00;24.668;22.848;22.74;22.505;21.5;21.5;21.19;20.849;20.536;19.99;19.276
16-01-00 14:00;24.664;22.845;22.737;22.502;21.497;21.497;21.187;20.846;20.533;19.988;19.274
16-01-00 15:00;24.66;22.841;22.733;22.498;21.494;21.494;21.184;20.843;20.531;19.985;19.272
16-01-00 16:00;24.656;22.838;22.73;22.495;21.491;21.491;21.181;20.841;20.528;19.983;19.269
16-01-00 17:00;24.651;22.834;22.726;22.491;21.488;21.488;21.178;20.838;20.525;19.98;19.267
16-01-00 18:00;24.647;22.83;22.722;22.487;21.484;21.484;21.175;20.834;20.522;19.977;19.264
16-01-00 19:00;24.643;22.826;22.718;22.483;21.481;21.481;21.171;20.831;20.518;19.974;19.261
16-01-00 20:00;24.638;22.822;22.714;22.479;21.477;21.477;21.168;20.828;20.515;19.971;19.258
16-01-00 21:00;24.634;22.818;22.71;22.475;21.473;21.473;21.164;20.824;20.511;19.967;19.255
16-01-00 22:00;24.629;22.814;22.706;22.471;21.47;21.47;21.161;20.821;20.508;19.964;19.252
16-01-00 23:00;24.625;22.81;22.702;22.467;21.466;21.466;21.157;20.817;20.504;19.96;19.248
17-01-00 00:00;24.62;22.806;22.697;22.463;21.462;21.462;21.153;20.813;20.5;19.957;19.245
17-01-00 01:00;24.613;22.801;22.693;22.458;21.458;21.458;21.149;20.809;20.496;19.953;19.241
17-01-00 02:00;24.605;22.794;22.686;22.452;21.453;21.453;21.144;20.805;20.492;19.949;19.238
17-01-00 03:00;24.595;22.787;22.679;22.444;21.446;21.446;21.138;20.799;20.486;19.944;19.233
17-01-00 04:00;24.585;22.778;22.67;22.436;21.44;21.44;21.131;20.793;20.48;19.938;19.228
17-01-00 05:00;24.575;22.769;22.662;22.428;21.432;21.432;21.124;20.786;20.473;19.931;19.222
17-01-00 06:00;24.564;22.76;22.652;22.418;21.424;21.424;21.116;20.778;20.466;19.924;19.215
17-01-00 07:00;24.553;22.75;22.643;22.409;21.415;21.415;21.108;20.771;20.458;19.917;19.208
17-01-00 08:00;24.542;22.74;22.632;22.399;21.406;21.406;21.099;20.762;20.449;19.909;19.201
17-01-00 09:00;24.53;22.73;22.622;22.388;21.397;21.397;21.09;20.753;20.441;19.9;19.193
17-01-00 10:00;24.518;22.72;22.612;22.378;21.388;21.388;21.081;20.744;20.431;19.892;19.185
17-01-00 11:00;24.507;22.709;22.601;22.367;21.378;21.378;21.071;20.735;20.422;19.883;19.176
17-01-00 12:00;24.495;22.698;22.59;22.356;21.368;21.368;21.061;20.725;20.412;19.873;19.167
17-01-00 13:00;24.483;22.687;22.579;22.345;21.358;21.358;21.051;20.716;20.403;19.864;19.158
17-01-00 14:00;24.471;22.676;22.567;22.334;21.347;21.347;21.041;20.706;20.392;19.854;19.149
17-01-00 15:00;24.459;22.664;22.556;22.322;21.337;21.337;21.031;20.696;20.382;19.844;19.139
17-01-00 16:00;24.446;22.653;22.545;22.311;21.326;21.326;21.02;20.685;20.372;19.834;19.13
17-01-00 17:00;24.434;22.641;22.533;22.299;21.315;21.315;21.01;20.675;20.361;19.824;19.12
17-01-00 18:00;24.422;22.63;22.521;22.288;21.304;21.304;20.999;20.664;20.351;19.813;19.11
17-01-00 19:00;24.409;22.618;22.51;22.276;21.293;21.293;20.988;20.654;20.34;19.803;19.1
17-01-00 20:00;24.397;22.606;22.498;22.264;21.282;21.282;20.977;20.643;20.329;19.792;19.089
17-01-00 21:00;24.384;22.595;22.486;22.252;21.271;21.271;20.966;20.632;20.318;19.781;19.079
17-01-00 22:00;24.372;22.583;22.474;22.24;21.26;21.26;20.955;20.621;20.307;19.771;19.068
17-01-00 23:00;24.359;22.571;22.462;22.228;21.249;21.249;20.944;20.61;20.296;19.76;19.058
18-01-00 00:00;24.347;22.559;22.45;22.216;21.237;21.237;20.932;20.599;20.285;19.749;19.047
18-01-00 01:00;24.331;22.546;22.437;22.203;21.226;21.226;20.921;20.588;20.273;19.738;19.036
18-01-00 02:00;24.312;22.531;22.422;22.188;21.213;21.213;20.908;20.576;20.261;19.726;19.025
18-01-00 03:00;24.293;22.514;22.405;22.172;21.198;21.198;20.894;20.563;20.248;19.713;19.013
18-01-00 04:00;24.272;22.496;22.388;22.154;21.183;21.183;20.879;20.548;20.233;19.699;19
18-01-00 05:00;24.251;22.478;22.369;22.136;21.167;21.167;20.863;20.533;20.218;19.685;18.986
18-01-00 06:00;24.23;22.458;22.35;22.117;21.149;21.149;20.847;20.517;20.201;19.669;18.972
18-01-00 07:00;24.208;22.439;22.33;22.097;21.132;21.132;20.829;20.5;20.184;19.653;18.956
18-01-00 08:00;24.185;22.419;22.31;22.077;21.113;21.113;20.811;20.482;20.167;19.636;18.94
18-01-00 09:00;24.163;22.398;22.289;22.056;21.094;21.094;20.792;20.464;20.149;19.618;18.923
18-01-00 10:00;24.14;22.377;22.268;22.035;21.075;21.075;20.773;20.446;20.13;19.6;18.906
18-01-00 11:00;24.117;22.356;22.247;22.014;21.055;21.055;20.754;20.427;20.111;19.582;18.888
18-01-00 12:00;24.094;22.334;22.225;21.992;21.035;21.035;20.734;20.408;20.091;19.563;18.87
18-01-00 13:00;24.071;22.312;22.203;21.97;21.015;21.015;20.714;20.388;20.072;19.544;18.852
18-01-00 14:00;24.047;22.291;22.181;21.948;20.995;20.995;20.694;20.369;20.052;19.524;18.833
18-01-00 15:00;24.023;22.268;22.159;21.926;20.974;20.974;20.674;20.349;20.031;19.504;18.814
18-01-00 16:00;24;22.246;22.136;21.903;20.953;20.953;20.653;20.328;20.011;19.484;18.795
18-01-00 17:00;23.976;22.224;22.114;21.881;20.932;20.932;20.632;20.308;19.99;19.464;18.775
18-01-00 18:00;23.952;22.201;22.091;21.858;20.91;20.91;20.611;20.287;19.969;19.444;18.755
18-01-00 19:00;23.928;22.178;22.068;21.835;20.889;20.889;20.59;20.266;19.948;19.423;18.735
18-01-00 20:00;23.904;22.155;22.045;21.812;20.867;20.867;20.568;20.245;19.926;19.402;18.715
18-01-00 21:00;23.879;22.133;22.022;21.789;20.846;20.846;20.547;20.224;19.905;19.381;18.694
18-01-00 22:00;23.855;22.109;21.999;21.765;20.824;20.824;20.525;20.203;19.883;19.36;18.674
18-01-00 23:00;23.83;22.086;21.976;21.742;20.802;20.802;20.503;20.182;19.861;19.338;18.653
19-01-00 00:00;23.806;22.063;21.952;21.718;20.779;20.779;20.481;20.16;19.839;19.317;18.632
19-01-00 01:00;23.781;22.04;21.929;21.695;20.757;20.757;20.459;20.138;19.817;19.295;18.611
19-01-00 02:00;23.756;22.016;21.905;21.671;20.735;20.735;20.437;20.117;19.795;19.273;18.589
19-01-00 03:00;23.731;21.992;21.881;21.647;20.712;20.712;20.414;20.095;19.773;19.251;18.568
19-01-00 04:00;23.706;21.968;21.857;21.623;20.689;20.689;20.392;20.072;19.75;19.229;18.546
19-01-00 05:00;23.68;21.944;21.833;21.598;20.667;20.667;20.369;20.05;19.727;19.207;18.525
19-01-00 06:00;23.655;21.92;21.809;21.574;20.644;20.644;20.346;20.028;19.704;19.185;18.503
19-01-00 07:00;23.63;21.896;21.785;21.55;20.62;20.62;20.323;20.005;19.682;19.162;18.481
19-01-00 08:00;23.604;21.872;21.76;21.525;20.597;20.597;20.3;19.983;19.659;19.14;18.459
19-01-00 09:00;23.578;21.848;21.736;21.501;20.574;20.574;20.277;19.96;19.636;19.117;18.438
19-01-00 10:00;23.553;21.824;21.711;21.476;20.551;20.551;20.254;19.937;19.612;19.095;18.416
19-01-00 11:00;23.527;21.799;21.687;21.451;20.527;20.527;20.231;19.915;19.589;19.072;18.394
19-01-00 12:00;23.501;21.775;21.662;21.427;20.504;20.504;20.208;19.892;19.566;19.05;18.372
19-01-00 13:00;23.475;21.75;21.638;21.402;20.481;20.481;20.185;19.869;19.543;19.027;18.35
19-01-00 14:00;23.45;21.726;21.613;21.377;20.457;20.457;20.161;19.846;19.52;19.004;18.328
19-01-00 15:00;23.424;21.701;21.588;21.352;20.433;20.433;20.138;19.823;19.496;18.981;18.306
19-01-00 16:00;23.398;21.676;21.563;21.327;20.41;20.41;20.114;19.801;19.473;18.959;18.284
19-01-00 17:00;23.371;21.652;21.539;21.302;20.386;20.386;20.091;19.777;19.449;18.936;18.261
19-01-00 18:00;23.345;21.627;21.514;21.277;20.362;20.362;20.067;19.754;19.426;18.913;18.239
19-01-00 19:00;23.319;21.602;21.489;21.252;20.338;20.338;20.044;19.731;19.402;18.889;18.216
19-01-00 20:00;23.293;21.577;21.464;21.227;20.314;20.314;20.02;19.708;19.378;18.866;18.194
19-01-00 21:00;23.266;21.552;21.438;21.201;20.29;20.29;19.996;19.685;19.355;18.843;18.171
19-01-00 22:00;23.24;21.527;21.413;21.176;20.266;20.266;19.972;19.661;19.331;18.82;18.149
19-01-00 23:00;23.214;21.502;21.388;21.151;20.242;20.242;19.948;19.638;19.307;18.796;18.126
20-01-00 00:00;23.187;21.477;21.363;21.125;20.218;20.218;19.924;19.614;19.283;18.773;18.103
20-01-00 01:00;23.16;21.452;21.337;21.099;20.194;20.194;19.9;19.591;19.259;18.749;18.08
20-01-00 02:00;23.132;21.426;21.311;21.073;20.169;20.169;19.876;19.567;19.234;18.726;18.057
20-01-00 03:00;23.104;21.399;21.285;21.047;20.144;20.144;19.851;19.543;19.21;18.702;18.034
20-01-00 04:00;23.076;21.373;21.258;21.02;20.119;20.119;19.826;19.518;19.185;18.678;18.011
20-01-00 05:00;23.047;21.346;21.231;20.993;20.093;20.093;19.801;19.494;19.16;18.653;17.987
20-01-00 06:00;23.018;21.319;21.204;20.966;20.068;20.068;19.776;19.469;19.135;18.628;17.963
20-01-00 07:00;22.99;21.292;21.177;20.938;20.042;20.042;19.75;19.444;19.109;18.604;17.939
20-01-00 08:00;22.961;21.265;21.15;20.911;20.016;20.016;19.724;19.418;19.083;18.579;17.915
20-01-00 09:00;22.932;21.238;21.122;20.883;19.989;19.989;19.698;19.393;19.058;18.553;17.891
20-01-00 10:00;22.902;21.21;21.094;20.855;19.963;19.963;19.672;19.368;19.032;18.528;17.866
20-01-00 11:00;22.873;21.183;21.067;20.828;19.936;19.936;19.646;19.342;19.005;18.503;17.841
20-01-00 12:00;22.844;21.155;21.039;20.8;19.91;19.91;19.62;19.316;18.979;18.477;17.817
20-01-00 13:00;22.815;21.127;21.011;20.771;19.883;19.883;19.593;19.29;18.953;18.451;17.792
20-01-00 14:00;22.785;21.1;20.983;20.743;19.856;19.856;19.567;19.264;18.926;18.425;17.767
20-01-00 15:00;22.756;21.072;20.955;20.715;19.829;19.829;19.54;19.238;18.899;18.399;17.741
20-01-00 16:00;22.726;21.044;20.927;20.687;19.802;19.802;19.513;19.212;18.872;18.373;17.715
20-01-00 17:00;22.696;21.016;20.899;20.658;19.775;19.775;19.486;19.185;18.845;18.346;17.69
20-01-00 18:00;22.666;20.987;20.87;20.629;19.747;19.747;19.459;19.159;18.818;18.32;17.663
20-01-00 19:00;22.636;20.959;20.842;20.601;19.72;19.72;19.432;19.132;18.791;18.293;17.637
20-01-00 20:00;22.606;20.931;20.813;20.572;19.692;19.692;19.404;19.105;18.763;18.266;17.611
20-01-00 21:00;22.576;20.902;20.785;20.543;19.664;19.664;19.377;19.078;18.735;18.238;17.584
20-01-00 22:00;22.546;20.874;20.756;20.514;19.636;19.636;19.349;19.05;18.707;18.211;17.557
20-01-00 23:00;22.516;20.845;20.727;20.484;19.608;19.608;19.321;19.023;18.679;18.183;17.529
21-01-00 00:00;22.485;20.816;20.698;20.455;19.58;19.58;19.293;18.995;18.651;18.155;17.502
21-01-00 01:00;22.457;20.787;20.669;20.426;19.552;19.552;19.265;18.968;18.622;18.127;17.475
21-01-00 02:00;22.429;20.76;20.641;20.397;19.524;19.524;19.237;18.94;18.594;18.1;17.447
21-01-00 03:00;22.402;20.733;20.614;20.37;19.497;19.497;19.21;18.913;18.566;18.072;17.42
21-01-00 04:00;22.376;20.707;20.587;20.343;19.47;19.47;19.183;18.887;18.539;18.045;17.393
21-01-00 05:00;22.349;20.681;20.561;20.316;19.443;19.443;19.156;18.861;18.512;18.018;17.367
21-01-00 06:00;22.323;20.655;20.535;20.29;19.417;19.417;19.13;18.835;18.485;17.992;17.341
21-01-00 07:00;22.297;20.629;20.509;20.263;19.392;19.392;19.105;18.81;18.459;17.966;17.315
21-01-00 08:00;22.271;20.604;20.484;20.237;19.366;19.366;19.079;18.784;18.433;17.941;17.29
21-01-00 09:00;22.245;20.579;20.458;20.212;19.341;19.341;19.054;18.76;18.407;17.915;17.265
21-01-00 10:00;22.219;20.554;20.433;20.186;19.315;19.315;19.029;18.735;18.382;17.89;17.24
21-01-00 11:00;22.194;20.529;20.408;20.16;19.29;19.29;19.004;18.71;18.357;17.865;17.216
21-01-00 12:00;22.168;20.504;20.383;20.135;19.266;19.266;18.979;18.686;18.331;17.841;17.191
21-01-00 13:00;22.142;20.479;20.358;20.11;19.241;19.241;18.955;18.662;18.306;17.816;17.167
21-01-00 14:00;22.116;20.454;20.333;20.084;19.216;19.216;18.93;18.637;18.281;17.792;17.143
21-01-00 15:00;22.091;20.43;20.308;20.059;19.191;19.191;18.906;18.613;18.257;17.767;17.119
21-01-00 16:00;22.065;20.405;20.283;20.034;19.167;19.167;18.881;18.589;18.232;17.743;17.095
21-01-00 17:00;22.039;20.38;20.258;20.009;19.142;19.142;18.857;18.565;18.207;17.719;17.072
21-01-00 18:00;22.014;20.356;20.234;19.983;19.118;19.118;18.832;18.541;18.183;17.695;17.048
21-01-00 19:00;21.988;20.331;20.209;19.958;19.093;19.093;18.808;18.518;18.158;17.671;17.025
21-01-00 20:00;21.962;20.307;20.184;19.933;19.069;19.069;18.784;18.494;18.134;17.647;17.002
21-01-00 21:00;21.936;20.282;20.159;19.908;19.044;19.044;18.76;18.47;18.109;17.624;16.979
21-01-00 22:00;21.91;20.257;20.135;19.883;19.02;19.02;18.736;18.447;18.085;17.6;16.957
21-01-00 23:00;21.885;20.233;20.11;19.858;18.996;18.996;18.712;18.424;18.061;17.577;16.935
22-01-00 00:00;21.859;20.208;20.085;19.833;18.972;18.972;18.688;18.401;18.038;17.555;16.914
22-01-00 01:00;21.833;20.184;20.061;19.808;18.948;18.948;18.665;18.378;18.014;17.532;16.893
22-01-00 02:00;21.808;20.16;20.037;19.784;18.925;18.925;18.642;18.355;17.991;17.51;16.873
22-01-00 03:00;21.783;20.136;20.013;19.76;18.901;18.901;18.619;18.333;17.969;17.489;16.854
22-01-00 04:00;21.758;20.113;19.989;19.735;18.878;18.878;18.596;18.311;17.946;17.468;16.835
22-01-00 05:00;21.733;20.089;19.965;19.712;18.855;18.855;18.574;18.29;17.924;17.448;16.816
22-01-00 06:00;21.708;20.066;19.942;19.688;18.833;18.833;18.552;18.268;17.903;17.428;16.798
22-01-00 07:00;21.683;20.043;19.918;19.664;18.81;18.81;18.53;18.247;17.882;17.408;16.781
22-01-00 08:00;21.658;20.019;19.895;19.641;18.788;18.788;18.509;18.227;17.861;17.388;16.764
22-01-00 09:00;21.633;19.996;19.872;19.618;18.766;18.766;18.487;18.206;17.84;17.369;16.747
22-01-00 10:00;21.608;19.974;19.849;19.595;18.743;18.743;18.466;18.185;17.82;17.351;16.73
22-01-00 11:00;21.583;19.951;19.826;19.572;18.722;18.722;18.445;18.165;17.799;17.332;16.714
22-01-00 12:00;21.558;19.928;19.803;19.549;18.7;18.7;18.424;18.144;17.779;17.314;16.698
22-01-00 13:00;21.533;19.905;19.781;19.525;18.678;18.678;18.403;18.124;17.759;17.295;16.683
22-01-00 14:00;21.508;19.882;19.758;19.502;18.656;18.656;18.383;18.104;17.74;17.278;16.667
22-01-00 15:00;21.483;19.859;19.735;19.479;18.635;18.635;18.362;18.083;17.72;17.26;16.652
22-01-00 16:00;21.458;19.836;19.712;19.456;18.613;18.613;18.342;18.063;17.701;17.242;16.637
22-01-00 17:00;21.433;19.814;19.689;19.433;18.592;18.592;18.321;18.043;17.681;17.224;16.622
22-01-00 18:00;21.408;19.791;19.666;19.41;18.571;18.571;18.301;18.023;17.662;17.207;16.607
22-01-00 19:00;21.383;19.768;19.643;19.387;18.55;18.55;18.281;18.003;17.643;17.189;16.592
22-01-00 20:00;21.357;19.745;19.621;19.364;18.528;18.528;18.26;17.982;17.623;17.172;16.577
22-01-00 21:00;21.329;19.723;19.598;19.342;18.508;18.508;18.24;17.963;17.604;17.154;16.562
22-01-00 22:00;21.299;19.701;19.576;19.32;18.487;18.487;18.22;17.943;17.585;17.137;16.547
22-01-00 23:00;21.268;19.679;19.554;19.298;18.467;18.467;18.201;17.923;17.566;17.12;16.532
23-01-00 00:00;21.237;19.657;19.531;19.275;18.446;18.446;18.181;17.904;17.547;17.102;16.517
23-01-00 01:00;21.206;19.634;19.509;19.252;18.425;18.425;18.16;17.884;17.528;17.084;16.502
23-01-00 02:00;21.175;19.611;19.486;19.229;18.404;18.404;18.14;17.865;17.509;17.067;16.486
23-01-00 03:00;21.143;19.587;19.462;19.205;18.383;18.383;18.12;17.845;17.49;17.049;16.47
23-01-00 04:00;21.111;19.564;19.439;19.182;18.362;18.362;18.099;17.825;17.471;17.031;16.454
23-01-00 05:00;21.079;19.54;19.415;19.158;18.34;18.34;18.079;17.806;17.452;17.014;16.438
23-01-00 06:00;21.047;19.517;19.392;19.135;18.319;18.319;18.058;17.787;17.433;16.996;16.422
23-01-00 07:00;21.015;19.493;19.368;19.111;18.298;18.298;18.038;17.767;17.414;16.978;16.405
23-01-00 08:00;20.983;19.47;19.345;19.087;18.277;18.277;18.018;17.748;17.395;16.96;16.388
23-01-00 09:00;20.951;19.446;19.321;19.063;18.255;18.255;17.997;17.729;17.375;16.941;16.371
23-01-00 10:00;20.921;19.422;19.297;19.039;18.234;18.234;17.976;17.709;17.356;16.922;16.354
23-01-00 11:00;20.895;19.396;19.271;19.014;18.212;18.212;17.955;17.689;17.336;16.903;16.336
23-01-00 12:00;20.872;19.37;19.244;18.987;18.188;18.188;17.933;17.669;17.316;16.883;16.318
23-01-00 13:00;20.85;19.345;19.218;18.961;18.166;18.166;17.911;17.648;17.295;16.863;16.3
23-01-00 14:00;20.828;19.322;19.195;18.939;18.158;18.158;17.898;17.629;17.266;16.838;16.279
23-01-00 15:00;20.809;19.304;19.178;18.924;18.155;18.155;17.893;17.624;17.276;16.879;16.275
23-01-00 16:00;20.792;19.293;19.168;18.918;18.172;18.172;17.917;17.652;17.3;16.889;16.266
23-01-00 17:00;20.778;19.285;19.16;18.912;18.172;18.172;17.918;17.655;17.302;16.889;16.261
23-01-00 18:00;20.765;19.274;19.149;18.902;18.166;18.166;17.913;17.65;17.297;16.883;16.255
23-01-00 19:00;20.75;19.26;19.135;18.889;18.157;18.157;17.904;17.642;17.289;16.875;16.247
23-01-00 20:00;20.734;19.244;19.119;18.873;18.145;18.145;17.893;17.632;17.279;16.866;16.238
23-01-00 21:00;20.716;19.226;19.101;18.855;18.131;18.131;17.881;17.62;17.268;16.855;16.229
23-01-00 22:00;20.697;19.208;19.082;18.836;18.116;18.116;17.867;17.608;17.255;16.843;16.218
23-01-00 23:00;20.678;19.188;19.062;18.816;18.1;18.1;17.852;17.594;17.241;16.83;16.207
24-01-00 00:00;20.657;19.168;19.042;18.796;18.084;18.084;17.836;17.579;17.227;16.816;16.195
24-01-00 01:00;20.637;19.148;19.022;18.776;18.067;18.067;17.821;17.564;17.212;16.802;16.182
24-01-00 02:00;20.618;19.129;19.003;18.757;18.05;18.05;17.805;17.549;17.196;16.788;16.17
24-01-00 03:00;20.599;19.111;18.985;18.739;18.034;18.034;17.789;17.535;17.181;16.774;16.157
24-01-00 04:00;20.581;19.093;18.967;18.721;18.018;18.018;17.774;17.52;17.166;16.76;16.144
24-01-00 05:00;20.563;19.075;18.949;18.703;18.003;18.003;17.759;17.506;17.152;16.747;16.132
24-01-00 06:00;20.546;19.058;18.932;18.686;17.987;17.987;17.744;17.492;17.137;16.733;16.12
24-01-00 07:00;20.528;19.041;18.915;18.669;17.972;17.972;17.729;17.478;17.123;16.72;16.108
24-01-00 08:00;20.511;19.024;18.898;18.652;17.957;17.957;17.715;17.464;17.109;16.707;16.096
24-01-00 09:00;20.494;19.007;18.881;18.635;17.942;17.942;17.7;17.45;17.095;16.694;16.084
24-01-00 10:00;20.476;18.991;18.865;18.618;17.927;17.927;17.686;17.436;17.08;16.681;16.072
24-01-00 11:00;20.459;18.974;18.848;18.601;17.911;17.911;17.671;17.421;17.066;16.668;16.06
24-01-00 12:00;20.441;18.957;18.831;18.584;17.896;17.896;17.656;17.407;17.051;16.654;16.048
24-01-00 13:00;20.424;18.94;18.814;18.567;17.881;17.881;17.641;17.393;17.036;16.641;16.035
24-01-00 14:00;20.406;18.923;18.797;18.55;17.865;17.865;17.626;17.378;17.022;16.627;16.022
24-01-00 15:00;20.389;18.906;18.78;18.532;17.85;17.85;17.611;17.364;17.006;16.613;16.008
24-01-00 16:00;20.371;18.888;18.762;18.515;17.834;17.834;17.596;17.349;16.991;16.599;15.994
24-01-00 17:00;20.354;18.871;18.745;18.498;17.818;17.818;17.58;17.334;16.975;16.584;15.98
24-01-00 18:00;20.336;18.854;18.728;18.48;17.802;17.802;17.564;17.319;16.96;16.569;15.966
24-01-00 19:00;20.318;18.836;18.71;18.462;17.786;17.786;17.549;17.303;16.944;16.554;15.951
24-01-00 20:00;20.3;18.819;18.693;18.444;17.769;17.769;17.533;17.288;16.928;16.539;15.936
24-01-00 21:00;20.282;18.801;18.675;18.426;17.753;17.753;17.516;17.272;16.911;16.523;15.92
24-01-00 22:00;20.264;18.783;18.657;18.408;17.736;17.736;17.5;17.256;16.894;16.507;15.904
24-01-00 23:00;20.246;18.765;18.639;18.39;17.719;17.719;17.483;17.239;16.877;16.491;15.888
25-01-00 00:00;20.229;18.747;18.621;18.371;17.702;17.702;17.466;17.223;16.86;16.475;15.871
25-01-00 01:00;20.211;18.729;18.603;18.353;17.684;17.684;17.449;17.206;16.843;16.458;15.854
25-01-00 02:00;20.195;18.711;18.584;18.334;17.665;17.665;17.431;17.189;16.826;16.441;15.837
25-01-00 03:00;20.179;18.693;18.566;18.315;17.647;17.647;17.413;17.172;16.809;16.424;15.819
25-01-00 04:00;20.163;18.675;18.548;18.296;17.628;17.628;17.394;17.154;16.792;16.408;15.802
25-01-00 05:00;20.147;18.657;18.53;18.277;17.609;17.609;17.375;17.136;16.774;16.39;15.785
25-01-00 06:00;20.131;18.639;18.511;18.258;17.589;17.589;17.356;17.118;16.756;16.371;15.767
25-01-00 07:00;20.115;18.621;18.493;18.239;17.569;17.569;17.336;17.099;16.737;16.352;15.75
25-01-00 08:00;20.098;18.602;18.474;18.219;17.549;17.549;17.316;17.079;16.718;16.333;15.732
25-01-00 09:00;20.082;18.583;18.455;18.199;17.529;17.529;17.295;17.06;16.698;16.313;15.713
25-01-00 10:00;20.066;18.564;18.435;18.179;17.508;17.508;17.275;17.04;16.678;16.293;15.695
25-01-00 11:00;20.05;18.545;18.416;18.158;17.487;17.487;17.253;17.019;16.658;16.272;15.676
25-01-00 12:00;20.032;18.526;18.396;18.138;17.466;17.466;17.232;16.999;16.637;16.252;15.658
25-01-00 13:00;20.013;18.507;18.377;18.117;17.445;17.445;17.211;16.978;16.617;16.231;15.638
25-01-00 14:00;19.994;18.488;18.358;18.097;17.424;17.424;17.19;16.958;16.597;16.211;15.619
25-01-00 15:00;19.974;18.468;18.338;18.076;17.402;17.402;17.169;16.938;16.577;16.191;15.6
25-01-00 16:00;19.955;18.449;18.318;18.056;17.381;17.381;17.148;16.917;16.557;16.171;15.581
25-01-00 17:00;19.935;18.429;18.299;18.035;17.36;17.36;17.127;16.897;16.537;16.151;15.562
25-01-00 18:00;19.915;18.41;18.279;18.014;17.338;17.338;17.105;16.876;16.516;16.131;15.542
25-01-00 19:00;19.896;18.39;18.259;17.993;17.317;17.317;17.084;16.856;16.497;16.112;15.523
25-01-00 20:00;19.876;18.371;18.239;17.973;17.296;17.296;17.063;16.836;16.477;16.092;15.503
25-01-00 21:00;19.856;18.351;18.22;17.952;17.274;17.274;17.042;16.815;16.457;16.073;15.484
25-01-00 22:00;19.837;18.332;18.2;17.931;17.253;17.253;17.021;16.795;16.437;16.053;15.464
25-01-00 23:00;19.817;18.312;18.181;17.911;17.232;17.232;17;16.775;16.418;16.034;15.444
26-01-00 00:00;19.797;18.293;18.161;17.89;17.211;17.211;16.979;16.755;16.398;16.015;15.424
26-01-00 01:00;19.779;18.275;18.142;17.87;17.19;17.19;16.958;16.735;16.379;15.997;15.404
26-01-00 02:00;19.761;18.257;18.123;17.85;17.169;17.169;16.937;16.715;16.359;15.978;15.384
26-01-00 03:00;19.744;18.24;18.105;17.831;17.15;17.15;16.918;16.695;16.34;15.959;15.365
26-01-00 04:00;19.728;18.225;18.088;17.813;17.132;17.132;16.899;16.677;16.32;15.939;15.345
26-01-00 05:00;19.712;18.21;18.072;17.796;17.115;17.115;16.882;16.659;16.3;15.92;15.326
26-01-00 06:00;19.697;18.196;18.056;17.779;17.098;17.098;16.865;16.641;16.281;15.902;15.308
26-01-00 07:00;19.681;18.182;18.04;17.763;17.081;17.081;16.848;16.624;16.263;15.884;15.289
26-01-00 08:00;19.666;18.169;18.025;17.747;17.065;17.065;16.831;16.607;16.245;15.866;15.271
26-01-00 09:00;19.651;18.155;18.01;17.732;17.05;17.05;16.815;16.591;16.227;15.848;15.253
26-01-00 10:00;19.636;18.142;17.996;17.716;17.034;17.034;16.8;16.575;16.21;15.831;15.235
26-01-00 11:00;19.621;18.129;17.981;17.701;17.019;17.019;16.784;16.559;16.192;15.813;15.218
26-01-00 12:00;19.606;18.117;17.967;17.686;17.004;17.004;16.769;16.543;16.175;15.796;15.201
26-01-00 13:00;19.591;18.104;17.952;17.671;16.989;16.989;16.753;16.527;16.158;15.779;15.184
26-01-00 14:00;19.576;18.092;17.938;17.656;16.973;16.973;16.738;16.511;16.141;15.762;15.167
26-01-00 15:00;19.561;18.08;17.923;17.641;16.958;16.958;16.722;16.496;16.123;15.744;15.151
26-01-00 16:00;19.546;18.069;17.909;17.625;16.943;16.943;16.707;16.48;16.106;15.727;15.134
26-01-00 17:00;19.532;18.058;17.895;17.61;16.928;16.928;16.691;16.464;16.088;15.709;15.117
26-01-00 18:00;19.518;18.047;17.88;17.595;16.912;16.912;16.675;16.447;16.07;15.69;15.1
26-01-00 19:00;19.503;18.036;17.866;17.579;16.896;16.896;16.659;16.431;16.052;15.672;15.083
26-01-00 20:00;19.489;18.025;17.853;17.564;16.881;16.881;16.643;16.414;16.034;15.653;15.065
26-01-00 21:00;19.475;18.013;17.839;17.548;16.865;16.865;16.627;16.398;16.015;15.635;15.047
26-01-00 22:00;19.46;18.002;17.825;17.533;16.85;16.85;16.612;16.382;15.997;15.617;15.03
26-01-00 23:00;19.445;17.99;17.811;17.517;16.834;16.834;16.596;16.365;15.979;15.598;15.012
27-01-00 00:00;19.431;17.978;17.798;17.5;16.819;16.819;16.58;16.349;15.961;15.58;14.995
27-01-00 01:00;19.414;17.966;17.784;17.484;16.803;16.803;16.564;16.332;15.943;15.561;14.977
27-01-00 02:00;19.396;17.953;17.769;17.467;16.787;16.787;16.547;16.315;15.924;15.542;14.959
27-01-00 03:00;19.377;17.94;17.754;17.448;16.77;16.77;16.53;16.298;15.905;15.523;14.94
27-01-00 04:00;19.358;17.926;17.739;17.429;16.752;16.752;16.512;16.28;15.885;15.503;14.921
27-01-00 05:00;19.339;17.912;17.723;17.41;16.734;16.734;16.494;16.261;15.864;15.482;14.902
27-01-00 06:00;19.319;17.898;17.707;17.39;16.716;16.716;16.475;16.242;15.843;15.461;14.882
27-01-00 07:00;19.3;17.883;17.691;17.37;16.697;16.697;16.456;16.222;15.822;15.44;14.862
27-01-00 08:00;19.28;17.868;17.675;17.349;16.677;16.677;16.436;16.202;15.8;15.418;14.842
27-01-00 09:00;19.26;17.852;17.658;17.328;16.658;16.658;16.416;16.182;15.778;15.396;14.821
27-01-00 10:00;19.239;17.836;17.641;17.308;16.638;16.638;16.396;16.161;15.755;15.373;14.8
27-01-00 11:00;19.219;17.819;17.624;17.287;16.618;16.618;16.376;16.14;15.732;15.35;14.779
27-01-00 12:00;19.198;17.801;17.606;17.266;16.598;16.598;16.355;16.119;15.709;15.327;14.757
27-01-00 13:00;19.176;17.783;17.587;17.244;16.578;16.578;16.335;16.098;15.686;15.304;14.735
27-01-00 14:00;19.155;17.763;17.568;17.223;16.557;16.557;16.314;16.076;15.663;15.28;14.714
27-01-00 15:00;19.133;17.743;17.547;17.202;16.537;16.537;16.293;16.055;15.64;15.257;14.692
27-01-00 16:00;19.111;17.722;17.525;17.18;16.516;16.516;16.272;16.033;15.616;15.233;14.67
27-01-00 17:00;19.09;17.699;17.502;17.158;16.495;16.495;16.251;16.012;15.592;15.209;14.648
27-01-00 18:00;19.067;17.676;17.478;17.137;16.475;16.475;16.229;15.99;15.569;15.185;14.625
27-01-00 19:00;19.045;17.652;17.453;17.115;16.454;16.454;16.208;15.968;15.545;15.161;14.603
27-01-00 20:00;19.022;17.627;17.429;17.093;16.432;16.432;16.186;15.945;15.521;15.137;14.58
27-01-00 21:00;18.999;17.601;17.404;17.072;16.412;16.412;16.165;15.923;15.497;15.113;14.558
27-01-00 22:00;18.975;17.575;17.379;17.05;16.39;16.39;16.143;15.901;15.473;15.089;14.535
27-01-00 23:00;18.95;17.548;17.354;17.028;16.369;16.369;16.122;15.879;15.449;15.065;14.513
28-01-00 00:00;18.925;17.523;17.329;17.005;16.348;16.348;16.1;15.856;15.424;15.04;14.49
28-01-00 01:00;18.905;17.498;17.305;16.982;16.326;16.326;16.077;15.833;15.4;15.015;14.467
28-01-00 02:00;18.887;17.477;17.283;16.961;16.304;16.304;16.055;15.81;15.375;14.99;14.444
28-01-00 03:00;18.871;17.457;17.264;16.941;16.284;16.284;16.034;15.788;15.351;14.966;14.421
28-01-00 04:00;18.856;17.44;17.247;16.922;16.264;16.264;16.014;15.767;15.328;14.942;14.399
28-01-00 05:00;18.842;17.423;17.23;16.905;16.246;16.246;15.995;15.747;15.306;14.92;14.377
28-01-00 06:00;18.828;17.408;17.215;16.888;16.228;16.228;15.977;15.728;15.285;14.898;14.357
28-01-00 07:00;18.816;17.393;17.2;16.872;16.212;16.212;15.96;15.71;15.266;14.878;14.337
28-01-00 08:00;18.803;17.379;17.186;16.857;16.196;16.196;15.943;15.693;15.247;14.858;14.318
28-01-00 09:00;18.791;17.366;17.172;16.843;16.181;16.181;15.928;15.676;15.229;14.839;14.3
28-01-00 10:00;18.779;17.353;17.159;16.829;16.167;16.167;15.912;15.661;15.211;14.821;14.283
28-01-00 11:00;18.768;17.34;17.146;16.816;16.153;16.153;15.898;15.646;15.195;14.804;14.266
28-01-00 12:00;18.756;17.328;17.134;16.803;16.139;16.139;15.884;15.631;15.179;14.788;14.25
28-01-00 13:00;18.745;17.316;17.122;16.79;16.126;16.126;15.871;15.617;15.164;14.772;14.235
28-01-00 14:00;18.734;17.304;17.111;16.778;16.114;16.114;15.858;15.603;15.149;14.756;14.22
28-01-00 15:00;18.723;17.293;17.099;16.766;16.102;16.102;15.845;15.59;15.134;14.741;14.205
28-01-00 16:00;18.713;17.282;17.088;16.755;16.09;16.09;15.833;15.577;15.12;14.726;14.191
28-01-00 17:00;18.702;17.271;17.077;16.743;16.078;16.078;15.821;15.565;15.106;14.712;14.177
28-01-00 18:00;18.692;17.26;17.066;16.732;16.067;16.067;15.809;15.552;15.093;14.698;14.163
28-01-00 19:00;18.681;17.25;17.056;16.721;16.056;16.056;15.798;15.54;15.08;14.684;14.15
28-01-00 20:00;18.671;17.239;17.045;16.71;16.045;16.045;15.786;15.528;15.067;14.671;14.137
28-01-00 21:00;18.661;17.229;17.035;16.7;16.034;16.034;15.775;15.517;15.054;14.658;14.124
28-01-00 22:00;18.651;17.218;17.024;16.689;16.023;16.023;15.764;15.505;15.042;14.645;14.111
28-01-00 23:00;18.641;17.208;17.014;16.679;16.013;16.013;15.753;15.494;15.029;14.632;14.099
29-01-00 00:00;18.631;17.198;17.004;16.668;16.002;16.002;15.743;15.483;15.017;14.619;14.086
29-01-00 01:00;18.623;17.188;16.994;16.658;15.992;15.992;15.732;15.472;15.005;14.607;14.074
29-01-00 02:00;18.618;17.18;16.986;16.649;15.982;15.982;15.722;15.461;14.994;14.594;14.062
29-01-00 03:00;18.613;17.173;16.978;16.641;15.973;15.973;15.712;15.451;14.982;14.583;14.051
29-01-00 04:00;18.609;17.166;16.972;16.634;15.965;15.965;15.704;15.442;14.972;14.572;14.039
29-01-00 05:00;18.605;17.161;16.966;16.627;15.958;15.958;15.696;15.433;14.963;14.561;14.029
29-01-00 06:00;18.602;17.156;16.961;16.622;15.951;15.951;15.689;15.426;14.954;14.552;14.019
29-01-00 07:00;18.6;17.152;16.956;16.616;15.945;15.945;15.682;15.419;14.946;14.543;14.01
29-01-00 08:00;18.597;17.148;16.952;16.612;15.939;15.939;15.676;15.412;14.938;14.535;14.002
29-01-00 09:00;18.595;17.144;16.948;16.608;15.934;15.934;15.671;15.406;14.932;14.528;13.994
29-01-00 10:00;18.593;17.141;16.945;16.604;15.93;15.93;15.666;15.401;14.925;14.521;13.987
29-01-00 11:00;18.591;17.138;16.942;16.6;15.926;15.926;15.662;15.396;14.92;14.515;13.98
29-01-00 12:00;18.589;17.135;16.939;16.597;15.922;15.922;15.657;15.391;14.914;14.509;13.974
29-01-00 13:00;18.588;17.133;16.936;16.594;15.918;15.918;15.654;15.387;14.91;14.504;13.968
29-01-00 14:00;18.586;17.13;16.934;16.591;15.915;15.915;15.65;15.383;14.905;14.499;13.963
29-01-00 15:00;18.585;17.128;16.931;16.589;15.912;15.912;15.647;15.38;14.901;14.494;13.958
29-01-00 16:00;18.584;17.126;16.929;16.587;15.909;15.909;15.644;15.377;14.897;14.49;13.953
29-01-00 17:00;18.583;17.124;16.928;16.585;15.907;15.907;15.641;15.374;14.894;14.486;13.949
29-01-00 18:00;18.582;17.123;16.926;16.583;15.904;15.904;15.638;15.371;14.89;14.482;13.945
29-01-00 19:00;18.581;17.121;16.924;16.581;15.902;15.902;15.636;15.368;14.887;14.479;13.941
29-01-00 20:00;18.58;17.12;16.923;16.579;15.9;15.9;15.634;15.366;14.884;14.476;13.938
29-01-00 21:00;18.579;17.118;16.921;16.577;15.898;15.898;15.632;15.363;14.882;14.473;13.934
29-01-00 22:00;18.578;17.117;16.92;16.576;15.896;15.896;15.63;15.361;14.879;14.47;13.931
29-01-00 23:00;18.577;17.116;16.918;16.575;15.894;15.894;15.628;15.359;14.877;14.467;13.929
30-01-00 00:00;18.576;17.115;16.917;16.573;15.893;15.893;15.626;15.357;14.875;14.465;13.926
30-01-00 01:00;18.573;17.113;16.916;16.572;15.891;15.891;15.624;15.356;14.873;14.463;13.923
30-01-00 02:00;18.567;17.11;16.913;16.569;15.889;15.889;15.623;15.354;14.871;14.46;13.921
30-01-00 03:00;18.56;17.106;16.909;16.566;15.887;15.887;15.62;15.351;14.868;14.458;13.918
30-01-00 04:00;18.553;17.101;16.904;16.561;15.883;15.883;15.616;15.348;14.864;14.454;13.915
30-01-00 05:00;18.545;17.095;16.898;16.556;15.879;15.879;15.612;15.343;14.86;14.45;13.912
30-01-00 06:00;18.536;17.088;16.892;16.55;15.874;15.874;15.607;15.338;14.855;14.445;13.907
30-01-00 07:00;18.527;17.081;16.885;16.544;15.868;15.868;15.602;15.333;14.85;14.44;13.902
30-01-00 08:00;18.518;17.073;16.877;16.537;15.862;15.862;15.596;15.327;14.843;14.434;13.897
30-01-00 09:00;18.509;17.065;16.869;16.529;15.855;15.855;15.589;15.32;14.837;14.427;13.891
30-01-00 10:00;18.499;17.056;16.861;16.521;15.848;15.848;15.582;15.313;14.829;14.42;13.885
30-01-00 11:00;18.49;17.048;16.852;16.513;15.841;15.841;15.575;15.305;14.821;14.412;13.878
30-01-00 12:00;18.48;17.039;16.844;16.505;15.833;15.833;15.567;15.297;14.813;14.404;13.87
30-01-00 13:00;18.47;17.029;16.834;16.496;15.825;15.825;15.559;15.289;14.805;14.396;13.863
30-01-00 14:00;18.459;17.02;16.825;16.487;15.817;15.817;15.551;15.281;14.796;14.387;13.855
30-01-00 15:00;18.449;17.01;16.816;16.478;15.808;15.808;15.542;15.272;14.787;14.377;13.846
30-01-00 16:00;18.439;17;16.806;16.469;15.799;15.799;15.533;15.263;14.777;14.368;13.837
30-01-00 17:00;18.428;16.991;16.796;16.459;15.79;15.79;15.524;15.253;14.767;14.358;13.829
30-01-00 18:00;18.418;16.98;16.786;16.449;15.781;15.781;15.515;15.244;14.757;14.348;13.819
30-01-00 19:00;18.407;16.97;16.776;16.44;15.772;15.772;15.505;15.234;14.747;14.338;13.81
30-01-00 20:00;18.396;16.96;16.766;16.43;15.762;15.762;15.496;15.224;14.737;14.327;13.8
30-01-00 21:00;18.385;16.95;16.756;16.42;15.752;15.752;15.486;15.214;14.726;14.317;13.79
30-01-00 22:00;18.373;16.939;16.746;16.41;15.743;15.743;15.476;15.204;14.715;14.306;13.78
30-01-00 23:00;18.361;16.929;16.736;16.4;15.733;15.733;15.466;15.194;14.705;14.295;13.77
31-01-00 00:00;18.348;16.919;16.726;16.39;15.724;15.724;15.457;15.184;14.694;14.284;13.76
