Time [yyyy-MM-dd HH:mm:ss];ObservationPoint1: Water level at (Bovenrijn_B_B_ 2148_514)_ Flow1D [m AD];ObservationPoint3: Water level at (Waal1_ 0)_ Flow1D [m AD];ObservationPoint2: Water level at (PanKan1_ 0)_ Flow1D [m AD]
29-12-99 00:00;10.996;10.996;10.996
29-12-99 01:00;10.716;10.716;10.716
29-12-99 02:00;10.698;10.698;10.698
29-12-99 03:00;10.775;10.775;10.775
29-12-99 04:00;10.854;10.854;10.854
29-12-99 05:00;10.922;10.922;10.922
29-12-99 06:00;10.979;10.979;10.979
29-12-99 07:00;11.027;11.027;11.027
29-12-99 08:00;11.067;11.067;11.067
29-12-99 09:00;11.101;11.101;11.101
29-12-99 10:00;11.131;11.131;11.131
29-12-99 11:00;11.156;11.156;11.156
29-12-99 12:00;11.178;11.178;11.178
29-12-99 13:00;11.197;11.197;11.197
29-12-99 14:00;11.213;11.213;11.213
29-12-99 15:00;11.228;11.228;11.228
29-12-99 16:00;11.241;11.241;11.241
29-12-99 17:00;11.253;11.253;11.253
29-12-99 18:00;11.264;11.264;11.264
29-12-99 19:00;11.273;11.273;11.273
29-12-99 20:00;11.282;11.282;11.282
29-12-99 21:00;11.289;11.289;11.289
29-12-99 22:00;11.296;11.296;11.296
29-12-99 23:00;11.302;11.302;11.302
30-12-99 00:00;11.308;11.308;11.308
30-12-99 01:00;11.313;11.313;11.313
30-12-99 02:00;11.318;11.318;11.318
30-12-99 03:00;11.322;11.322;11.322
30-12-99 04:00;11.326;11.326;11.326
30-12-99 05:00;11.33;11.33;11.33
30-12-99 06:00;11.333;11.333;11.333
30-12-99 07:00;11.336;11.336;11.336
30-12-99 08:00;11.339;11.339;11.339
30-12-99 09:00;11.341;11.341;11.341
30-12-99 10:00;11.344;11.344;11.344
30-12-99 11:00;11.346;11.346;11.346
30-12-99 12:00;11.348;11.348;11.348
30-12-99 13:00;11.35;11.35;11.35
30-12-99 14:00;11.351;11.351;11.351
30-12-99 15:00;11.353;11.353;11.353
30-12-99 16:00;11.354;11.354;11.354
30-12-99 17:00;11.356;11.356;11.356
30-12-99 18:00;11.357;11.357;11.357
30-12-99 19:00;11.358;11.358;11.358
30-12-99 20:00;11.359;11.359;11.359
30-12-99 21:00;11.36;11.36;11.36
30-12-99 22:00;11.361;11.361;11.361
30-12-99 23:00;11.362;11.362;11.362
31-12-99 00:00;11.362;11.362;11.362
31-12-99 01:00;11.363;11.363;11.363
31-12-99 02:00;11.364;11.364;11.364
31-12-99 03:00;11.364;11.364;11.364
31-12-99 04:00;11.365;11.365;11.365
31-12-99 05:00;11.365;11.365;11.365
31-12-99 06:00;11.366;11.366;11.366
31-12-99 07:00;11.366;11.366;11.366
31-12-99 08:00;11.367;11.367;11.367
31-12-99 09:00;11.367;11.367;11.367
31-12-99 10:00;11.367;11.367;11.367
31-12-99 11:00;11.368;11.368;11.368
31-12-99 12:00;11.368;11.368;11.368
31-12-99 13:00;11.368;11.368;11.368
31-12-99 14:00;11.368;11.368;11.368
31-12-99 15:00;11.368;11.368;11.368
31-12-99 16:00;11.369;11.369;11.369
31-12-99 17:00;11.369;11.369;11.369
31-12-99 18:00;11.369;11.369;11.369
31-12-99 19:00;11.369;11.369;11.369
31-12-99 20:00;11.369;11.369;11.369
31-12-99 21:00;11.369;11.369;11.369
31-12-99 22:00;11.37;11.37;11.37
31-12-99 23:00;11.37;11.37;11.37
01-01-00 00:00;11.37;11.37;11.37
01-01-00 01:00;11.37;11.37;11.37
01-01-00 02:00;11.37;11.37;11.37
01-01-00 03:00;11.37;11.37;11.37
01-01-00 04:00;11.369;11.369;11.369
01-01-00 05:00;11.369;11.369;11.369
01-01-00 06:00;11.369;11.369;11.369
01-01-00 07:00;11.368;11.368;11.368
01-01-00 08:00;11.368;11.368;11.368
01-01-00 09:00;11.368;11.368;11.368
01-01-00 10:00;11.367;11.367;11.367
01-01-00 11:00;11.367;11.367;11.367
01-01-00 12:00;11.367;11.367;11.367
01-01-00 13:00;11.366;11.366;11.366
01-01-00 14:00;11.366;11.366;11.366
01-01-00 15:00;11.365;11.365;11.365
01-01-00 16:00;11.365;11.365;11.365
01-01-00 17:00;11.364;11.364;11.364
01-01-00 18:00;11.364;11.364;11.364
01-01-00 19:00;11.363;11.363;11.363
01-01-00 20:00;11.363;11.363;11.363
01-01-00 21:00;11.362;11.362;11.362
01-01-00 22:00;11.362;11.362;11.362
01-01-00 23:00;11.361;11.361;11.361
02-01-00 00:00;11.361;11.361;11.361
02-01-00 01:00;11.36;11.36;11.36
02-01-00 02:00;11.359;11.359;11.359
02-01-00 03:00;11.358;11.358;11.358
02-01-00 04:00;11.357;11.357;11.357
02-01-00 05:00;11.356;11.356;11.356
02-01-00 06:00;11.354;11.354;11.354
02-01-00 07:00;11.353;11.353;11.353
02-01-00 08:00;11.352;11.352;11.352
02-01-00 09:00;11.35;11.35;11.35
02-01-00 10:00;11.349;11.349;11.349
02-01-00 11:00;11.347;11.347;11.347
02-01-00 12:00;11.345;11.345;11.345
02-01-00 13:00;11.344;11.344;11.344
02-01-00 14:00;11.342;11.342;11.342
02-01-00 15:00;11.341;11.341;11.341
02-01-00 16:00;11.339;11.339;11.339
02-01-00 17:00;11.337;11.337;11.337
02-01-00 18:00;11.336;11.336;11.336
02-01-00 19:00;11.334;11.334;11.334
02-01-00 20:00;11.332;11.332;11.332
02-01-00 21:00;11.331;11.331;11.331
02-01-00 22:00;11.329;11.329;11.329
02-01-00 23:00;11.327;11.327;11.327
03-01-00 00:00;11.326;11.326;11.326
03-01-00 01:00;11.325;11.325;11.325
03-01-00 02:00;11.326;11.326;11.326
03-01-00 03:00;11.327;11.327;11.327
03-01-00 04:00;11.329;11.329;11.329
03-01-00 05:00;11.331;11.331;11.331
03-01-00 06:00;11.334;11.334;11.334
03-01-00 07:00;11.337;11.337;11.337
03-01-00 08:00;11.34;11.34;11.34
03-01-00 09:00;11.344;11.344;11.344
03-01-00 10:00;11.347;11.347;11.347
03-01-00 11:00;11.351;11.351;11.351
03-01-00 12:00;11.355;11.355;11.355
03-01-00 13:00;11.359;11.359;11.359
03-01-00 14:00;11.363;11.363;11.363
03-01-00 15:00;11.367;11.367;11.367
03-01-00 16:00;11.371;11.371;11.371
03-01-00 17:00;11.376;11.376;11.376
03-01-00 18:00;11.38;11.38;11.38
03-01-00 19:00;11.385;11.385;11.385
03-01-00 20:00;11.389;11.389;11.389
03-01-00 21:00;11.394;11.394;11.394
03-01-00 22:00;11.399;11.399;11.399
03-01-00 23:00;11.404;11.404;11.404
04-01-00 00:00;11.408;11.408;11.408
04-01-00 01:00;11.413;11.413;11.413
04-01-00 02:00;11.418;11.418;11.418
04-01-00 03:00;11.422;11.422;11.422
04-01-00 04:00;11.426;11.426;11.426
04-01-00 05:00;11.431;11.431;11.431
04-01-00 06:00;11.435;11.435;11.435
04-01-00 07:00;11.439;11.439;11.439
04-01-00 08:00;11.444;11.444;11.444
04-01-00 09:00;11.448;11.448;11.448
04-01-00 10:00;11.452;11.452;11.452
04-01-00 11:00;11.456;11.456;11.456
04-01-00 12:00;11.46;11.46;11.46
04-01-00 13:00;11.465;11.465;11.465
04-01-00 14:00;11.469;11.469;11.469
04-01-00 15:00;11.473;11.473;11.473
04-01-00 16:00;11.477;11.477;11.477
04-01-00 17:00;11.481;11.481;11.481
04-01-00 18:00;11.486;11.486;11.486
04-01-00 19:00;11.49;11.49;11.49
04-01-00 20:00;11.494;11.494;11.494
04-01-00 21:00;11.498;11.498;11.498
04-01-00 22:00;11.503;11.503;11.503
04-01-00 23:00;11.507;11.507;11.507
05-01-00 00:00;11.511;11.511;11.511
05-01-00 01:00;11.515;11.515;11.515
05-01-00 02:00;11.518;11.518;11.518
05-01-00 03:00;11.521;11.521;11.521
05-01-00 04:00;11.524;11.524;11.524
05-01-00 05:00;11.527;11.527;11.527
05-01-00 06:00;11.529;11.529;11.529
05-01-00 07:00;11.532;11.532;11.532
05-01-00 08:00;11.534;11.534;11.534
05-01-00 09:00;11.536;11.536;11.536
05-01-00 10:00;11.538;11.538;11.538
05-01-00 11:00;11.541;11.541;11.541
05-01-00 12:00;11.543;11.543;11.543
05-01-00 13:00;11.545;11.545;11.545
05-01-00 14:00;11.547;11.547;11.547
05-01-00 15:00;11.549;11.549;11.549
05-01-00 16:00;11.551;11.551;11.551
05-01-00 17:00;11.553;11.553;11.553
05-01-00 18:00;11.555;11.555;11.555
05-01-00 19:00;11.556;11.556;11.556
05-01-00 20:00;11.558;11.558;11.558
05-01-00 21:00;11.56;11.56;11.56
05-01-00 22:00;11.562;11.562;11.562
05-01-00 23:00;11.564;11.564;11.564
06-01-00 00:00;11.565;11.565;11.565
06-01-00 01:00;11.569;11.569;11.569
06-01-00 02:00;11.576;11.576;11.576
06-01-00 03:00;11.585;11.585;11.585
06-01-00 04:00;11.594;11.594;11.594
06-01-00 05:00;11.605;11.605;11.605
06-01-00 06:00;11.616;11.616;11.616
06-01-00 07:00;11.627;11.627;11.627
06-01-00 08:00;11.639;11.639;11.639
06-01-00 09:00;11.652;11.652;11.652
06-01-00 10:00;11.665;11.665;11.665
06-01-00 11:00;11.678;11.678;11.678
06-01-00 12:00;11.692;11.692;11.692
06-01-00 13:00;11.705;11.705;11.705
06-01-00 14:00;11.719;11.719;11.719
06-01-00 15:00;11.733;11.733;11.733
06-01-00 16:00;11.748;11.748;11.748
06-01-00 17:00;11.762;11.762;11.762
06-01-00 18:00;11.777;11.777;11.777
06-01-00 19:00;11.791;11.791;11.791
06-01-00 20:00;11.806;11.806;11.806
06-01-00 21:00;11.821;11.821;11.821
06-01-00 22:00;11.836;11.836;11.836
06-01-00 23:00;11.851;11.851;11.851
07-01-00 00:00;11.866;11.866;11.866
07-01-00 01:00;11.883;11.883;11.883
07-01-00 02:00;11.904;11.904;11.904
07-01-00 03:00;11.926;11.926;11.926
07-01-00 04:00;11.949;11.949;11.949
07-01-00 05:00;11.973;11.973;11.973
07-01-00 06:00;11.998;11.998;11.998
07-01-00 07:00;12.024;12.024;12.024
07-01-00 08:00;12.05;12.05;12.05
07-01-00 09:00;12.076;12.076;12.076
07-01-00 10:00;12.103;12.103;12.103
07-01-00 11:00;12.13;12.13;12.13
07-01-00 12:00;12.157;12.157;12.157
07-01-00 13:00;12.184;12.184;12.184
07-01-00 14:00;12.211;12.211;12.211
07-01-00 15:00;12.239;12.239;12.239
07-01-00 16:00;12.266;12.266;12.266
07-01-00 17:00;12.294;12.294;12.294
07-01-00 18:00;12.322;12.322;12.322
07-01-00 19:00;12.349;12.349;12.349
07-01-00 20:00;12.377;12.377;12.377
07-01-00 21:00;12.404;12.404;12.404
07-01-00 22:00;12.432;12.432;12.432
07-01-00 23:00;12.46;12.46;12.46
08-01-00 00:00;12.487;12.487;12.487
08-01-00 01:00;12.515;12.515;12.515
08-01-00 02:00;12.543;12.543;12.543
08-01-00 03:00;12.571;12.571;12.571
08-01-00 04:00;12.599;12.599;12.599
08-01-00 05:00;12.626;12.626;12.626
08-01-00 06:00;12.654;12.654;12.654
08-01-00 07:00;12.682;12.682;12.682
08-01-00 08:00;12.709;12.709;12.709
08-01-00 09:00;12.736;12.736;12.736
08-01-00 10:00;12.763;12.763;12.763
08-01-00 11:00;12.79;12.79;12.79
08-01-00 12:00;12.816;12.816;12.816
08-01-00 13:00;12.842;12.842;12.842
08-01-00 14:00;12.869;12.869;12.869
08-01-00 15:00;12.895;12.895;12.895
08-01-00 16:00;12.92;12.92;12.92
08-01-00 17:00;12.946;12.946;12.946
08-01-00 18:00;12.972;12.972;12.972
08-01-00 19:00;12.997;12.997;12.997
08-01-00 20:00;13.022;13.022;13.022
08-01-00 21:00;13.048;13.048;13.048
08-01-00 22:00;13.073;13.073;13.073
08-01-00 23:00;13.098;13.098;13.098
09-01-00 00:00;13.123;13.123;13.123
09-01-00 01:00;13.15;13.15;13.15
09-01-00 02:00;13.179;13.179;13.179
09-01-00 03:00;13.209;13.209;13.209
09-01-00 04:00;13.24;13.24;13.24
09-01-00 05:00;13.271;13.271;13.271
09-01-00 06:00;13.302;13.302;13.302
09-01-00 07:00;13.334;13.334;13.334
09-01-00 08:00;13.366;13.366;13.366
09-01-00 09:00;13.398;13.398;13.398
09-01-00 10:00;13.431;13.431;13.431
09-01-00 11:00;13.463;13.463;13.463
09-01-00 12:00;13.495;13.495;13.495
09-01-00 13:00;13.527;13.527;13.527
09-01-00 14:00;13.559;13.559;13.559
09-01-00 15:00;13.591;13.591;13.591
09-01-00 16:00;13.622;13.622;13.622
09-01-00 17:00;13.653;13.653;13.653
09-01-00 18:00;13.684;13.684;13.684
09-01-00 19:00;13.715;13.715;13.715
09-01-00 20:00;13.746;13.746;13.746
09-01-00 21:00;13.777;13.777;13.777
09-01-00 22:00;13.808;13.808;13.808
09-01-00 23:00;13.839;13.839;13.839
10-01-00 00:00;13.869;13.869;13.869
10-01-00 01:00;13.903;13.903;13.903
10-01-00 02:00;13.942;13.942;13.942
10-01-00 03:00;13.982;13.982;13.982
10-01-00 04:00;14.024;14.024;14.024
10-01-00 05:00;14.067;14.067;14.067
10-01-00 06:00;14.111;14.111;14.111
10-01-00 07:00;14.155;14.155;14.155
10-01-00 08:00;14.199;14.199;14.199
10-01-00 09:00;14.243;14.243;14.243
10-01-00 10:00;14.287;14.287;14.287
10-01-00 11:00;14.331;14.331;14.331
10-01-00 12:00;14.374;14.374;14.374
10-01-00 13:00;14.415;14.415;14.415
10-01-00 14:00;14.456;14.456;14.456
10-01-00 15:00;14.495;14.495;14.495
10-01-00 16:00;14.532;14.532;14.532
10-01-00 17:00;14.566;14.566;14.566
10-01-00 18:00;14.599;14.599;14.599
10-01-00 19:00;14.629;14.629;14.629
10-01-00 20:00;14.658;14.658;14.658
10-01-00 21:00;14.685;14.685;14.685
10-01-00 22:00;14.711;14.711;14.711
10-01-00 23:00;14.736;14.736;14.736
11-01-00 00:00;14.761;14.761;14.761
11-01-00 01:00;14.786;14.786;14.786
11-01-00 02:00;14.811;14.811;14.811
11-01-00 03:00;14.836;14.836;14.836
11-01-00 04:00;14.859;14.859;14.859
11-01-00 05:00;14.882;14.882;14.882
11-01-00 06:00;14.904;14.904;14.904
11-01-00 07:00;14.925;14.925;14.925
11-01-00 08:00;14.947;14.947;14.947
11-01-00 09:00;14.968;14.968;14.968
11-01-00 10:00;14.988;14.988;14.988
11-01-00 11:00;15.008;15.008;15.008
11-01-00 12:00;15.027;15.027;15.027
11-01-00 13:00;15.046;15.046;15.046
11-01-00 14:00;15.064;15.064;15.064
11-01-00 15:00;15.083;15.083;15.083
11-01-00 16:00;15.101;15.101;15.101
11-01-00 17:00;15.12;15.12;15.12
11-01-00 18:00;15.138;15.138;15.138
11-01-00 19:00;15.157;15.157;15.157
11-01-00 20:00;15.175;15.175;15.175
11-01-00 21:00;15.193;15.193;15.193
11-01-00 22:00;15.21;15.21;15.21
11-01-00 23:00;15.227;15.227;15.227
12-01-00 00:00;15.244;15.244;15.244
12-01-00 01:00;15.26;15.26;15.26
12-01-00 02:00;15.277;15.277;15.277
12-01-00 03:00;15.294;15.294;15.294
12-01-00 04:00;15.312;15.312;15.312
12-01-00 05:00;15.329;15.329;15.329
12-01-00 06:00;15.347;15.347;15.347
12-01-00 07:00;15.365;15.365;15.365
12-01-00 08:00;15.383;15.383;15.383
12-01-00 09:00;15.402;15.402;15.402
12-01-00 10:00;15.42;15.42;15.42
12-01-00 11:00;15.439;15.439;15.439
12-01-00 12:00;15.459;15.459;15.459
12-01-00 13:00;15.478;15.478;15.478
12-01-00 14:00;15.498;15.498;15.498
12-01-00 15:00;15.519;15.519;15.519
12-01-00 16:00;15.539;15.539;15.539
12-01-00 17:00;15.561;15.561;15.561
12-01-00 18:00;15.583;15.583;15.583
12-01-00 19:00;15.605;15.605;15.605
12-01-00 20:00;15.628;15.628;15.628
12-01-00 21:00;15.653;15.653;15.653
12-01-00 22:00;15.677;15.677;15.677
12-01-00 23:00;15.703;15.703;15.703
13-01-00 00:00;15.73;15.73;15.73
13-01-00 01:00;15.76;15.76;15.76
13-01-00 02:00;15.793;15.793;15.793
13-01-00 03:00;15.827;15.827;15.827
13-01-00 04:00;15.862;15.862;15.862
13-01-00 05:00;15.897;15.897;15.897
13-01-00 06:00;15.934;15.934;15.934
13-01-00 07:00;15.971;15.971;15.971
13-01-00 08:00;16.01;16.01;16.01
13-01-00 09:00;16.049;16.049;16.049
13-01-00 10:00;16.088;16.088;16.088
13-01-00 11:00;16.128;16.128;16.128
13-01-00 12:00;16.168;16.168;16.168
13-01-00 13:00;16.209;16.209;16.209
13-01-00 14:00;16.25;16.25;16.25
13-01-00 15:00;16.293;16.293;16.293
13-01-00 16:00;16.336;16.336;16.336
13-01-00 17:00;16.381;16.381;16.381
13-01-00 18:00;16.425;16.425;16.425
13-01-00 19:00;16.47;16.47;16.47
13-01-00 20:00;16.514;16.514;16.514
13-01-00 21:00;16.559;16.559;16.559
13-01-00 22:00;16.604;16.604;16.604
13-01-00 23:00;16.648;16.648;16.648
14-01-00 00:00;16.693;16.693;16.693
14-01-00 01:00;16.732;16.732;16.732
14-01-00 02:00;16.766;16.766;16.766
14-01-00 03:00;16.797;16.797;16.797
14-01-00 04:00;16.826;16.826;16.826
14-01-00 05:00;16.853;16.853;16.853
14-01-00 06:00;16.879;16.879;16.879
14-01-00 07:00;16.902;16.902;16.902
14-01-00 08:00;16.923;16.923;16.923
14-01-00 09:00;16.944;16.944;16.944
14-01-00 10:00;16.964;16.964;16.964
14-01-00 11:00;16.982;16.982;16.982
14-01-00 12:00;17.001;17.001;17.001
14-01-00 13:00;17.019;17.019;17.019
14-01-00 14:00;17.037;17.037;17.037
14-01-00 15:00;17.054;17.054;17.054
14-01-00 16:00;17.072;17.072;17.072
14-01-00 17:00;17.089;17.089;17.089
14-01-00 18:00;17.106;17.106;17.106
14-01-00 19:00;17.122;17.122;17.122
14-01-00 20:00;17.139;17.139;17.139
14-01-00 21:00;17.156;17.156;17.156
14-01-00 22:00;17.172;17.172;17.172
14-01-00 23:00;17.189;17.189;17.189
15-01-00 00:00;17.205;17.205;17.205
15-01-00 01:00;17.219;17.219;17.219
15-01-00 02:00;17.231;17.231;17.231
15-01-00 03:00;17.242;17.242;17.242
15-01-00 04:00;17.252;17.252;17.252
15-01-00 05:00;17.261;17.261;17.261
15-01-00 06:00;17.27;17.27;17.27
15-01-00 07:00;17.278;17.278;17.278
15-01-00 08:00;17.287;17.287;17.287
15-01-00 09:00;17.295;17.295;17.295
15-01-00 10:00;17.302;17.302;17.302
15-01-00 11:00;17.31;17.31;17.31
15-01-00 12:00;17.317;17.317;17.317
15-01-00 13:00;17.325;17.325;17.325
15-01-00 14:00;17.332;17.332;17.332
15-01-00 15:00;17.339;17.339;17.339
15-01-00 16:00;17.346;17.346;17.346
15-01-00 17:00;17.352;17.352;17.352
15-01-00 18:00;17.359;17.359;17.359
15-01-00 19:00;17.365;17.365;17.365
15-01-00 20:00;17.371;17.371;17.371
15-01-00 21:00;17.377;17.377;17.377
15-01-00 22:00;17.383;17.383;17.383
15-01-00 23:00;17.389;17.389;17.389
16-01-00 00:00;17.395;17.395;17.395
16-01-00 01:00;17.399;17.399;17.399
16-01-00 02:00;17.402;17.402;17.402
16-01-00 03:00;17.403;17.403;17.403
16-01-00 04:00;17.403;17.403;17.403
16-01-00 05:00;17.403;17.403;17.403
16-01-00 06:00;17.403;17.403;17.403
16-01-00 07:00;17.402;17.402;17.402
16-01-00 08:00;17.401;17.401;17.401
16-01-00 09:00;17.399;17.399;17.399
16-01-00 10:00;17.398;17.398;17.398
16-01-00 11:00;17.396;17.396;17.396
16-01-00 12:00;17.394;17.394;17.394
16-01-00 13:00;17.392;17.392;17.392
16-01-00 14:00;17.39;17.39;17.39
16-01-00 15:00;17.387;17.387;17.387
16-01-00 16:00;17.385;17.385;17.385
16-01-00 17:00;17.382;17.382;17.382
16-01-00 18:00;17.38;17.38;17.38
16-01-00 19:00;17.377;17.377;17.377
16-01-00 20:00;17.374;17.374;17.374
16-01-00 21:00;17.371;17.371;17.371
16-01-00 22:00;17.369;17.369;17.369
16-01-00 23:00;17.366;17.366;17.366
17-01-00 00:00;17.363;17.363;17.363
17-01-00 01:00;17.358;17.358;17.358
17-01-00 02:00;17.351;17.351;17.351
17-01-00 03:00;17.343;17.343;17.343
17-01-00 04:00;17.335;17.335;17.335
17-01-00 05:00;17.325;17.325;17.325
17-01-00 06:00;17.316;17.316;17.316
17-01-00 07:00;17.306;17.306;17.306
17-01-00 08:00;17.295;17.295;17.295
17-01-00 09:00;17.285;17.285;17.285
17-01-00 10:00;17.274;17.274;17.274
17-01-00 11:00;17.263;17.263;17.263
17-01-00 12:00;17.251;17.251;17.251
17-01-00 13:00;17.24;17.24;17.24
17-01-00 14:00;17.229;17.229;17.229
17-01-00 15:00;17.217;17.217;17.217
17-01-00 16:00;17.205;17.205;17.205
17-01-00 17:00;17.194;17.194;17.194
17-01-00 18:00;17.182;17.182;17.182
17-01-00 19:00;17.17;17.17;17.17
17-01-00 20:00;17.158;17.158;17.158
17-01-00 21:00;17.146;17.146;17.146
17-01-00 22:00;17.134;17.134;17.134
17-01-00 23:00;17.121;17.121;17.121
18-01-00 00:00;17.109;17.109;17.109
18-01-00 01:00;17.095;17.095;17.095
18-01-00 02:00;17.08;17.08;17.08
18-01-00 03:00;17.063;17.063;17.063
18-01-00 04:00;17.046;17.046;17.046
18-01-00 05:00;17.029;17.029;17.029
18-01-00 06:00;17.011;17.011;17.011
18-01-00 07:00;16.992;16.992;16.992
18-01-00 08:00;16.974;16.974;16.974
18-01-00 09:00;16.955;16.955;16.955
18-01-00 10:00;16.936;16.936;16.936
18-01-00 11:00;16.918;16.918;16.918
18-01-00 12:00;16.899;16.899;16.899
18-01-00 13:00;16.88;16.88;16.88
18-01-00 14:00;16.861;16.861;16.861
18-01-00 15:00;16.841;16.841;16.841
18-01-00 16:00;16.822;16.822;16.822
18-01-00 17:00;16.802;16.802;16.802
18-01-00 18:00;16.783;16.783;16.783
18-01-00 19:00;16.763;16.763;16.763
18-01-00 20:00;16.743;16.743;16.743
18-01-00 21:00;16.723;16.723;16.723
18-01-00 22:00;16.702;16.702;16.702
18-01-00 23:00;16.68;16.68;16.68
19-01-00 00:00;16.659;16.659;16.659
19-01-00 01:00;16.637;16.637;16.637
19-01-00 02:00;16.615;16.615;16.615
19-01-00 03:00;16.593;16.593;16.593
19-01-00 04:00;16.57;16.57;16.57
19-01-00 05:00;16.548;16.548;16.548
19-01-00 06:00;16.525;16.525;16.525
19-01-00 07:00;16.502;16.502;16.502
19-01-00 08:00;16.479;16.479;16.479
19-01-00 09:00;16.457;16.457;16.457
19-01-00 10:00;16.434;16.434;16.434
19-01-00 11:00;16.411;16.411;16.411
19-01-00 12:00;16.388;16.388;16.388
19-01-00 13:00;16.364;16.364;16.364
19-01-00 14:00;16.341;16.341;16.341
19-01-00 15:00;16.318;16.318;16.318
19-01-00 16:00;16.295;16.295;16.295
19-01-00 17:00;16.271;16.271;16.271
19-01-00 18:00;16.248;16.248;16.248
19-01-00 19:00;16.224;16.224;16.224
19-01-00 20:00;16.201;16.201;16.201
19-01-00 21:00;16.178;16.178;16.178
19-01-00 22:00;16.154;16.154;16.154
19-01-00 23:00;16.131;16.131;16.131
20-01-00 00:00;16.108;16.108;16.108
20-01-00 01:00;16.085;16.085;16.085
20-01-00 02:00;16.063;16.063;16.063
20-01-00 03:00;16.042;16.042;16.042
20-01-00 04:00;16.021;16.021;16.021
20-01-00 05:00;16;16;16
20-01-00 06:00;15.978;15.978;15.978
20-01-00 07:00;15.958;15.958;15.958
20-01-00 08:00;15.937;15.937;15.937
20-01-00 09:00;15.916;15.916;15.916
20-01-00 10:00;15.896;15.896;15.896
20-01-00 11:00;15.876;15.876;15.876
20-01-00 12:00;15.856;15.856;15.856
20-01-00 13:00;15.836;15.836;15.836
20-01-00 14:00;15.817;15.817;15.817
20-01-00 15:00;15.798;15.798;15.798
20-01-00 16:00;15.779;15.779;15.779
20-01-00 17:00;15.76;15.76;15.76
20-01-00 18:00;15.742;15.742;15.742
20-01-00 19:00;15.724;15.724;15.724
20-01-00 20:00;15.706;15.706;15.706
20-01-00 21:00;15.688;15.688;15.688
20-01-00 22:00;15.67;15.67;15.67
20-01-00 23:00;15.653;15.653;15.653
21-01-00 00:00;15.636;15.636;15.636
21-01-00 01:00;15.618;15.618;15.618
21-01-00 02:00;15.599;15.599;15.599
21-01-00 03:00;15.581;15.581;15.581
21-01-00 04:00;15.563;15.563;15.563
21-01-00 05:00;15.545;15.545;15.545
21-01-00 06:00;15.527;15.527;15.527
21-01-00 07:00;15.51;15.51;15.51
21-01-00 08:00;15.494;15.494;15.494
21-01-00 09:00;15.477;15.477;15.477
21-01-00 10:00;15.461;15.461;15.461
21-01-00 11:00;15.445;15.445;15.445
21-01-00 12:00;15.429;15.429;15.429
21-01-00 13:00;15.413;15.413;15.413
21-01-00 14:00;15.398;15.398;15.398
21-01-00 15:00;15.382;15.382;15.382
21-01-00 16:00;15.367;15.367;15.367
21-01-00 17:00;15.351;15.351;15.351
21-01-00 18:00;15.336;15.336;15.336
21-01-00 19:00;15.321;15.321;15.321
21-01-00 20:00;15.306;15.306;15.306
21-01-00 21:00;15.291;15.291;15.291
21-01-00 22:00;15.276;15.276;15.276
21-01-00 23:00;15.261;15.261;15.261
22-01-00 00:00;15.246;15.246;15.246
22-01-00 01:00;15.232;15.232;15.232
22-01-00 02:00;15.217;15.217;15.217
22-01-00 03:00;15.203;15.203;15.203
22-01-00 04:00;15.19;15.19;15.19
22-01-00 05:00;15.176;15.176;15.176
22-01-00 06:00;15.162;15.162;15.162
22-01-00 07:00;15.148;15.148;15.148
22-01-00 08:00;15.134;15.134;15.134
22-01-00 09:00;15.12;15.12;15.12
22-01-00 10:00;15.105;15.105;15.105
22-01-00 11:00;15.091;15.091;15.091
22-01-00 12:00;15.076;15.076;15.076
22-01-00 13:00;15.061;15.061;15.061
22-01-00 14:00;15.046;15.046;15.046
22-01-00 15:00;15.03;15.03;15.03
22-01-00 16:00;15.015;15.015;15.015
22-01-00 17:00;14.999;14.999;14.999
22-01-00 18:00;14.984;14.984;14.984
22-01-00 19:00;14.968;14.968;14.968
22-01-00 20:00;14.952;14.952;14.952
22-01-00 21:00;14.937;14.937;14.937
22-01-00 22:00;14.921;14.921;14.921
22-01-00 23:00;14.905;14.905;14.905
23-01-00 00:00;14.889;14.889;14.889
23-01-00 01:00;14.874;14.874;14.874
23-01-00 02:00;14.859;14.859;14.859
23-01-00 03:00;14.845;14.845;14.845
23-01-00 04:00;14.832;14.832;14.832
23-01-00 05:00;14.818;14.818;14.818
23-01-00 06:00;14.804;14.804;14.804
23-01-00 07:00;14.791;14.791;14.791
23-01-00 08:00;14.777;14.777;14.777
23-01-00 09:00;14.763;14.763;14.763
23-01-00 10:00;14.749;14.749;14.749
23-01-00 11:00;14.735;14.735;14.735
23-01-00 12:00;14.72;14.72;14.72
23-01-00 13:00;14.706;14.706;14.706
23-01-00 14:00;14.691;14.691;14.691
23-01-00 15:00;14.676;14.676;14.676
23-01-00 16:00;14.661;14.661;14.661
23-01-00 17:00;14.646;14.646;14.646
23-01-00 18:00;14.631;14.631;14.631
23-01-00 19:00;14.616;14.616;14.616
23-01-00 20:00;14.6;14.6;14.6
23-01-00 21:00;14.584;14.584;14.584
23-01-00 22:00;14.568;14.568;14.568
23-01-00 23:00;14.551;14.551;14.551
24-01-00 00:00;14.534;14.534;14.534
24-01-00 01:00;14.516;14.516;14.516
24-01-00 02:00;14.499;14.499;14.499
24-01-00 03:00;14.481;14.481;14.481
24-01-00 04:00;14.464;14.464;14.464
24-01-00 05:00;14.446;14.446;14.446
24-01-00 06:00;14.427;14.427;14.427
24-01-00 07:00;14.409;14.409;14.409
24-01-00 08:00;14.39;14.39;14.39
24-01-00 09:00;14.372;14.372;14.372
24-01-00 10:00;14.353;14.353;14.353
24-01-00 11:00;14.333;14.333;14.333
24-01-00 12:00;14.314;14.314;14.314
24-01-00 13:00;14.295;14.295;14.295
24-01-00 14:00;14.275;14.275;14.275
24-01-00 15:00;14.255;14.255;14.255
24-01-00 16:00;14.235;14.235;14.235
24-01-00 17:00;14.214;14.214;14.214
24-01-00 18:00;14.194;14.194;14.194
24-01-00 19:00;14.173;14.173;14.173
24-01-00 20:00;14.152;14.152;14.152
24-01-00 21:00;14.13;14.13;14.13
24-01-00 22:00;14.109;14.109;14.109
24-01-00 23:00;14.087;14.087;14.087
25-01-00 00:00;14.065;14.065;14.065
25-01-00 01:00;14.043;14.043;14.043
25-01-00 02:00;14.02;14.02;14.02
25-01-00 03:00;13.998;13.998;13.998
25-01-00 04:00;13.975;13.975;13.975
25-01-00 05:00;13.952;13.952;13.952
25-01-00 06:00;13.928;13.928;13.928
25-01-00 07:00;13.905;13.905;13.905
25-01-00 08:00;13.881;13.881;13.881
25-01-00 09:00;13.857;13.857;13.857
25-01-00 10:00;13.832;13.832;13.832
25-01-00 11:00;13.808;13.808;13.808
25-01-00 12:00;13.783;13.783;13.783
25-01-00 13:00;13.758;13.758;13.758
25-01-00 14:00;13.733;13.733;13.733
25-01-00 15:00;13.708;13.708;13.708
25-01-00 16:00;13.683;13.683;13.683
25-01-00 17:00;13.657;13.657;13.657
25-01-00 18:00;13.632;13.632;13.632
25-01-00 19:00;13.606;13.606;13.606
25-01-00 20:00;13.581;13.581;13.581
25-01-00 21:00;13.555;13.555;13.555
25-01-00 22:00;13.529;13.529;13.529
25-01-00 23:00;13.503;13.503;13.503
26-01-00 00:00;13.477;13.477;13.477
26-01-00 01:00;13.452;13.452;13.452
26-01-00 02:00;13.429;13.429;13.429
26-01-00 03:00;13.406;13.406;13.406
26-01-00 04:00;13.383;13.383;13.383
26-01-00 05:00;13.361;13.361;13.361
26-01-00 06:00;13.34;13.34;13.34
26-01-00 07:00;13.318;13.318;13.318
26-01-00 08:00;13.297;13.297;13.297
26-01-00 09:00;13.276;13.276;13.276
26-01-00 10:00;13.255;13.255;13.255
26-01-00 11:00;13.234;13.234;13.234
26-01-00 12:00;13.213;13.213;13.213
26-01-00 13:00;13.193;13.193;13.193
26-01-00 14:00;13.172;13.172;13.172
26-01-00 15:00;13.152;13.152;13.152
26-01-00 16:00;13.131;13.131;13.131
26-01-00 17:00;13.111;13.111;13.111
26-01-00 18:00;13.091;13.091;13.091
26-01-00 19:00;13.07;13.07;13.07
26-01-00 20:00;13.05;13.05;13.05
26-01-00 21:00;13.029;13.029;13.029
26-01-00 22:00;13.009;13.009;13.009
26-01-00 23:00;12.988;12.988;12.988
27-01-00 00:00;12.968;12.968;12.968
27-01-00 01:00;12.948;12.948;12.948
27-01-00 02:00;12.931;12.931;12.931
27-01-00 03:00;12.914;12.914;12.914
27-01-00 04:00;12.898;12.898;12.898
27-01-00 05:00;12.882;12.882;12.882
27-01-00 06:00;12.866;12.866;12.866
27-01-00 07:00;12.851;12.851;12.851
27-01-00 08:00;12.836;12.836;12.836
27-01-00 09:00;12.821;12.821;12.821
27-01-00 10:00;12.806;12.806;12.806
27-01-00 11:00;12.792;12.792;12.792
27-01-00 12:00;12.777;12.777;12.777
27-01-00 13:00;12.762;12.762;12.762
27-01-00 14:00;12.748;12.748;12.748
27-01-00 15:00;12.733;12.733;12.733
27-01-00 16:00;12.719;12.719;12.719
27-01-00 17:00;12.704;12.704;12.704
27-01-00 18:00;12.69;12.69;12.69
27-01-00 19:00;12.675;12.675;12.675
27-01-00 20:00;12.661;12.661;12.661
27-01-00 21:00;12.646;12.646;12.646
27-01-00 22:00;12.631;12.631;12.631
27-01-00 23:00;12.616;12.616;12.616
28-01-00 00:00;12.602;12.602;12.602
28-01-00 01:00;12.587;12.587;12.587
28-01-00 02:00;12.574;12.574;12.574
28-01-00 03:00;12.56;12.56;12.56
28-01-00 04:00;12.547;12.547;12.547
28-01-00 05:00;12.534;12.534;12.534
28-01-00 06:00;12.521;12.521;12.521
28-01-00 07:00;12.508;12.508;12.508
28-01-00 08:00;12.496;12.496;12.496
28-01-00 09:00;12.483;12.483;12.483
28-01-00 10:00;12.47;12.47;12.47
28-01-00 11:00;12.457;12.457;12.457
28-01-00 12:00;12.445;12.445;12.445
28-01-00 13:00;12.432;12.432;12.432
28-01-00 14:00;12.419;12.419;12.419
28-01-00 15:00;12.406;12.406;12.406
28-01-00 16:00;12.393;12.393;12.393
28-01-00 17:00;12.38;12.38;12.38
28-01-00 18:00;12.367;12.367;12.367
28-01-00 19:00;12.354;12.354;12.354
28-01-00 20:00;12.341;12.341;12.341
28-01-00 21:00;12.328;12.328;12.328
28-01-00 22:00;12.315;12.315;12.315
28-01-00 23:00;12.302;12.302;12.302
29-01-00 00:00;12.289;12.289;12.289
29-01-00 01:00;12.276;12.276;12.276
29-01-00 02:00;12.262;12.262;12.262
29-01-00 03:00;12.249;12.249;12.249
29-01-00 04:00;12.235;12.235;12.235
29-01-00 05:00;12.222;12.222;12.222
29-01-00 06:00;12.208;12.208;12.208
29-01-00 07:00;12.195;12.195;12.195
29-01-00 08:00;12.181;12.181;12.181
29-01-00 09:00;12.167;12.167;12.167
29-01-00 10:00;12.154;12.154;12.154
29-01-00 11:00;12.14;12.14;12.14
29-01-00 12:00;12.126;12.126;12.126
29-01-00 13:00;12.112;12.112;12.112
29-01-00 14:00;12.098;12.098;12.098
29-01-00 15:00;12.084;12.084;12.084
29-01-00 16:00;12.071;12.071;12.071
29-01-00 17:00;12.057;12.057;12.057
29-01-00 18:00;12.043;12.043;12.043
29-01-00 19:00;12.029;12.029;12.029
29-01-00 20:00;12.015;12.015;12.015
29-01-00 21:00;12.001;12.001;12.001
29-01-00 22:00;11.987;11.987;11.987
29-01-00 23:00;11.973;11.973;11.973
30-01-00 00:00;11.958;11.958;11.958
30-01-00 01:00;11.946;11.946;11.946
30-01-00 02:00;11.935;11.935;11.935
30-01-00 03:00;11.925;11.925;11.925
30-01-00 04:00;11.915;11.915;11.915
30-01-00 05:00;11.907;11.907;11.907
30-01-00 06:00;11.898;11.898;11.898
30-01-00 07:00;11.89;11.89;11.89
30-01-00 08:00;11.883;11.883;11.883
30-01-00 09:00;11.875;11.875;11.875
30-01-00 10:00;11.868;11.868;11.868
30-01-00 11:00;11.861;11.861;11.861
30-01-00 12:00;11.855;11.855;11.855
30-01-00 13:00;11.848;11.848;11.848
30-01-00 14:00;11.842;11.842;11.842
30-01-00 15:00;11.836;11.836;11.836
30-01-00 16:00;11.829;11.829;11.829
30-01-00 17:00;11.823;11.823;11.823
30-01-00 18:00;11.818;11.818;11.818
30-01-00 19:00;11.812;11.812;11.812
30-01-00 20:00;11.806;11.806;11.806
30-01-00 21:00;11.801;11.801;11.801
30-01-00 22:00;11.795;11.795;11.795
30-01-00 23:00;11.79;11.79;11.79
31-01-00 00:00;11.784;11.784;11.784
