Time [yyyy-MM-dd HH:mm:ss];ObservationPoint4: Water level at (PanKan2_B_B_ 3058_477)_ Flow1D [m AD];ObservationPoint6: Water level at (Nederrijn1_ 502)_ Flow1D [m AD];ObservationPoint5: Water level at (IJssel01_ 0)_ Flow1D [m AD]
29-12-99 00:00;10.171;10.179;10.171
29-12-99 01:00;10.024;9.9656;10.024
29-12-99 02:00;9.8967;9.8402;9.8967
29-12-99 03:00;9.8823;9.8208;9.8823
29-12-99 04:00;9.9059;9.8411;9.9059
29-12-99 05:00;9.9381;9.8712;9.9381
29-12-99 06:00;9.9712;9.903;9.9712
29-12-99 07:00;10.002;9.9332;10.002
29-12-99 08:00;10.03;9.9607;10.03
29-12-99 09:00;10.055;9.9854;10.055
29-12-99 10:00;10.077;10.007;10.077
29-12-99 11:00;10.097;10.027;10.097
29-12-99 12:00;10.114;10.045;10.114
29-12-99 13:00;10.13;10.06;10.13
29-12-99 14:00;10.144;10.074;10.144
29-12-99 15:00;10.157;10.087;10.157
29-12-99 16:00;10.168;10.099;10.168
29-12-99 17:00;10.179;10.109;10.179
29-12-99 18:00;10.188;10.119;10.188
29-12-99 19:00;10.197;10.127;10.197
29-12-99 20:00;10.204;10.135;10.204
29-12-99 21:00;10.211;10.142;10.211
29-12-99 22:00;10.218;10.149;10.218
29-12-99 23:00;10.224;10.155;10.224
30-12-99 00:00;10.229;10.16;10.229
30-12-99 01:00;10.234;10.165;10.234
30-12-99 02:00;10.239;10.17;10.239
30-12-99 03:00;10.243;10.174;10.243
30-12-99 04:00;10.247;10.178;10.247
30-12-99 05:00;10.25;10.182;10.25
30-12-99 06:00;10.254;10.185;10.254
30-12-99 07:00;10.257;10.188;10.257
30-12-99 08:00;10.26;10.191;10.26
30-12-99 09:00;10.262;10.194;10.262
30-12-99 10:00;10.265;10.196;10.265
30-12-99 11:00;10.267;10.198;10.267
30-12-99 12:00;10.269;10.2;10.269
30-12-99 13:00;10.271;10.202;10.271
30-12-99 14:00;10.272;10.204;10.272
30-12-99 15:00;10.274;10.206;10.274
30-12-99 16:00;10.276;10.207;10.276
30-12-99 17:00;10.277;10.209;10.277
30-12-99 18:00;10.278;10.21;10.278
30-12-99 19:00;10.279;10.211;10.279
30-12-99 20:00;10.281;10.212;10.281
30-12-99 21:00;10.282;10.213;10.282
30-12-99 22:00;10.283;10.214;10.283
30-12-99 23:00;10.283;10.215;10.283
31-12-99 00:00;10.284;10.216;10.284
31-12-99 01:00;10.285;10.217;10.285
31-12-99 02:00;10.286;10.218;10.286
31-12-99 03:00;10.286;10.218;10.286
31-12-99 04:00;10.287;10.219;10.287
31-12-99 05:00;10.287;10.219;10.287
31-12-99 06:00;10.288;10.22;10.288
31-12-99 07:00;10.288;10.22;10.288
31-12-99 08:00;10.289;10.221;10.289
31-12-99 09:00;10.289;10.221;10.289
31-12-99 10:00;10.29;10.222;10.29
31-12-99 11:00;10.29;10.222;10.29
31-12-99 12:00;10.29;10.222;10.29
31-12-99 13:00;10.29;10.223;10.29
31-12-99 14:00;10.291;10.223;10.291
31-12-99 15:00;10.291;10.223;10.291
31-12-99 16:00;10.291;10.223;10.291
31-12-99 17:00;10.291;10.223;10.291
31-12-99 18:00;10.292;10.224;10.292
31-12-99 19:00;10.292;10.224;10.292
31-12-99 20:00;10.292;10.224;10.292
31-12-99 21:00;10.292;10.224;10.292
31-12-99 22:00;10.292;10.224;10.292
31-12-99 23:00;10.292;10.224;10.292
01-01-00 00:00;10.292;10.224;10.292
01-01-00 01:00;10.292;10.225;10.292
01-01-00 02:00;10.292;10.225;10.292
01-01-00 03:00;10.292;10.224;10.292
01-01-00 04:00;10.292;10.224;10.292
01-01-00 05:00;10.292;10.224;10.292
01-01-00 06:00;10.292;10.224;10.292
01-01-00 07:00;10.292;10.224;10.292
01-01-00 08:00;10.291;10.224;10.291
01-01-00 09:00;10.291;10.223;10.291
01-01-00 10:00;10.291;10.223;10.291
01-01-00 11:00;10.291;10.223;10.291
01-01-00 12:00;10.29;10.223;10.29
01-01-00 13:00;10.29;10.222;10.29
01-01-00 14:00;10.29;10.222;10.29
01-01-00 15:00;10.289;10.221;10.289
01-01-00 16:00;10.289;10.221;10.289
01-01-00 17:00;10.289;10.221;10.289
01-01-00 18:00;10.288;10.22;10.288
01-01-00 19:00;10.288;10.22;10.288
01-01-00 20:00;10.287;10.22;10.287
01-01-00 21:00;10.287;10.219;10.287
01-01-00 22:00;10.287;10.219;10.287
01-01-00 23:00;10.286;10.218;10.286
02-01-00 00:00;10.286;10.218;10.286
02-01-00 01:00;10.285;10.217;10.285
02-01-00 02:00;10.285;10.217;10.285
02-01-00 03:00;10.284;10.216;10.284
02-01-00 04:00;10.283;10.215;10.283
02-01-00 05:00;10.282;10.214;10.282
02-01-00 06:00;10.281;10.213;10.281
02-01-00 07:00;10.28;10.212;10.28
02-01-00 08:00;10.279;10.211;10.279
02-01-00 09:00;10.278;10.21;10.278
02-01-00 10:00;10.277;10.209;10.277
02-01-00 11:00;10.275;10.208;10.275
02-01-00 12:00;10.274;10.207;10.274
02-01-00 13:00;10.273;10.205;10.273
02-01-00 14:00;10.272;10.204;10.272
02-01-00 15:00;10.27;10.203;10.27
02-01-00 16:00;10.269;10.201;10.269
02-01-00 17:00;10.268;10.2;10.268
02-01-00 18:00;10.266;10.199;10.266
02-01-00 19:00;10.265;10.197;10.265
02-01-00 20:00;10.264;10.196;10.264
02-01-00 21:00;10.262;10.195;10.262
02-01-00 22:00;10.261;10.193;10.261
02-01-00 23:00;10.26;10.192;10.26
03-01-00 00:00;10.258;10.191;10.258
03-01-00 01:00;10.257;10.19;10.257
03-01-00 02:00;10.257;10.189;10.257
03-01-00 03:00;10.257;10.19;10.257
03-01-00 04:00;10.258;10.19;10.258
03-01-00 05:00;10.26;10.192;10.26
03-01-00 06:00;10.261;10.193;10.261
03-01-00 07:00;10.263;10.195;10.263
03-01-00 08:00;10.266;10.198;10.266
03-01-00 09:00;10.268;10.2;10.268
03-01-00 10:00;10.271;10.203;10.271
03-01-00 11:00;10.274;10.206;10.274
03-01-00 12:00;10.277;10.209;10.277
03-01-00 13:00;10.28;10.212;10.28
03-01-00 14:00;10.284;10.216;10.284
03-01-00 15:00;10.287;10.219;10.287
03-01-00 16:00;10.291;10.223;10.291
03-01-00 17:00;10.295;10.227;10.295
03-01-00 18:00;10.299;10.231;10.299
03-01-00 19:00;10.303;10.235;10.303
03-01-00 20:00;10.307;10.239;10.307
03-01-00 21:00;10.311;10.243;10.311
03-01-00 22:00;10.316;10.247;10.316
03-01-00 23:00;10.32;10.252;10.32
04-01-00 00:00;10.325;10.256;10.325
04-01-00 01:00;10.329;10.261;10.329
04-01-00 02:00;10.334;10.265;10.334
04-01-00 03:00;10.338;10.269;10.338
04-01-00 04:00;10.342;10.274;10.342
04-01-00 05:00;10.346;10.278;10.346
04-01-00 06:00;10.351;10.282;10.351
04-01-00 07:00;10.355;10.287;10.355
04-01-00 08:00;10.359;10.291;10.359
04-01-00 09:00;10.364;10.295;10.364
04-01-00 10:00;10.368;10.299;10.368
04-01-00 11:00;10.372;10.304;10.372
04-01-00 12:00;10.376;10.308;10.376
04-01-00 13:00;10.381;10.312;10.381
04-01-00 14:00;10.385;10.316;10.385
04-01-00 15:00;10.389;10.321;10.389
04-01-00 16:00;10.393;10.325;10.393
04-01-00 17:00;10.398;10.329;10.398
04-01-00 18:00;10.402;10.334;10.402
04-01-00 19:00;10.406;10.338;10.406
04-01-00 20:00;10.411;10.342;10.411
04-01-00 21:00;10.415;10.347;10.415
04-01-00 22:00;10.419;10.351;10.419
04-01-00 23:00;10.424;10.355;10.424
05-01-00 00:00;10.428;10.36;10.428
05-01-00 01:00;10.433;10.364;10.433
05-01-00 02:00;10.437;10.368;10.437
05-01-00 03:00;10.44;10.372;10.44
05-01-00 04:00;10.444;10.376;10.444
05-01-00 05:00;10.447;10.379;10.447
05-01-00 06:00;10.451;10.382;10.451
05-01-00 07:00;10.454;10.386;10.454
05-01-00 08:00;10.457;10.389;10.457
05-01-00 09:00;10.46;10.392;10.46
05-01-00 10:00;10.463;10.395;10.463
05-01-00 11:00;10.465;10.397;10.465
05-01-00 12:00;10.468;10.4;10.468
05-01-00 13:00;10.471;10.403;10.471
05-01-00 14:00;10.474;10.406;10.474
05-01-00 15:00;10.476;10.408;10.476
05-01-00 16:00;10.479;10.411;10.479
05-01-00 17:00;10.481;10.413;10.481
05-01-00 18:00;10.484;10.416;10.484
05-01-00 19:00;10.486;10.418;10.486
05-01-00 20:00;10.489;10.421;10.489
05-01-00 21:00;10.491;10.423;10.491
05-01-00 22:00;10.493;10.425;10.493
05-01-00 23:00;10.496;10.428;10.496
06-01-00 00:00;10.498;10.43;10.498
06-01-00 01:00;10.5;10.432;10.5
06-01-00 02:00;10.504;10.436;10.504
06-01-00 03:00;10.509;10.441;10.509
06-01-00 04:00;10.515;10.447;10.515
06-01-00 05:00;10.521;10.453;10.521
06-01-00 06:00;10.529;10.46;10.529
06-01-00 07:00;10.536;10.468;10.536
06-01-00 08:00;10.545;10.476;10.545
06-01-00 09:00;10.553;10.485;10.553
06-01-00 10:00;10.562;10.494;10.562
06-01-00 11:00;10.572;10.503;10.572
06-01-00 12:00;10.581;10.512;10.581
06-01-00 13:00;10.591;10.522;10.591
06-01-00 14:00;10.601;10.532;10.601
06-01-00 15:00;10.611;10.542;10.611
06-01-00 16:00;10.621;10.553;10.621
06-01-00 17:00;10.632;10.563;10.632
06-01-00 18:00;10.643;10.574;10.643
06-01-00 19:00;10.653;10.584;10.653
06-01-00 20:00;10.664;10.595;10.664
06-01-00 21:00;10.675;10.606;10.675
06-01-00 22:00;10.687;10.617;10.687
06-01-00 23:00;10.698;10.629;10.698
07-01-00 00:00;10.709;10.64;10.709
07-01-00 01:00;10.72;10.651;10.72
07-01-00 02:00;10.733;10.664;10.733
07-01-00 03:00;10.747;10.678;10.747
07-01-00 04:00;10.762;10.692;10.762
07-01-00 05:00;10.777;10.708;10.777
07-01-00 06:00;10.794;10.724;10.794
07-01-00 07:00;10.81;10.741;10.81
07-01-00 08:00;10.828;10.758;10.828
07-01-00 09:00;10.845;10.776;10.845
07-01-00 10:00;10.863;10.793;10.863
07-01-00 11:00;10.881;10.812;10.881
07-01-00 12:00;10.9;10.83;10.9
07-01-00 13:00;10.918;10.849;10.918
07-01-00 14:00;10.937;10.867;10.937
07-01-00 15:00;10.956;10.886;10.956
07-01-00 16:00;10.974;10.905;10.974
07-01-00 17:00;10.993;10.923;10.993
07-01-00 18:00;11.012;10.942;11.012
07-01-00 19:00;11.03;10.961;11.03
07-01-00 20:00;11.049;10.979;11.049
07-01-00 21:00;11.068;10.998;11.068
07-01-00 22:00;11.086;11.017;11.086
07-01-00 23:00;11.105;11.035;11.105
08-01-00 00:00;11.123;11.054;11.123
08-01-00 01:00;11.142;11.072;11.142
08-01-00 02:00;11.16;11.091;11.16
08-01-00 03:00;11.179;11.11;11.179
08-01-00 04:00;11.198;11.128;11.198
08-01-00 05:00;11.216;11.147;11.216
08-01-00 06:00;11.234;11.165;11.234
08-01-00 07:00;11.253;11.183;11.253
08-01-00 08:00;11.271;11.202;11.271
08-01-00 09:00;11.289;11.22;11.289
08-01-00 10:00;11.308;11.239;11.308
08-01-00 11:00;11.326;11.257;11.326
08-01-00 12:00;11.345;11.276;11.345
08-01-00 13:00;11.363;11.294;11.363
08-01-00 14:00;11.381;11.313;11.381
08-01-00 15:00;11.4;11.331;11.4
08-01-00 16:00;11.417;11.349;11.417
08-01-00 17:00;11.435;11.367;11.435
08-01-00 18:00;11.453;11.385;11.453
08-01-00 19:00;11.471;11.402;11.471
08-01-00 20:00;11.488;11.42;11.488
08-01-00 21:00;11.505;11.437;11.505
08-01-00 22:00;11.522;11.454;11.522
08-01-00 23:00;11.54;11.472;11.54
09-01-00 00:00;11.557;11.489;11.557
09-01-00 01:00;11.573;11.506;11.573
09-01-00 02:00;11.59;11.523;11.59
09-01-00 03:00;11.608;11.54;11.608
09-01-00 04:00;11.626;11.558;11.626
09-01-00 05:00;11.644;11.576;11.644
09-01-00 06:00;11.662;11.595;11.662
09-01-00 07:00;11.681;11.613;11.681
09-01-00 08:00;11.7;11.632;11.7
09-01-00 09:00;11.718;11.651;11.718
09-01-00 10:00;11.738;11.67;11.738
09-01-00 11:00;11.757;11.689;11.757
09-01-00 12:00;11.776;11.708;11.776
09-01-00 13:00;11.795;11.728;11.795
09-01-00 14:00;11.814;11.747;11.814
09-01-00 15:00;11.833;11.766;11.833
09-01-00 16:00;11.853;11.785;11.853
09-01-00 17:00;11.872;11.805;11.872
09-01-00 18:00;11.891;11.824;11.891
09-01-00 19:00;11.909;11.842;11.909
09-01-00 20:00;11.928;11.861;11.928
09-01-00 21:00;11.947;11.88;11.947
09-01-00 22:00;11.966;11.899;11.966
09-01-00 23:00;11.985;11.918;11.985
10-01-00 00:00;12.004;11.937;12.004
10-01-00 01:00;12.023;11.956;12.023
10-01-00 02:00;12.042;11.975;12.042
10-01-00 03:00;12.062;11.995;12.062
10-01-00 04:00;12.083;12.016;12.083
10-01-00 05:00;12.105;12.038;12.105
10-01-00 06:00;12.127;12.06;12.127
10-01-00 07:00;12.15;12.083;12.15
10-01-00 08:00;12.173;12.106;12.173
10-01-00 09:00;12.198;12.13;12.198
10-01-00 10:00;12.223;12.155;12.223
10-01-00 11:00;12.25;12.182;12.25
10-01-00 12:00;12.278;12.21;12.278
10-01-00 13:00;12.308;12.24;12.308
10-01-00 14:00;12.341;12.272;12.341
10-01-00 15:00;12.377;12.307;12.377
10-01-00 16:00;12.414;12.344;12.414
10-01-00 17:00;12.454;12.383;12.454
10-01-00 18:00;12.494;12.423;12.494
10-01-00 19:00;12.534;12.463;12.534
10-01-00 20:00;12.574;12.503;12.574
10-01-00 21:00;12.61;12.539;12.61
10-01-00 22:00;12.65;12.578;12.65
10-01-00 23:00;12.692;12.618;12.692
11-01-00 00:00;12.734;12.658;12.734
11-01-00 01:00;12.775;12.697;12.775
11-01-00 02:00;12.816;12.736;12.816
11-01-00 03:00;12.855;12.775;12.855
11-01-00 04:00;12.894;12.813;12.894
11-01-00 05:00;12.932;12.85;12.932
11-01-00 06:00;12.969;12.886;12.969
11-01-00 07:00;13.005;12.922;13.005
11-01-00 08:00;13.042;12.959;13.042
11-01-00 09:00;13.077;12.996;13.077
11-01-00 10:00;13.112;13.032;13.112
11-01-00 11:00;13.146;13.069;13.146
11-01-00 12:00;13.179;13.105;13.179
11-01-00 13:00;13.212;13.14;13.212
11-01-00 14:00;13.242;13.174;13.242
11-01-00 15:00;13.272;13.207;13.272
11-01-00 16:00;13.3;13.238;13.3
11-01-00 17:00;13.327;13.268;13.327
11-01-00 18:00;13.352;13.296;13.352
11-01-00 19:00;13.376;13.322;13.376
11-01-00 20:00;13.398;13.347;13.398
11-01-00 21:00;13.419;13.369;13.419
11-01-00 22:00;13.439;13.391;13.439
11-01-00 23:00;13.459;13.413;13.459
12-01-00 00:00;13.478;13.434;13.478
12-01-00 01:00;13.498;13.455;13.498
12-01-00 02:00;13.518;13.475;13.518
12-01-00 03:00;13.538;13.497;13.538
12-01-00 04:00;13.56;13.519;13.56
12-01-00 05:00;13.582;13.542;13.582
12-01-00 06:00;13.606;13.565;13.606
12-01-00 07:00;13.63;13.589;13.63
12-01-00 08:00;13.655;13.614;13.655
12-01-00 09:00;13.68;13.638;13.68
12-01-00 10:00;13.706;13.664;13.706
12-01-00 11:00;13.732;13.689;13.732
12-01-00 12:00;13.759;13.715;13.759
12-01-00 13:00;13.785;13.74;13.785
12-01-00 14:00;13.81;13.766;13.81
12-01-00 15:00;13.832;13.788;13.832
12-01-00 16:00;13.852;13.81;13.852
12-01-00 17:00;13.871;13.83;13.871
12-01-00 18:00;13.89;13.849;13.89
12-01-00 19:00;13.908;13.868;13.908
12-01-00 20:00;13.926;13.887;13.926
12-01-00 21:00;13.944;13.906;13.944
12-01-00 22:00;13.963;13.925;13.963
12-01-00 23:00;13.981;13.944;13.981
13-01-00 00:00;14;13.963;14
13-01-00 01:00;14.02;13.983;14.02
13-01-00 02:00;14.041;14.004;14.041
13-01-00 03:00;14.063;14.027;14.063
13-01-00 04:00;14.085;14.05;14.085
13-01-00 05:00;14.109;14.074;14.109
13-01-00 06:00;14.133;14.098;14.133
13-01-00 07:00;14.157;14.123;14.157
13-01-00 08:00;14.182;14.148;14.182
13-01-00 09:00;14.207;14.174;14.207
13-01-00 10:00;14.232;14.199;14.232
13-01-00 11:00;14.257;14.225;14.257
13-01-00 12:00;14.283;14.251;14.283
13-01-00 13:00;14.308;14.277;14.308
13-01-00 14:00;14.335;14.304;14.335
13-01-00 15:00;14.362;14.332;14.362
13-01-00 16:00;14.391;14.361;14.391
13-01-00 17:00;14.42;14.391;14.42
13-01-00 18:00;14.45;14.422;14.45
13-01-00 19:00;14.481;14.453;14.481
13-01-00 20:00;14.513;14.485;14.513
13-01-00 21:00;14.546;14.518;14.546
13-01-00 22:00;14.579;14.553;14.579
13-01-00 23:00;14.615;14.587;14.615
14-01-00 00:00;14.654;14.624;14.654
14-01-00 01:00;14.695;14.662;14.695
14-01-00 02:00;14.735;14.699;14.735
14-01-00 03:00;14.772;14.734;14.772
14-01-00 04:00;14.808;14.768;14.808
14-01-00 05:00;14.83;14.79;14.83
14-01-00 06:00;14.845;14.805;14.845
14-01-00 07:00;14.858;14.817;14.858
14-01-00 08:00;14.868;14.826;14.868
14-01-00 09:00;14.87;14.829;14.87
14-01-00 10:00;14.874;14.836;14.874
14-01-00 11:00;14.889;14.852;14.889
14-01-00 12:00;14.911;14.87;14.911
14-01-00 13:00;14.924;14.879;14.924
14-01-00 14:00;14.931;14.885;14.931
14-01-00 15:00;14.938;14.892;14.938
14-01-00 16:00;14.947;14.9;14.947
14-01-00 17:00;14.958;14.91;14.958
14-01-00 18:00;14.969;14.92;14.969
14-01-00 19:00;14.981;14.93;14.981
14-01-00 20:00;14.993;14.941;14.993
14-01-00 21:00;15.006;14.952;15.006
14-01-00 22:00;15.018;14.964;15.018
14-01-00 23:00;15.031;14.975;15.031
15-01-00 00:00;15.045;14.987;15.045
15-01-00 01:00;15.058;14.999;15.058
15-01-00 02:00;15.071;15.01;15.071
15-01-00 03:00;15.085;15.022;15.085
15-01-00 04:00;15.098;15.033;15.098
15-01-00 05:00;15.11;15.044;15.11
15-01-00 06:00;15.122;15.055;15.122
15-01-00 07:00;15.134;15.065;15.134
15-01-00 08:00;15.145;15.074;15.145
15-01-00 09:00;15.155;15.084;15.155
15-01-00 10:00;15.166;15.093;15.166
15-01-00 11:00;15.176;15.101;15.176
15-01-00 12:00;15.186;15.11;15.186
15-01-00 13:00;15.195;15.118;15.195
15-01-00 14:00;15.205;15.126;15.205
15-01-00 15:00;15.214;15.135;15.214
15-01-00 16:00;15.222;15.143;15.222
15-01-00 17:00;15.229;15.15;15.229
15-01-00 18:00;15.236;15.157;15.236
15-01-00 19:00;15.243;15.164;15.243
15-01-00 20:00;15.249;15.17;15.249
15-01-00 21:00;15.256;15.177;15.256
15-01-00 22:00;15.262;15.183;15.262
15-01-00 23:00;15.268;15.189;15.268
16-01-00 00:00;15.274;15.195;15.274
16-01-00 01:00;15.28;15.201;15.28
16-01-00 02:00;15.285;15.206;15.285
16-01-00 03:00;15.289;15.21;15.289
16-01-00 04:00;15.292;15.213;15.292
16-01-00 05:00;15.294;15.215;15.294
16-01-00 06:00;15.296;15.217;15.296
16-01-00 07:00;15.297;15.218;15.297
16-01-00 08:00;15.297;15.219;15.297
16-01-00 09:00;15.298;15.219;15.298
16-01-00 10:00;15.298;15.219;15.298
16-01-00 11:00;15.298;15.219;15.298
16-01-00 12:00;15.297;15.219;15.297
16-01-00 13:00;15.297;15.218;15.297
16-01-00 14:00;15.296;15.217;15.296
16-01-00 15:00;15.295;15.216;15.295
16-01-00 16:00;15.294;15.215;15.294
16-01-00 17:00;15.292;15.214;15.292
16-01-00 18:00;15.291;15.212;15.291
16-01-00 19:00;15.289;15.211;15.289
16-01-00 20:00;15.287;15.209;15.287
16-01-00 21:00;15.286;15.207;15.286
16-01-00 22:00;15.284;15.205;15.284
16-01-00 23:00;15.282;15.204;15.282
17-01-00 00:00;15.28;15.201;15.28
17-01-00 01:00;15.277;15.199;15.277
17-01-00 02:00;15.274;15.196;15.274
17-01-00 03:00;15.269;15.191;15.269
17-01-00 04:00;15.264;15.186;15.264
17-01-00 05:00;15.258;15.18;15.258
17-01-00 06:00;15.251;15.174;15.251
17-01-00 07:00;15.244;15.167;15.244
17-01-00 08:00;15.236;15.16;15.236
17-01-00 09:00;15.226;15.151;15.226
17-01-00 10:00;15.216;15.142;15.216
17-01-00 11:00;15.207;15.134;15.207
17-01-00 12:00;15.198;15.126;15.198
17-01-00 13:00;15.188;15.118;15.188
17-01-00 14:00;15.179;15.11;15.179
17-01-00 15:00;15.169;15.102;15.169
17-01-00 16:00;15.159;15.093;15.159
17-01-00 17:00;15.149;15.084;15.149
17-01-00 18:00;15.139;15.076;15.139
17-01-00 19:00;15.129;15.067;15.129
17-01-00 20:00;15.118;15.058;15.118
17-01-00 21:00;15.108;15.048;15.108
17-01-00 22:00;15.097;15.039;15.097
17-01-00 23:00;15.087;15.03;15.087
18-01-00 00:00;15.076;15.021;15.076
18-01-00 01:00;15.066;15.012;15.066
18-01-00 02:00;15.055;15.002;15.055
18-01-00 03:00;15.043;14.992;15.043
18-01-00 04:00;15.031;14.981;15.031
18-01-00 05:00;15.019;14.97;15.019
18-01-00 06:00;15.006;14.959;15.006
18-01-00 07:00;14.994;14.948;14.994
18-01-00 08:00;14.982;14.938;14.982
18-01-00 09:00;14.971;14.927;14.971
18-01-00 10:00;14.96;14.917;14.96
18-01-00 11:00;14.949;14.908;14.949
18-01-00 12:00;14.94;14.9;14.94
18-01-00 13:00;14.93;14.89;14.93
18-01-00 14:00;14.92;14.881;14.92
18-01-00 15:00;14.911;14.873;14.911
18-01-00 16:00;14.902;14.865;14.902
18-01-00 17:00;14.894;14.857;14.894
18-01-00 18:00;14.885;14.849;14.885
18-01-00 19:00;14.875;14.84;14.875
18-01-00 20:00;14.859;14.826;14.859
18-01-00 21:00;14.842;14.81;14.842
18-01-00 22:00;14.823;14.793;14.823
18-01-00 23:00;14.803;14.775;14.803
19-01-00 00:00;14.784;14.757;14.784
19-01-00 01:00;14.764;14.738;14.764
19-01-00 02:00;14.744;14.719;14.744
19-01-00 03:00;14.725;14.7;14.725
19-01-00 04:00;14.706;14.682;14.706
19-01-00 05:00;14.688;14.663;14.688
19-01-00 06:00;14.67;14.645;14.67
19-01-00 07:00;14.652;14.626;14.652
19-01-00 08:00;14.633;14.608;14.633
19-01-00 09:00;14.615;14.589;14.615
19-01-00 10:00;14.597;14.571;14.597
19-01-00 11:00;14.58;14.553;14.58
19-01-00 12:00;14.562;14.535;14.562
19-01-00 13:00;14.544;14.517;14.544
19-01-00 14:00;14.526;14.499;14.526
19-01-00 15:00;14.508;14.481;14.508
19-01-00 16:00;14.491;14.463;14.491
19-01-00 17:00;14.475;14.446;14.475
19-01-00 18:00;14.458;14.429;14.458
19-01-00 19:00;14.441;14.412;14.441
19-01-00 20:00;14.425;14.396;14.425
19-01-00 21:00;14.408;14.379;14.408
19-01-00 22:00;14.392;14.362;14.392
19-01-00 23:00;14.376;14.346;14.376
20-01-00 00:00;14.359;14.329;14.359
20-01-00 01:00;14.343;14.313;14.343
20-01-00 02:00;14.328;14.297;14.328
20-01-00 03:00;14.312;14.281;14.312
20-01-00 04:00;14.297;14.266;14.297
20-01-00 05:00;14.283;14.251;14.283
20-01-00 06:00;14.269;14.237;14.269
20-01-00 07:00;14.254;14.222;14.254
20-01-00 08:00;14.24;14.208;14.24
20-01-00 09:00;14.226;14.194;14.226
20-01-00 10:00;14.213;14.18;14.213
20-01-00 11:00;14.199;14.166;14.199
20-01-00 12:00;14.185;14.152;14.185
20-01-00 13:00;14.172;14.138;14.172
20-01-00 14:00;14.158;14.124;14.158
20-01-00 15:00;14.144;14.11;14.144
20-01-00 16:00;14.131;14.096;14.131
20-01-00 17:00;14.118;14.083;14.118
20-01-00 18:00;14.104;14.069;14.104
20-01-00 19:00;14.091;14.056;14.091
20-01-00 20:00;14.078;14.042;14.078
20-01-00 21:00;14.065;14.029;14.065
20-01-00 22:00;14.052;14.015;14.052
20-01-00 23:00;14.039;14.002;14.039
21-01-00 00:00;14.026;13.989;14.026
21-01-00 01:00;14.012;13.975;14.012
21-01-00 02:00;13.999;13.962;13.999
21-01-00 03:00;13.985;13.948;13.985
21-01-00 04:00;13.972;13.934;13.972
21-01-00 05:00;13.958;13.92;13.958
21-01-00 06:00;13.944;13.905;13.944
21-01-00 07:00;13.93;13.891;13.93
21-01-00 08:00;13.916;13.876;13.916
21-01-00 09:00;13.901;13.861;13.901
21-01-00 10:00;13.886;13.845;13.886
21-01-00 11:00;13.87;13.829;13.87
21-01-00 12:00;13.855;13.813;13.855
21-01-00 13:00;13.837;13.796;13.837
21-01-00 14:00;13.818;13.778;13.818
21-01-00 15:00;13.799;13.759;13.799
21-01-00 16:00;13.779;13.74;13.779
21-01-00 17:00;13.759;13.72;13.759
21-01-00 18:00;13.739;13.7;13.739
21-01-00 19:00;13.718;13.68;13.718
21-01-00 20:00;13.698;13.66;13.698
21-01-00 21:00;13.677;13.64;13.677
21-01-00 22:00;13.657;13.62;13.657
21-01-00 23:00;13.638;13.6;13.638
22-01-00 00:00;13.619;13.581;13.619
22-01-00 01:00;13.6;13.563;13.6
22-01-00 02:00;13.582;13.545;13.582
22-01-00 03:00;13.566;13.528;13.566
22-01-00 04:00;13.55;13.512;13.55
22-01-00 05:00;13.534;13.496;13.534
22-01-00 06:00;13.52;13.481;13.52
22-01-00 07:00;13.507;13.467;13.507
22-01-00 08:00;13.495;13.454;13.495
22-01-00 09:00;13.482;13.44;13.482
22-01-00 10:00;13.47;13.427;13.47
22-01-00 11:00;13.458;13.414;13.458
22-01-00 12:00;13.446;13.401;13.446
22-01-00 13:00;13.433;13.387;13.433
22-01-00 14:00;13.42;13.373;13.42
22-01-00 15:00;13.407;13.359;13.407
22-01-00 16:00;13.393;13.344;13.393
22-01-00 17:00;13.379;13.329;13.379
22-01-00 18:00;13.364;13.313;13.364
22-01-00 19:00;13.349;13.297;13.349
22-01-00 20:00;13.333;13.28;13.333
22-01-00 21:00;13.317;13.262;13.317
22-01-00 22:00;13.3;13.243;13.3
22-01-00 23:00;13.282;13.224;13.282
23-01-00 00:00;13.265;13.205;13.265
23-01-00 01:00;13.247;13.185;13.247
23-01-00 02:00;13.228;13.166;13.228
23-01-00 03:00;13.21;13.146;13.21
23-01-00 04:00;13.193;13.127;13.193
23-01-00 05:00;13.175;13.108;13.175
23-01-00 06:00;13.158;13.09;13.158
23-01-00 07:00;13.14;13.072;13.14
23-01-00 08:00;13.123;13.054;13.123
23-01-00 09:00;13.106;13.036;13.106
23-01-00 10:00;13.089;13.019;13.089
23-01-00 11:00;13.072;13.001;13.072
23-01-00 12:00;13.055;12.984;13.055
23-01-00 13:00;13.038;12.967;13.038
23-01-00 14:00;13.021;12.95;13.021
23-01-00 15:00;13.004;12.933;13.004
23-01-00 16:00;12.986;12.916;12.986
23-01-00 17:00;12.969;12.898;12.969
23-01-00 18:00;12.951;12.881;12.951
23-01-00 19:00;12.933;12.864;12.933
23-01-00 20:00;12.915;12.846;12.915
23-01-00 21:00;12.897;12.829;12.897
23-01-00 22:00;12.88;12.812;12.88
23-01-00 23:00;12.862;12.794;12.862
24-01-00 00:00;12.844;12.777;12.844
24-01-00 01:00;12.826;12.759;12.826
24-01-00 02:00;12.807;12.741;12.807
24-01-00 03:00;12.789;12.724;12.789
24-01-00 04:00;12.77;12.706;12.77
24-01-00 05:00;12.752;12.688;12.752
24-01-00 06:00;12.733;12.67;12.733
24-01-00 07:00;12.715;12.652;12.715
24-01-00 08:00;12.696;12.635;12.696
24-01-00 09:00;12.678;12.617;12.678
24-01-00 10:00;12.661;12.6;12.661
24-01-00 11:00;12.643;12.583;12.643
24-01-00 12:00;12.625;12.565;12.625
24-01-00 13:00;12.606;12.546;12.606
24-01-00 14:00;12.587;12.528;12.587
24-01-00 15:00;12.568;12.509;12.568
24-01-00 16:00;12.55;12.49;12.55
24-01-00 17:00;12.531;12.472;12.531
24-01-00 18:00;12.512;12.453;12.512
24-01-00 19:00;12.494;12.435;12.494
24-01-00 20:00;12.476;12.417;12.476
24-01-00 21:00;12.458;12.399;12.458
24-01-00 22:00;12.441;12.382;12.441
24-01-00 23:00;12.423;12.364;12.423
25-01-00 00:00;12.406;12.347;12.406
25-01-00 01:00;12.389;12.33;12.389
25-01-00 02:00;12.372;12.313;12.372
25-01-00 03:00;12.355;12.296;12.355
25-01-00 04:00;12.338;12.28;12.338
25-01-00 05:00;12.321;12.263;12.321
25-01-00 06:00;12.305;12.247;12.305
25-01-00 07:00;12.289;12.23;12.289
25-01-00 08:00;12.273;12.215;12.273
25-01-00 09:00;12.258;12.199;12.258
25-01-00 10:00;12.242;12.184;12.242
25-01-00 11:00;12.227;12.168;12.227
25-01-00 12:00;12.211;12.153;12.211
25-01-00 13:00;12.195;12.137;12.195
25-01-00 14:00;12.18;12.121;12.18
25-01-00 15:00;12.164;12.105;12.164
25-01-00 16:00;12.148;12.089;12.148
25-01-00 17:00;12.132;12.073;12.132
25-01-00 18:00;12.116;12.057;12.116
25-01-00 19:00;12.1;12.041;12.1
25-01-00 20:00;12.083;12.025;12.083
25-01-00 21:00;12.067;12.009;12.067
25-01-00 22:00;12.051;11.992;12.051
25-01-00 23:00;12.034;11.976;12.034
26-01-00 00:00;12.017;11.959;12.017
26-01-00 01:00;12.001;11.943;12.001
26-01-00 02:00;11.984;11.926;11.984
26-01-00 03:00;11.967;11.909;11.967
26-01-00 04:00;11.951;11.893;11.951
26-01-00 05:00;11.935;11.877;11.935
26-01-00 06:00;11.918;11.86;11.918
26-01-00 07:00;11.903;11.844;11.903
26-01-00 08:00;11.887;11.829;11.887
26-01-00 09:00;11.871;11.813;11.871
26-01-00 10:00;11.855;11.797;11.855
26-01-00 11:00;11.84;11.782;11.84
26-01-00 12:00;11.825;11.766;11.825
26-01-00 13:00;11.809;11.751;11.809
26-01-00 14:00;11.794;11.735;11.794
26-01-00 15:00;11.778;11.72;11.778
26-01-00 16:00;11.763;11.704;11.763
26-01-00 17:00;11.747;11.689;11.747
26-01-00 18:00;11.732;11.673;11.732
26-01-00 19:00;11.716;11.658;11.716
26-01-00 20:00;11.701;11.642;11.701
26-01-00 21:00;11.685;11.626;11.685
26-01-00 22:00;11.669;11.611;11.669
26-01-00 23:00;11.654;11.595;11.654
27-01-00 00:00;11.638;11.579;11.638
27-01-00 01:00;11.622;11.562;11.622
27-01-00 02:00;11.606;11.546;11.606
27-01-00 03:00;11.59;11.531;11.59
27-01-00 04:00;11.575;11.515;11.575
27-01-00 05:00;11.56;11.5;11.56
27-01-00 06:00;11.545;11.485;11.545
27-01-00 07:00;11.531;11.471;11.531
27-01-00 08:00;11.517;11.457;11.517
27-01-00 09:00;11.504;11.443;11.504
27-01-00 10:00;11.49;11.429;11.49
27-01-00 11:00;11.477;11.416;11.477
27-01-00 12:00;11.464;11.403;11.464
27-01-00 13:00;11.451;11.39;11.451
27-01-00 14:00;11.438;11.377;11.438
27-01-00 15:00;11.426;11.364;11.426
27-01-00 16:00;11.413;11.351;11.413
27-01-00 17:00;11.401;11.339;11.401
27-01-00 18:00;11.388;11.326;11.388
27-01-00 19:00;11.376;11.314;11.376
27-01-00 20:00;11.364;11.301;11.364
27-01-00 21:00;11.351;11.289;11.351
27-01-00 22:00;11.339;11.277;11.339
27-01-00 23:00;11.327;11.264;11.327
28-01-00 00:00;11.315;11.252;11.315
28-01-00 01:00;11.303;11.24;11.303
28-01-00 02:00;11.291;11.228;11.291
28-01-00 03:00;11.279;11.216;11.279
28-01-00 04:00;11.268;11.204;11.268
28-01-00 05:00;11.256;11.193;11.256
28-01-00 06:00;11.245;11.182;11.245
28-01-00 07:00;11.235;11.171;11.235
28-01-00 08:00;11.224;11.16;11.224
28-01-00 09:00;11.214;11.15;11.214
28-01-00 10:00;11.203;11.139;11.203
28-01-00 11:00;11.193;11.129;11.193
28-01-00 12:00;11.183;11.119;11.183
28-01-00 13:00;11.173;11.108;11.173
28-01-00 14:00;11.162;11.098;11.162
28-01-00 15:00;11.152;11.088;11.152
28-01-00 16:00;11.142;11.078;11.142
28-01-00 17:00;11.132;11.068;11.132
28-01-00 18:00;11.122;11.058;11.122
28-01-00 19:00;11.112;11.047;11.112
28-01-00 20:00;11.102;11.037;11.102
28-01-00 21:00;11.092;11.027;11.092
28-01-00 22:00;11.082;11.018;11.082
28-01-00 23:00;11.072;11.008;11.072
29-01-00 00:00;11.062;10.998;11.062
29-01-00 01:00;11.053;10.988;11.053
29-01-00 02:00;11.043;10.978;11.043
29-01-00 03:00;11.033;10.968;11.033
29-01-00 04:00;11.023;10.958;11.023
29-01-00 05:00;11.012;10.947;11.012
29-01-00 06:00;11.002;10.937;11.002
29-01-00 07:00;10.992;10.927;10.992
29-01-00 08:00;10.982;10.917;10.982
29-01-00 09:00;10.972;10.907;10.972
29-01-00 10:00;10.962;10.897;10.962
29-01-00 11:00;10.952;10.886;10.952
29-01-00 12:00;10.941;10.876;10.941
29-01-00 13:00;10.931;10.866;10.931
29-01-00 14:00;10.921;10.855;10.921
29-01-00 15:00;10.91;10.845;10.91
29-01-00 16:00;10.9;10.835;10.9
29-01-00 17:00;10.89;10.824;10.89
29-01-00 18:00;10.88;10.814;10.88
29-01-00 19:00;10.869;10.804;10.869
29-01-00 20:00;10.859;10.793;10.859
29-01-00 21:00;10.848;10.783;10.848
29-01-00 22:00;10.838;10.772;10.838
29-01-00 23:00;10.827;10.762;10.827
30-01-00 00:00;10.817;10.751;10.817
30-01-00 01:00;10.806;10.741;10.806
30-01-00 02:00;10.797;10.731;10.797
30-01-00 03:00;10.788;10.722;10.788
30-01-00 04:00;10.779;10.713;10.779
30-01-00 05:00;10.771;10.705;10.771
30-01-00 06:00;10.764;10.698;10.764
30-01-00 07:00;10.757;10.69;10.757
30-01-00 08:00;10.75;10.683;10.75
30-01-00 09:00;10.743;10.677;10.743
30-01-00 10:00;10.737;10.67;10.737
30-01-00 11:00;10.73;10.664;10.73
30-01-00 12:00;10.724;10.658;10.724
30-01-00 13:00;10.718;10.652;10.718
30-01-00 14:00;10.713;10.646;10.713
30-01-00 15:00;10.707;10.641;10.707
30-01-00 16:00;10.702;10.635;10.702
30-01-00 17:00;10.697;10.63;10.697
30-01-00 18:00;10.691;10.625;10.691
30-01-00 19:00;10.686;10.62;10.686
30-01-00 20:00;10.681;10.615;10.681
30-01-00 21:00;10.677;10.61;10.677
30-01-00 22:00;10.672;10.605;10.672
30-01-00 23:00;10.667;10.6;10.667
31-01-00 00:00;10.663;10.596;10.663
