Time [yyyy-MM-dd HH:mm:ss];Water level at (51_A_B_ 4214_795) [m AD];Water level at (Bovenrijn_A_ 2156_515) [m AD]
27-12-99 00:00;8.6986;7.8012
27-12-99 01:00;8.2854;7.8748
27-12-99 02:00;8.4985;8.0086
27-12-99 03:00;8.8817;8.2614
27-12-99 04:00;9.3008;8.6261
27-12-99 05:00;9.6907;9.0077
27-12-99 06:00;10.048;9.3676
27-12-99 07:00;10.361;9.6975
27-12-99 08:00;10.623;9.9835
27-12-99 09:00;10.847;10.231
27-12-99 10:00;11.038;10.445
27-12-99 11:00;11.202;10.629
27-12-99 12:00;11.345;10.789
27-12-99 13:00;11.473;10.932
27-12-99 14:00;11.588;11.059
27-12-99 15:00;11.691;11.174
27-12-99 16:00;11.783;11.277
27-12-99 17:00;11.865;11.369
27-12-99 18:00;11.939;11.453
27-12-99 19:00;12.006;11.529
27-12-99 20:00;12.067;11.598
27-12-99 21:00;12.123;11.661
27-12-99 22:00;12.173;11.719
27-12-99 23:00;12.22;11.772
28-12-99 00:00;12.263;11.82
28-12-99 01:00;12.303;11.865
28-12-99 02:00;12.339;11.907
28-12-99 03:00;12.373;11.945
28-12-99 04:00;12.404;11.98
28-12-99 05:00;12.432;12.012
28-12-99 06:00;12.459;12.042
28-12-99 07:00;12.483;12.07
28-12-99 08:00;12.505;12.096
28-12-99 09:00;12.526;12.12
28-12-99 10:00;12.545;12.143
28-12-99 11:00;12.563;12.164
28-12-99 12:00;12.579;12.183
28-12-99 13:00;12.594;12.202
28-12-99 14:00;12.608;12.219
28-12-99 15:00;12.622;12.235
28-12-99 16:00;12.634;12.25
28-12-99 17:00;12.646;12.265
28-12-99 18:00;12.656;12.278
28-12-99 19:00;12.667;12.291
28-12-99 20:00;12.676;12.302
28-12-99 21:00;12.685;12.313
28-12-99 22:00;12.693;12.324
28-12-99 23:00;12.701;12.333
29-12-99 00:00;12.709;12.343
29-12-99 01:00;12.716;12.351
29-12-99 02:00;12.722;12.359
29-12-99 03:00;12.729;12.367
29-12-99 04:00;12.735;12.374
29-12-99 05:00;12.74;12.38
29-12-99 06:00;12.745;12.386
29-12-99 07:00;12.75;12.392
29-12-99 08:00;12.755;12.398
29-12-99 09:00;12.759;12.403
29-12-99 10:00;12.763;12.408
29-12-99 11:00;12.767;12.413
29-12-99 12:00;12.771;12.417
29-12-99 13:00;12.775;12.421
29-12-99 14:00;12.778;12.425
29-12-99 15:00;12.781;12.429
29-12-99 16:00;12.784;12.432
29-12-99 17:00;12.787;12.436
29-12-99 18:00;12.79;12.439
29-12-99 19:00;12.792;12.442
29-12-99 20:00;12.795;12.445
29-12-99 21:00;12.797;12.447
29-12-99 22:00;12.799;12.45
29-12-99 23:00;12.801;12.452
30-12-99 00:00;12.803;12.454
30-12-99 01:00;12.805;12.457
30-12-99 02:00;12.807;12.459
30-12-99 03:00;12.809;12.461
30-12-99 04:00;12.81;12.462
30-12-99 05:00;12.812;12.464
30-12-99 06:00;12.813;12.466
30-12-99 07:00;12.815;12.467
30-12-99 08:00;12.816;12.469
30-12-99 09:00;12.817;12.47
30-12-99 10:00;12.818;12.472
30-12-99 11:00;12.819;12.473
30-12-99 12:00;12.82;12.474
30-12-99 13:00;12.82;12.474
30-12-99 14:00;12.821;12.475
30-12-99 15:00;12.822;12.476
30-12-99 16:00;12.823;12.477
30-12-99 17:00;12.824;12.478
30-12-99 18:00;12.825;12.479
30-12-99 19:00;12.826;12.48
30-12-99 20:00;12.826;12.481
30-12-99 21:00;12.827;12.482
30-12-99 22:00;12.828;12.483
30-12-99 23:00;12.828;12.483
31-12-99 00:00;12.829;12.484
31-12-99 01:00;12.829;12.485
31-12-99 02:00;12.83;12.485
31-12-99 03:00;12.831;12.486
31-12-99 04:00;12.831;12.486
31-12-99 05:00;12.831;12.487
31-12-99 06:00;12.832;12.487
31-12-99 07:00;12.832;12.488
31-12-99 08:00;12.833;12.488
31-12-99 09:00;12.833;12.489
31-12-99 10:00;12.833;12.489
31-12-99 11:00;12.834;12.489
31-12-99 12:00;12.834;12.49
31-12-99 13:00;12.834;12.49
31-12-99 14:00;12.835;12.49
31-12-99 15:00;12.835;12.491
31-12-99 16:00;12.835;12.491
31-12-99 17:00;12.835;12.491
31-12-99 18:00;12.836;12.492
31-12-99 19:00;12.836;12.492
31-12-99 20:00;12.836;12.492
31-12-99 21:00;12.836;12.492
31-12-99 22:00;12.836;12.493
31-12-99 23:00;12.837;12.493
01-01-00 00:00;12.837;12.493
01-01-00 01:00;12.837;12.493
01-01-00 02:00;12.837;12.493
01-01-00 03:00;12.837;12.494
01-01-00 04:00;12.838;12.494
01-01-00 05:00;12.837;12.494
01-01-00 06:00;12.837;12.494
01-01-00 07:00;12.837;12.493
01-01-00 08:00;12.836;12.493
01-01-00 09:00;12.835;12.492
01-01-00 10:00;12.834;12.491
01-01-00 11:00;12.832;12.489
01-01-00 12:00;12.83;12.487
01-01-00 13:00;12.828;12.486
01-01-00 14:00;12.826;12.483
01-01-00 15:00;12.824;12.481
01-01-00 16:00;12.821;12.479
01-01-00 17:00;12.818;12.476
01-01-00 18:00;12.815;12.473
01-01-00 19:00;12.812;12.47
01-01-00 20:00;12.809;12.466
01-01-00 21:00;12.805;12.463
01-01-00 22:00;12.801;12.459
01-01-00 23:00;12.798;12.455
02-01-00 00:00;12.794;12.452
02-01-00 01:00;12.79;12.447
02-01-00 02:00;12.786;12.443
02-01-00 03:00;12.782;12.439
02-01-00 04:00;12.778;12.435
02-01-00 05:00;12.774;12.431
02-01-00 06:00;12.771;12.428
02-01-00 07:00;12.769;12.425
02-01-00 08:00;12.767;12.423
02-01-00 09:00;12.766;12.421
02-01-00 10:00;12.766;12.421
02-01-00 11:00;12.767;12.421
02-01-00 12:00;12.768;12.421
02-01-00 13:00;12.769;12.422
02-01-00 14:00;12.771;12.424
02-01-00 15:00;12.774;12.427
02-01-00 16:00;12.777;12.429
02-01-00 17:00;12.781;12.433
02-01-00 18:00;12.785;12.437
02-01-00 19:00;12.79;12.441
02-01-00 20:00;12.795;12.446
02-01-00 21:00;12.8;12.451
02-01-00 22:00;12.806;12.457
02-01-00 23:00;12.812;12.463
03-01-00 00:00;12.818;12.469
03-01-00 01:00;12.825;12.476
03-01-00 02:00;12.831;12.482
03-01-00 03:00;12.838;12.489
03-01-00 04:00;12.845;12.496
03-01-00 05:00;12.851;12.503
03-01-00 06:00;12.857;12.509
03-01-00 07:00;12.862;12.514
03-01-00 08:00;12.866;12.519
03-01-00 09:00;12.869;12.523
03-01-00 10:00;12.872;12.526
03-01-00 11:00;12.873;12.528
03-01-00 12:00;12.874;12.53
03-01-00 13:00;12.875;12.531
03-01-00 14:00;12.874;12.531
03-01-00 15:00;12.873;12.53
03-01-00 16:00;12.872;12.529
03-01-00 17:00;12.87;12.528
03-01-00 18:00;12.867;12.526
03-01-00 19:00;12.864;12.523
03-01-00 20:00;12.86;12.52
03-01-00 21:00;12.856;12.516
03-01-00 22:00;12.852;12.512
03-01-00 23:00;12.847;12.507
04-01-00 00:00;12.841;12.502
04-01-00 01:00;12.836;12.497
04-01-00 02:00;12.83;12.491
04-01-00 03:00;12.824;12.485
04-01-00 04:00;12.818;12.479
04-01-00 05:00;12.812;12.473
04-01-00 06:00;12.806;12.467
04-01-00 07:00;12.8;12.461
04-01-00 08:00;12.794;12.455
04-01-00 09:00;12.789;12.45
04-01-00 10:00;12.784;12.444
04-01-00 11:00;12.78;12.439
04-01-00 12:00;12.775;12.435
04-01-00 13:00;12.771;12.43
04-01-00 14:00;12.767;12.426
04-01-00 15:00;12.764;12.422
04-01-00 16:00;12.76;12.418
04-01-00 17:00;12.757;12.414
04-01-00 18:00;12.754;12.411
04-01-00 19:00;12.751;12.408
04-01-00 20:00;12.749;12.405
04-01-00 21:00;12.746;12.402
04-01-00 22:00;12.744;12.4
04-01-00 23:00;12.742;12.397
05-01-00 00:00;12.74;12.395
05-01-00 01:00;12.738;12.393
05-01-00 02:00;12.736;12.391
05-01-00 03:00;12.734;12.389
05-01-00 04:00;12.733;12.387
05-01-00 05:00;12.732;12.386
05-01-00 06:00;12.731;12.385
05-01-00 07:00;12.731;12.384
05-01-00 08:00;12.731;12.384
05-01-00 09:00;12.732;12.385
05-01-00 10:00;12.732;12.385
05-01-00 11:00;12.734;12.386
05-01-00 12:00;12.735;12.388
05-01-00 13:00;12.737;12.389
05-01-00 14:00;12.739;12.391
05-01-00 15:00;12.742;12.394
05-01-00 16:00;12.744;12.396
05-01-00 17:00;12.747;12.399
05-01-00 18:00;12.751;12.403
05-01-00 19:00;12.754;12.406
05-01-00 20:00;12.758;12.41
05-01-00 21:00;12.762;12.414
05-01-00 22:00;12.766;12.418
05-01-00 23:00;12.77;12.422
06-01-00 00:00;12.774;12.426
06-01-00 01:00;12.779;12.431
06-01-00 02:00;12.783;12.436
06-01-00 03:00;12.788;12.441
06-01-00 04:00;12.793;12.446
06-01-00 05:00;12.799;12.452
06-01-00 06:00;12.806;12.459
06-01-00 07:00;12.814;12.466
06-01-00 08:00;12.822;12.474
06-01-00 09:00;12.831;12.483
06-01-00 10:00;12.841;12.493
06-01-00 11:00;12.852;12.504
06-01-00 12:00;12.863;12.515
06-01-00 13:00;12.876;12.527
06-01-00 14:00;12.89;12.541
06-01-00 15:00;12.905;12.555
06-01-00 16:00;12.922;12.571
06-01-00 17:00;12.939;12.588
06-01-00 18:00;12.956;12.605
06-01-00 19:00;12.974;12.622
06-01-00 20:00;12.992;12.64
06-01-00 21:00;13.01;12.658
06-01-00 22:00;13.028;12.676
06-01-00 23:00;13.047;12.694
07-01-00 00:00;13.065;12.713
07-01-00 01:00;13.084;12.731
07-01-00 02:00;13.102;12.749
07-01-00 03:00;13.121;12.768
07-01-00 04:00;13.139;12.786
07-01-00 05:00;13.158;12.805
07-01-00 06:00;13.177;12.823
07-01-00 07:00;13.196;12.842
07-01-00 08:00;13.215;12.861
07-01-00 09:00;13.234;12.88
07-01-00 10:00;13.253;12.899
07-01-00 11:00;13.272;12.918
07-01-00 12:00;13.291;12.937
07-01-00 13:00;13.311;12.956
07-01-00 14:00;13.33;12.975
07-01-00 15:00;13.349;12.994
07-01-00 16:00;13.368;13.013
07-01-00 17:00;13.387;13.032
07-01-00 18:00;13.407;13.05
07-01-00 19:00;13.426;13.069
07-01-00 20:00;13.445;13.088
07-01-00 21:00;13.463;13.107
07-01-00 22:00;13.482;13.126
07-01-00 23:00;13.5;13.145
08-01-00 00:00;13.518;13.164
08-01-00 01:00;13.536;13.183
08-01-00 02:00;13.553;13.202
08-01-00 03:00;13.57;13.221
08-01-00 04:00;13.588;13.241
08-01-00 05:00;13.606;13.26
08-01-00 06:00;13.624;13.281
08-01-00 07:00;13.644;13.302
08-01-00 08:00;13.664;13.325
08-01-00 09:00;13.684;13.348
08-01-00 10:00;13.706;13.373
08-01-00 11:00;13.729;13.398
08-01-00 12:00;13.753;13.425
08-01-00 13:00;13.779;13.452
08-01-00 14:00;13.806;13.48
08-01-00 15:00;13.833;13.509
08-01-00 16:00;13.862;13.538
08-01-00 17:00;13.892;13.568
08-01-00 18:00;13.923;13.599
08-01-00 19:00;13.954;13.629
08-01-00 20:00;13.985;13.66
08-01-00 21:00;14.017;13.69
08-01-00 22:00;14.048;13.721
08-01-00 23:00;14.08;13.751
09-01-00 00:00;14.111;13.781
09-01-00 01:00;14.143;13.81
09-01-00 02:00;14.174;13.84
09-01-00 03:00;14.205;13.869
09-01-00 04:00;14.235;13.898
09-01-00 05:00;14.264;13.926
09-01-00 06:00;14.294;13.954
09-01-00 07:00;14.324;13.983
09-01-00 08:00;14.354;14.013
09-01-00 09:00;14.384;14.043
09-01-00 10:00;14.414;14.073
09-01-00 11:00;14.445;14.104
09-01-00 12:00;14.477;14.135
09-01-00 13:00;14.509;14.166
09-01-00 14:00;14.541;14.198
09-01-00 15:00;14.574;14.23
09-01-00 16:00;14.607;14.262
09-01-00 17:00;14.641;14.294
09-01-00 18:00;14.674;14.326
09-01-00 19:00;14.709;14.359
09-01-00 20:00;14.744;14.393
09-01-00 21:00;14.782;14.428
09-01-00 22:00;14.819;14.464
09-01-00 23:00;14.856;14.499
10-01-00 00:00;14.892;14.533
10-01-00 01:00;14.928;14.564
10-01-00 02:00;14.963;14.592
10-01-00 03:00;14.998;14.62
10-01-00 04:00;15.033;14.646
10-01-00 05:00;15.068;14.672
10-01-00 06:00;15.102;14.697
10-01-00 07:00;15.136;14.723
10-01-00 08:00;15.169;14.749
10-01-00 09:00;15.2;14.775
10-01-00 10:00;15.231;14.801
10-01-00 11:00;15.26;14.826
10-01-00 12:00;15.288;14.851
10-01-00 13:00;15.315;14.874
10-01-00 14:00;15.341;14.896
10-01-00 15:00;15.366;14.917
10-01-00 16:00;15.39;14.937
10-01-00 17:00;15.416;14.959
10-01-00 18:00;15.442;14.98
10-01-00 19:00;15.54;15.036
10-01-00 20:00;15.578;15.081
10-01-00 21:00;15.596;15.101
10-01-00 22:00;15.608;15.113
10-01-00 23:00;15.619;15.123
11-01-00 00:00;15.63;15.133
11-01-00 01:00;15.642;15.143
11-01-00 02:00;15.654;15.153
11-01-00 03:00;15.667;15.163
11-01-00 04:00;15.681;15.174
11-01-00 05:00;15.696;15.185
11-01-00 06:00;15.713;15.197
11-01-00 07:00;15.731;15.21
11-01-00 08:00;15.751;15.225
11-01-00 09:00;15.771;15.24
11-01-00 10:00;15.791;15.255
11-01-00 11:00;15.812;15.271
11-01-00 12:00;15.833;15.287
11-01-00 13:00;15.855;15.303
11-01-00 14:00;15.877;15.318
11-01-00 15:00;15.897;15.334
11-01-00 16:00;15.918;15.349
11-01-00 17:00;15.939;15.365
11-01-00 18:00;15.96;15.38
11-01-00 19:00;15.98;15.395
11-01-00 20:00;16;15.41
11-01-00 21:00;16.02;15.424
11-01-00 22:00;16.039;15.438
11-01-00 23:00;16.058;15.452
12-01-00 00:00;16.077;15.465
12-01-00 01:00;16.096;15.478
12-01-00 02:00;16.114;15.492
12-01-00 03:00;16.134;15.506
12-01-00 04:00;16.154;15.521
12-01-00 05:00;16.176;15.539
12-01-00 06:00;16.201;15.559
12-01-00 07:00;16.227;15.58
12-01-00 08:00;16.256;15.605
12-01-00 09:00;16.287;15.632
12-01-00 10:00;16.32;15.661
12-01-00 11:00;16.354;15.691
12-01-00 12:00;16.39;15.722
12-01-00 13:00;16.424;15.751
12-01-00 14:00;16.457;15.778
12-01-00 15:00;16.489;15.805
12-01-00 16:00;16.521;15.832
12-01-00 17:00;16.552;15.858
12-01-00 18:00;16.583;15.884
12-01-00 19:00;16.615;15.911
12-01-00 20:00;16.647;15.939
12-01-00 21:00;16.68;15.969
12-01-00 22:00;16.714;16
12-01-00 23:00;16.75;16.033
13-01-00 00:00;16.786;16.067
13-01-00 01:00;16.823;16.102
13-01-00 02:00;16.861;16.136
13-01-00 03:00;16.898;16.171
13-01-00 04:00;16.937;16.207
13-01-00 05:00;16.976;16.243
13-01-00 06:00;17.015;16.28
13-01-00 07:00;17.056;16.318
13-01-00 08:00;17.097;16.357
13-01-00 09:00;17.14;16.399
13-01-00 10:00;17.184;16.442
13-01-00 11:00;17.23;16.486
13-01-00 12:00;17.276;16.531
13-01-00 13:00;17.321;16.575
13-01-00 14:00;17.367;16.618
13-01-00 15:00;17.412;16.661
13-01-00 16:00;17.456;16.703
13-01-00 17:00;17.5;16.744
13-01-00 18:00;17.543;16.784
13-01-00 19:00;17.586;16.824
13-01-00 20:00;17.628;16.864
13-01-00 21:00;17.67;16.904
13-01-00 22:00;17.712;16.943
13-01-00 23:00;17.753;16.982
14-01-00 00:00;17.795;17.021
14-01-00 01:00;17.836;17.06
14-01-00 02:00;17.877;17.098
14-01-00 03:00;17.917;17.135
14-01-00 04:00;17.953;17.17
14-01-00 05:00;17.988;17.203
14-01-00 06:00;18.02;17.233
14-01-00 07:00;18.049;17.262
14-01-00 08:00;18.077;17.289
14-01-00 09:00;18.103;17.314
14-01-00 10:00;18.127;17.338
14-01-00 11:00;18.15;17.36
14-01-00 12:00;18.172;17.382
14-01-00 13:00;18.193;17.403
14-01-00 14:00;18.213;17.422
14-01-00 15:00;18.233;17.442
14-01-00 16:00;18.252;17.46
14-01-00 17:00;18.27;17.478
14-01-00 18:00;18.288;17.495
14-01-00 19:00;18.305;17.512
14-01-00 20:00;18.321;17.528
14-01-00 21:00;18.338;17.544
14-01-00 22:00;18.354;17.559
14-01-00 23:00;18.369;17.574
15-01-00 00:00;18.385;17.589
15-01-00 01:00;18.4;17.604
15-01-00 02:00;18.415;17.618
15-01-00 03:00;18.429;17.632
15-01-00 04:00;18.442;17.645
15-01-00 05:00;18.455;17.657
15-01-00 06:00;18.467;17.669
15-01-00 07:00;18.478;17.68
15-01-00 08:00;18.488;17.69
15-01-00 09:00;18.498;17.7
15-01-00 10:00;18.508;17.709
15-01-00 11:00;18.517;17.718
15-01-00 12:00;18.526;17.727
15-01-00 13:00;18.534;17.735
15-01-00 14:00;18.542;17.743
15-01-00 15:00;18.55;17.751
15-01-00 16:00;18.558;17.758
15-01-00 17:00;18.565;17.766
15-01-00 18:00;18.573;17.773
15-01-00 19:00;18.58;17.779
15-01-00 20:00;18.587;17.786
15-01-00 21:00;18.593;17.793
15-01-00 22:00;18.6;17.799
15-01-00 23:00;18.607;17.805
16-01-00 00:00;18.613;17.811
16-01-00 01:00;18.619;17.817
16-01-00 02:00;18.625;17.823
16-01-00 03:00;18.631;17.829
16-01-00 04:00;18.635;17.833
16-01-00 05:00;18.639;17.837
16-01-00 06:00;18.641;17.84
16-01-00 07:00;18.643;17.842
16-01-00 08:00;18.644;17.844
16-01-00 09:00;18.645;17.845
16-01-00 10:00;18.645;17.845
16-01-00 11:00;18.644;17.846
16-01-00 12:00;18.643;17.845
16-01-00 13:00;18.642;17.844
16-01-00 14:00;18.641;17.843
16-01-00 15:00;18.639;17.842
16-01-00 16:00;18.637;17.84
16-01-00 17:00;18.634;17.838
16-01-00 18:00;18.632;17.836
16-01-00 19:00;18.629;17.834
16-01-00 20:00;18.626;17.832
16-01-00 21:00;18.623;17.829
16-01-00 22:00;18.62;17.826
16-01-00 23:00;18.617;17.823
17-01-00 00:00;18.614;17.82
17-01-00 01:00;18.61;17.817
17-01-00 02:00;18.607;17.814
17-01-00 03:00;18.602;17.81
17-01-00 04:00;18.597;17.806
17-01-00 05:00;18.592;17.802
17-01-00 06:00;18.586;17.796
17-01-00 07:00;18.579;17.791
17-01-00 08:00;18.572;17.784
17-01-00 09:00;18.565;17.778
17-01-00 10:00;18.557;17.771
17-01-00 11:00;18.548;17.763
17-01-00 12:00;18.54;17.756
17-01-00 13:00;18.531;17.748
17-01-00 14:00;18.522;17.739
17-01-00 15:00;18.513;17.731
17-01-00 16:00;18.503;17.722
17-01-00 17:00;18.493;17.713
17-01-00 18:00;18.483;17.704
17-01-00 19:00;18.473;17.695
17-01-00 20:00;18.463;17.686
17-01-00 21:00;18.453;17.676
17-01-00 22:00;18.443;17.667
17-01-00 23:00;18.432;17.657
18-01-00 00:00;18.422;17.647
18-01-00 01:00;18.411;17.637
18-01-00 02:00;18.4;17.627
18-01-00 03:00;18.388;17.617
18-01-00 04:00;18.376;17.606
18-01-00 05:00;18.362;17.594
18-01-00 06:00;18.348;17.581
18-01-00 07:00;18.333;17.567
18-01-00 08:00;18.318;17.553
18-01-00 09:00;18.301;17.539
18-01-00 10:00;18.285;17.523
18-01-00 11:00;18.267;17.508
18-01-00 12:00;18.25;17.492
18-01-00 13:00;18.232;17.475
18-01-00 14:00;18.213;17.458
18-01-00 15:00;18.194;17.441
18-01-00 16:00;18.175;17.423
18-01-00 17:00;18.156;17.405
18-01-00 18:00;18.136;17.387
18-01-00 19:00;18.116;17.369
18-01-00 20:00;18.096;17.35
18-01-00 21:00;18.076;17.331
18-01-00 22:00;18.055;17.312
18-01-00 23:00;18.035;17.293
19-01-00 00:00;18.014;17.274
19-01-00 01:00;17.993;17.254
19-01-00 02:00;17.971;17.234
19-01-00 03:00;17.95;17.214
19-01-00 04:00;17.929;17.195
19-01-00 05:00;17.907;17.175
19-01-00 06:00;17.886;17.155
19-01-00 07:00;17.864;17.135
19-01-00 08:00;17.843;17.115
19-01-00 09:00;17.821;17.095
19-01-00 10:00;17.799;17.075
19-01-00 11:00;17.778;17.055
19-01-00 12:00;17.756;17.035
19-01-00 13:00;17.734;17.016
19-01-00 14:00;17.713;16.995
19-01-00 15:00;17.691;16.975
19-01-00 16:00;17.669;16.955
19-01-00 17:00;17.646;16.934
19-01-00 18:00;17.624;16.914
19-01-00 19:00;17.602;16.893
19-01-00 20:00;17.58;16.873
19-01-00 21:00;17.557;16.852
19-01-00 22:00;17.535;16.831
19-01-00 23:00;17.512;16.81
20-01-00 00:00;17.49;16.789
20-01-00 01:00;17.467;16.768
20-01-00 02:00;17.444;16.747
20-01-00 03:00;17.421;16.726
20-01-00 04:00;17.398;16.705
20-01-00 05:00;17.374;16.683
20-01-00 06:00;17.351;16.662
20-01-00 07:00;17.327;16.64
20-01-00 08:00;17.303;16.618
20-01-00 09:00;17.279;16.596
20-01-00 10:00;17.255;16.574
20-01-00 11:00;17.231;16.551
20-01-00 12:00;17.206;16.529
20-01-00 13:00;17.181;16.506
20-01-00 14:00;17.156;16.482
20-01-00 15:00;17.131;16.459
20-01-00 16:00;17.105;16.434
20-01-00 17:00;17.079;16.41
20-01-00 18:00;17.052;16.385
20-01-00 19:00;17.026;16.359
20-01-00 20:00;16.998;16.333
20-01-00 21:00;16.97;16.306
20-01-00 22:00;16.942;16.279
20-01-00 23:00;16.913;16.252
21-01-00 00:00;16.885;16.225
21-01-00 01:00;16.856;16.197
21-01-00 02:00;16.827;16.17
21-01-00 03:00;16.798;16.143
21-01-00 04:00;16.77;16.116
21-01-00 05:00;16.743;16.09
21-01-00 06:00;16.716;16.064
21-01-00 07:00;16.689;16.039
21-01-00 08:00;16.664;16.015
21-01-00 09:00;16.638;15.991
21-01-00 10:00;16.613;15.968
21-01-00 11:00;16.589;15.945
21-01-00 12:00;16.564;15.922
21-01-00 13:00;16.54;15.899
21-01-00 14:00;16.515;15.876
21-01-00 15:00;16.491;15.853
21-01-00 16:00;16.467;15.831
21-01-00 17:00;16.444;15.809
21-01-00 18:00;16.42;15.788
21-01-00 19:00;16.397;15.767
21-01-00 20:00;16.374;15.746
21-01-00 21:00;16.352;15.726
21-01-00 22:00;16.33;15.707
21-01-00 23:00;16.309;15.688
22-01-00 00:00;16.288;15.671
22-01-00 01:00;16.268;15.654
22-01-00 02:00;16.249;15.638
22-01-00 03:00;16.23;15.623
22-01-00 04:00;16.212;15.608
22-01-00 05:00;16.194;15.594
22-01-00 06:00;16.177;15.581
22-01-00 07:00;16.16;15.568
22-01-00 08:00;16.144;15.556
22-01-00 09:00;16.129;15.544
22-01-00 10:00;16.113;15.533
22-01-00 11:00;16.098;15.522
22-01-00 12:00;16.084;15.511
22-01-00 13:00;16.07;15.501
22-01-00 14:00;16.056;15.492
22-01-00 15:00;16.043;15.482
22-01-00 16:00;16.03;15.473
22-01-00 17:00;16.017;15.464
22-01-00 18:00;16.004;15.456
22-01-00 19:00;15.991;15.446
22-01-00 20:00;15.978;15.437
22-01-00 21:00;15.965;15.428
22-01-00 22:00;15.952;15.418
22-01-00 23:00;15.939;15.409
23-01-00 00:00;15.926;15.399
23-01-00 01:00;15.913;15.389
23-01-00 02:00;15.899;15.379
23-01-00 03:00;15.885;15.368
23-01-00 04:00;15.869;15.355
23-01-00 05:00;15.853;15.342
23-01-00 06:00;15.836;15.329
23-01-00 07:00;15.819;15.314
23-01-00 08:00;15.802;15.3
23-01-00 09:00;15.784;15.284
23-01-00 10:00;15.765;15.268
23-01-00 11:00;15.746;15.252
23-01-00 12:00;15.727;15.237
23-01-00 13:00;15.708;15.221
23-01-00 14:00;15.688;15.205
23-01-00 15:00;15.599;15.162
23-01-00 16:00;15.574;15.125
23-01-00 17:00;15.56;15.107
23-01-00 18:00;15.55;15.096
23-01-00 19:00;15.54;15.087
23-01-00 20:00;15.531;15.079
23-01-00 21:00;15.52;15.07
23-01-00 22:00;15.51;15.062
23-01-00 23:00;15.498;15.052
24-01-00 00:00;15.486;15.042
24-01-00 01:00;15.473;15.032
24-01-00 02:00;15.46;15.022
24-01-00 03:00;15.447;15.012
24-01-00 04:00;15.434;15.002
24-01-00 05:00;15.422;14.992
24-01-00 06:00;15.41;14.982
24-01-00 07:00;15.398;14.973
24-01-00 08:00;15.386;14.963
24-01-00 09:00;15.374;14.954
24-01-00 10:00;15.362;14.944
24-01-00 11:00;15.35;14.933
24-01-00 12:00;15.337;14.922
24-01-00 13:00;15.324;14.911
24-01-00 14:00;15.31;14.899
24-01-00 15:00;15.296;14.887
24-01-00 16:00;15.282;14.874
24-01-00 17:00;15.267;14.861
24-01-00 18:00;15.252;14.848
24-01-00 19:00;15.237;14.835
24-01-00 20:00;15.221;14.821
24-01-00 21:00;15.204;14.806
24-01-00 22:00;15.187;14.792
24-01-00 23:00;15.17;14.776
25-01-00 00:00;15.151;14.761
25-01-00 01:00;15.133;14.745
25-01-00 02:00;15.113;14.729
25-01-00 03:00;15.094;14.713
25-01-00 04:00;15.074;14.698
25-01-00 05:00;15.054;14.682
25-01-00 06:00;15.035;14.667
25-01-00 07:00;15.015;14.653
25-01-00 08:00;14.997;14.638
25-01-00 09:00;14.978;14.624
25-01-00 10:00;14.959;14.61
25-01-00 11:00;14.94;14.595
25-01-00 12:00;14.922;14.581
25-01-00 13:00;14.904;14.566
25-01-00 14:00;14.885;14.551
25-01-00 15:00;14.867;14.536
25-01-00 16:00;14.85;14.52
25-01-00 17:00;14.832;14.504
25-01-00 18:00;14.815;14.488
25-01-00 19:00;14.798;14.472
25-01-00 20:00;14.781;14.456
25-01-00 21:00;14.763;14.44
25-01-00 22:00;14.746;14.423
25-01-00 23:00;14.728;14.406
26-01-00 00:00;14.71;14.389
26-01-00 01:00;14.692;14.372
26-01-00 02:00;14.674;14.355
26-01-00 03:00;14.655;14.338
26-01-00 04:00;14.636;14.32
26-01-00 05:00;14.618;14.302
26-01-00 06:00;14.599;14.284
26-01-00 07:00;14.58;14.266
26-01-00 08:00;14.561;14.248
26-01-00 09:00;14.542;14.229
26-01-00 10:00;14.524;14.211
26-01-00 11:00;14.505;14.193
26-01-00 12:00;14.487;14.175
26-01-00 13:00;14.468;14.156
26-01-00 14:00;14.45;14.138
26-01-00 15:00;14.432;14.12
26-01-00 16:00;14.415;14.102
26-01-00 17:00;14.397;14.085
26-01-00 18:00;14.38;14.067
26-01-00 19:00;14.363;14.05
26-01-00 20:00;14.346;14.033
26-01-00 21:00;14.33;14.017
26-01-00 22:00;14.313;14
26-01-00 23:00;14.296;13.983
27-01-00 00:00;14.279;13.967
27-01-00 01:00;14.263;13.951
27-01-00 02:00;14.246;13.935
27-01-00 03:00;14.229;13.919
27-01-00 04:00;14.212;13.903
27-01-00 05:00;14.195;13.886
27-01-00 06:00;14.178;13.87
27-01-00 07:00;14.16;13.853
27-01-00 08:00;14.142;13.836
27-01-00 09:00;14.123;13.818
27-01-00 10:00;14.104;13.801
27-01-00 11:00;14.085;13.783
27-01-00 12:00;14.066;13.764
27-01-00 13:00;14.047;13.746
27-01-00 14:00;14.027;13.727
27-01-00 15:00;14.008;13.709
27-01-00 16:00;13.988;13.69
27-01-00 17:00;13.969;13.671
27-01-00 18:00;13.949;13.652
27-01-00 19:00;13.929;13.633
27-01-00 20:00;13.909;13.613
27-01-00 21:00;13.889;13.594
27-01-00 22:00;13.869;13.574
27-01-00 23:00;13.849;13.554
28-01-00 00:00;13.829;13.534
28-01-00 01:00;13.809;13.514
28-01-00 02:00;13.789;13.493
28-01-00 03:00;13.769;13.472
28-01-00 04:00;13.749;13.451
28-01-00 05:00;13.73;13.43
28-01-00 06:00;13.711;13.41
28-01-00 07:00;13.693;13.39
28-01-00 08:00;13.676;13.37
28-01-00 09:00;13.66;13.351
28-01-00 10:00;13.643;13.332
28-01-00 11:00;13.628;13.314
28-01-00 12:00;13.613;13.297
28-01-00 13:00;13.598;13.28
28-01-00 14:00;13.584;13.263
28-01-00 15:00;13.57;13.247
28-01-00 16:00;13.556;13.232
28-01-00 17:00;13.543;13.217
28-01-00 18:00;13.53;13.203
28-01-00 19:00;13.517;13.189
28-01-00 20:00;13.504;13.175
28-01-00 21:00;13.492;13.161
28-01-00 22:00;13.48;13.148
28-01-00 23:00;13.468;13.136
29-01-00 00:00;13.456;13.123
29-01-00 01:00;13.444;13.111
29-01-00 02:00;13.432;13.099
29-01-00 03:00;13.421;13.087
29-01-00 04:00;13.41;13.076
29-01-00 05:00;13.399;13.065
29-01-00 06:00;13.389;13.055
29-01-00 07:00;13.38;13.045
29-01-00 08:00;13.371;13.036
29-01-00 09:00;13.362;13.028
29-01-00 10:00;13.355;13.02
29-01-00 11:00;13.347;13.012
29-01-00 12:00;13.341;13.005
29-01-00 13:00;13.334;12.999
29-01-00 14:00;13.328;12.992
29-01-00 15:00;13.323;12.987
29-01-00 16:00;13.318;12.981
29-01-00 17:00;13.313;12.976
29-01-00 18:00;13.309;12.972
29-01-00 19:00;13.304;12.967
29-01-00 20:00;13.3;12.963
29-01-00 21:00;13.297;12.959
29-01-00 22:00;13.293;12.956
29-01-00 23:00;13.29;12.952
30-01-00 00:00;13.287;12.949
30-01-00 01:00;13.284;12.946
30-01-00 02:00;13.281;12.943
30-01-00 03:00;13.279;12.94
30-01-00 04:00;13.276;12.937
30-01-00 05:00;13.273;12.934
30-01-00 06:00;13.269;12.931
30-01-00 07:00;13.265;12.927
30-01-00 08:00;13.261;12.922
30-01-00 09:00;13.256;12.918
30-01-00 10:00;13.25;12.913
30-01-00 11:00;13.244;12.907
30-01-00 12:00;13.238;12.901
30-01-00 13:00;13.232;12.895
30-01-00 14:00;13.225;12.888
30-01-00 15:00;13.217;12.881
30-01-00 16:00;13.21;12.874
30-01-00 17:00;13.202;12.866
30-01-00 18:00;13.194;12.859
30-01-00 19:00;13.185;12.851
30-01-00 20:00;13.177;12.842
30-01-00 21:00;13.168;12.834
30-01-00 22:00;13.159;12.825
30-01-00 23:00;13.15;12.816
31-01-00 00:00;13.141;12.807
