Time [yyyy-MM-dd HH:mm:ss],Water level at (Waal2_A_ 3753_233) [m AD],Water level at (Waal2_B_A_A_A_ 6438_712) [m AD],Water level at (Waal2_B_A_A_B_ 2469_155) [m AD]
1999-12-27 00:00:00,6_9925,7_024,6_0444
1999-12-27 01:00:00,6_9668,6_5449,6_392
1999-12-27 02:00:00,7_0573,6_5709,6_4025
1999-12-27 03:00:00,7_1499,6_6245,6_4462
1999-12-27 04:00:00,7_3264,6_7369,6_5394
1999-12-27 05:00:00,7_5657,6_9175,6_6992
1999-12-27 06:00:00,7_8512,7_1541,6_9173
1999-12-27 07:00:00,8_1534,7_4295,7_1805
1999-12-27 08:00:00,8_4481,7_719,7_4655
1999-12-27 09:00:00,8_721,8_0022,7_7506
1999-12-27 10:00:00,8_9695,8_2695,8_0235
1999-12-27 11:00:00,9_1936,8_5163,8_2777
1999-12-27 12:00:00,9_3938,8_7406,8_5102
1999-12-27 13:00:00,9_5724,8_9424,8_72
1999-12-27 14:00:00,9_7327,9_1237,8_9087
1999-12-27 15:00:00,9_8775,9_2874,9_0791
1999-12-27 16:00:00,10_009,9_4358,9_2335
1999-12-27 17:00:00,10_128,9_5703,9_3736
1999-12-27 18:00:00,10_236,9_6925,9_5005
1999-12-27 19:00:00,10_334,9_8033,9_6158
1999-12-27 20:00:00,10_424,9_9045,9_721
1999-12-27 21:00:00,10_506,9_9971,9_8172
1999-12-27 22:00:00,10_581,10_082,9_9049
1999-12-27 23:00:00,10_65,10_159,9_985
1999-12-28 00:00:00,10_713,10_229,10_058
1999-12-28 01:00:00,10_77,10_294,10_125
1999-12-28 02:00:00,10_823,10_353,10_187
1999-12-28 03:00:00,10_872,10_407,10_243
1999-12-28 04:00:00,10_917,10_457,10_294
1999-12-28 05:00:00,10_958,10_503,10_342
1999-12-28 06:00:00,10_997,10_546,10_386
1999-12-28 07:00:00,11_032,10_585,10_427
1999-12-28 08:00:00,11_065,10_621,10_464
1999-12-28 09:00:00,11_096,10_656,10_5
1999-12-28 10:00:00,11_124,10_687,10_533
1999-12-28 11:00:00,11_151,10_717,10_564
1999-12-28 12:00:00,11_176,10_745,10_592
1999-12-28 13:00:00,11_2,10_771,10_619
1999-12-28 14:00:00,11_222,10_795,10_644
1999-12-28 15:00:00,11_243,10_818,10_668
1999-12-28 16:00:00,11_262,10_839,10_69
1999-12-28 17:00:00,11_28,10_859,10_71
1999-12-28 18:00:00,11_297,10_878,10_73
1999-12-28 19:00:00,11_313,10_895,10_748
1999-12-28 20:00:00,11_328,10_912,10_765
1999-12-28 21:00:00,11_342,10_927,10_78
1999-12-28 22:00:00,11_355,10_941,10_795
1999-12-28 23:00:00,11_367,10_954,10_809
1999-12-29 00:00:00,11_379,10_967,10_822
1999-12-29 01:00:00,11_389,10_979,10_834
1999-12-29 02:00:00,11_399,10_989,10_845
1999-12-29 03:00:00,11_409,11,10_855
1999-12-29 04:00:00,11_418,11_009,10_865
1999-12-29 05:00:00,11_426,11_018,10_875
1999-12-29 06:00:00,11_434,11_027,10_883
1999-12-29 07:00:00,11_441,11_035,10_891
1999-12-29 08:00:00,11_448,11_042,10_899
1999-12-29 09:00:00,11_455,11_049,10_907
1999-12-29 10:00:00,11_461,11_056,10_913
1999-12-29 11:00:00,11_467,11_062,10_92
1999-12-29 12:00:00,11_472,11_068,10_926
1999-12-29 13:00:00,11_477,11_074,10_932
1999-12-29 14:00:00,11_482,11_079,10_937
1999-12-29 15:00:00,11_487,11_084,10_943
1999-12-29 16:00:00,11_491,11_089,10_948
1999-12-29 17:00:00,11_496,11_094,10_952
1999-12-29 18:00:00,11_5,11_098,10_957
1999-12-29 19:00:00,11_503,11_102,10_961
1999-12-29 20:00:00,11_507,11_106,10_965
1999-12-29 21:00:00,11_51,11_11,10_969
1999-12-29 22:00:00,11_514,11_113,10_973
1999-12-29 23:00:00,11_517,11_117,10_976
1999-12-30 00:00:00,11_52,11_12,10_979
1999-12-30 01:00:00,11_522,11_123,10_982
1999-12-30 02:00:00,11_525,11_126,10_985
1999-12-30 03:00:00,11_527,11_129,10_988
1999-12-30 04:00:00,11_53,11_131,10_991
1999-12-30 05:00:00,11_532,11_134,10_993
1999-12-30 06:00:00,11_534,11_136,10_996
1999-12-30 07:00:00,11_536,11_138,10_998
1999-12-30 08:00:00,11_538,11_14,11
1999-12-30 09:00:00,11_54,11_142,11_002
1999-12-30 10:00:00,11_542,11_144,11_004
1999-12-30 11:00:00,11_543,11_146,11_006
1999-12-30 12:00:00,11_539,11_141,11_001
1999-12-30 13:00:00,11_543,11_145,11_005
1999-12-30 14:00:00,11_545,11_147,11_007
1999-12-30 15:00:00,11_547,11_149,11_01
1999-12-30 16:00:00,11_548,11_151,11_011
1999-12-30 17:00:00,11_55,11_153,11_013
1999-12-30 18:00:00,11_551,11_154,11_015
1999-12-30 19:00:00,11_552,11_155,11_016
1999-12-30 20:00:00,11_553,11_157,11_017
1999-12-30 21:00:00,11_554,11_158,11_019
1999-12-30 22:00:00,11_555,11_159,11_02
1999-12-30 23:00:00,11_556,11_16,11_021
1999-12-31 00:00:00,11_557,11_161,11_022
1999-12-31 01:00:00,11_558,11_162,11_023
1999-12-31 02:00:00,11_559,11_163,11_024
1999-12-31 03:00:00,11_56,11_164,11_024
1999-12-31 04:00:00,11_56,11_164,11_025
1999-12-31 05:00:00,11_561,11_165,11_026
1999-12-31 06:00:00,11_562,11_166,11_027
1999-12-31 07:00:00,11_562,11_166,11_027
1999-12-31 08:00:00,11_563,11_167,11_028
1999-12-31 09:00:00,11_563,11_168,11_029
1999-12-31 10:00:00,11_564,11_168,11_029
1999-12-31 11:00:00,11_564,11_169,11_03
1999-12-31 12:00:00,11_565,11_169,11_03
1999-12-31 13:00:00,11_565,11_17,11_031
1999-12-31 14:00:00,11_565,11_17,11_031
1999-12-31 15:00:00,11_566,11_171,11_032
1999-12-31 16:00:00,11_566,11_171,11_032
1999-12-31 17:00:00,11_567,11_171,11_032
1999-12-31 18:00:00,11_567,11_172,11_033
1999-12-31 19:00:00,11_567,11_172,11_033
1999-12-31 20:00:00,11_567,11_172,11_033
1999-12-31 21:00:00,11_568,11_173,11_034
1999-12-31 22:00:00,11_568,11_173,11_034
1999-12-31 23:00:00,11_568,11_173,11_034
2000-01-01 00:00:00,11_568,11_173,11_034
2000-01-01 01:00:00,11_569,11_174,11_035
2000-01-01 02:00:00,11_569,11_174,11_035
2000-01-01 03:00:00,11_569,11_174,11_035
2000-01-01 04:00:00,11_569,11_174,11_035
2000-01-01 05:00:00,11_57,11_175,11_036
2000-01-01 06:00:00,11_57,11_175,11_036
2000-01-01 07:00:00,11_57,11_175,11_036
2000-01-01 08:00:00,11_569,11_175,11_036
2000-01-01 09:00:00,11_569,11_174,11_036
2000-01-01 10:00:00,11_568,11_174,11_035
2000-01-01 11:00:00,11_567,11_173,11_035
2000-01-01 12:00:00,11_566,11_172,11_034
2000-01-01 13:00:00,11_565,11_171,11_033
2000-01-01 14:00:00,11_563,11_17,11_031
2000-01-01 15:00:00,11_562,11_168,11_03
2000-01-01 16:00:00,11_56,11_166,11_028
2000-01-01 17:00:00,11_557,11_164,11_026
2000-01-01 18:00:00,11_555,11_162,11_024
2000-01-01 19:00:00,11_552,11_16,11_021
2000-01-01 20:00:00,11_55,11_157,11_019
2000-01-01 21:00:00,11_547,11_154,11_016
2000-01-01 22:00:00,11_544,11_151,11_013
2000-01-01 23:00:00,11_54,11_148,11_01
2000-01-02 00:00:00,11_537,11_145,11_007
2000-01-02 01:00:00,11_533,11_141,11_003
2000-01-02 02:00:00,11_529,11_138,11
2000-01-02 03:00:00,11_525,11_134,10_996
2000-01-02 04:00:00,11_521,11_13,10_992
2000-01-02 05:00:00,11_517,11_126,10_988
2000-01-02 06:00:00,11_514,11_122,10_984
2000-01-02 07:00:00,11_51,11_118,10_98
2000-01-02 08:00:00,11_507,11_115,10_977
2000-01-02 09:00:00,11_505,11_112,10_974
2000-01-02 10:00:00,11_503,11_11,10_972
2000-01-02 11:00:00,11_502,11_108,10_97
2000-01-02 12:00:00,11_501,11_107,10_968
2000-01-02 13:00:00,11_501,11_106,10_968
2000-01-02 14:00:00,11_501,11_106,10_967
2000-01-02 15:00:00,11_502,11_107,10_968
2000-01-02 16:00:00,11_503,11_108,10_968
2000-01-02 17:00:00,11_505,11_109,10_97
2000-01-02 18:00:00,11_508,11_111,10_972
2000-01-02 19:00:00,11_511,11_114,10_974
2000-01-02 20:00:00,11_514,11_117,10_977
2000-01-02 21:00:00,11_518,11_12,10_98
2000-01-02 22:00:00,11_523,11_124,10_984
2000-01-02 23:00:00,11_528,11_129,10_988
2000-01-03 00:00:00,11_533,11_133,10_993
2000-01-03 01:00:00,11_538,11_139,10_998
2000-01-03 02:00:00,11_544,11_144,11_004
2000-01-03 03:00:00,11_55,11_15,11_009
2000-01-03 04:00:00,11_556,11_156,11_015
2000-01-03 05:00:00,11_563,11_162,11_022
2000-01-03 06:00:00,11_569,11_169,11_028
2000-01-03 07:00:00,11_575,11_175,11_034
2000-01-03 08:00:00,11_58,11_18,11_04
2000-01-03 09:00:00,11_585,11_186,11_045
2000-01-03 10:00:00,11_59,11_19,11_05
2000-01-03 11:00:00,11_594,11_195,11_055
2000-01-03 12:00:00,11_597,11_198,11_059
2000-01-03 13:00:00,11_599,11_202,11_062
2000-01-03 14:00:00,11_601,11_204,11_065
2000-01-03 15:00:00,11_602,11_206,11_067
2000-01-03 16:00:00,11_603,11_207,11_068
2000-01-03 17:00:00,11_603,11_208,11_069
2000-01-03 18:00:00,11_603,11_208,11_069
2000-01-03 19:00:00,11_601,11_207,11_069
2000-01-03 20:00:00,11_6,11_206,11_068
2000-01-03 21:00:00,11_598,11_205,11_067
2000-01-03 22:00:00,11_595,11_203,11_065
2000-01-03 23:00:00,11_592,11_2,11_062
2000-01-04 00:00:00,11_588,11_197,11_059
2000-01-04 01:00:00,11_584,11_193,11_056
2000-01-04 02:00:00,11_58,11_189,11_052
2000-01-04 03:00:00,11_575,11_185,11_048
2000-01-04 04:00:00,11_57,11_18,11_043
2000-01-04 05:00:00,11_565,11_175,11_038
2000-01-04 06:00:00,11_559,11_17,11_033
2000-01-04 07:00:00,11_553,11_164,11_027
2000-01-04 08:00:00,11_548,11_159,11_022
2000-01-04 09:00:00,11_542,11_153,11_017
2000-01-04 10:00:00,11_537,11_148,11_011
2000-01-04 11:00:00,11_532,11_143,11_006
2000-01-04 12:00:00,11_527,11_138,11_001
2000-01-04 13:00:00,11_522,11_133,10_996
2000-01-04 14:00:00,11_517,11_128,10_991
2000-01-04 15:00:00,11_513,11_123,10_986
2000-01-04 16:00:00,11_509,11_119,10_982
2000-01-04 17:00:00,11_505,11_115,10_978
2000-01-04 18:00:00,11_501,11_111,10_974
2000-01-04 19:00:00,11_497,11_107,10_97
2000-01-04 20:00:00,11_494,11_104,10_966
2000-01-04 21:00:00,11_491,11_1,10_963
2000-01-04 22:00:00,11_488,11_097,10_96
2000-01-04 23:00:00,11_485,11_094,10_957
2000-01-05 00:00:00,11_482,11_091,10_954
2000-01-05 01:00:00,11_48,11_089,10_951
2000-01-05 02:00:00,11_478,11_086,10_949
2000-01-05 03:00:00,11_475,11_084,10_946
2000-01-05 04:00:00,11_473,11_082,10_944
2000-01-05 05:00:00,11_472,11_08,10_942
2000-01-05 06:00:00,11_47,11_078,10_94
2000-01-05 07:00:00,11_469,11_077,10_939
2000-01-05 08:00:00,11_468,11_076,10_937
2000-01-05 09:00:00,11_467,11_075,10_936
2000-01-05 10:00:00,11_467,11_074,10_936
2000-01-05 11:00:00,11_467,11_074,10_936
2000-01-05 12:00:00,11_468,11_074,10_936
2000-01-05 13:00:00,11_469,11_075,10_936
2000-01-05 14:00:00,11_47,11_076,10_937
2000-01-05 15:00:00,11_471,11_077,10_938
2000-01-05 16:00:00,11_473,11_079,10_94
2000-01-05 17:00:00,11_475,11_08,10_941
2000-01-05 18:00:00,11_478,11_083,10_944
2000-01-05 19:00:00,11_481,11_085,10_946
2000-01-05 20:00:00,11_483,11_088,10_949
2000-01-05 21:00:00,11_487,11_091,10_951
2000-01-05 22:00:00,11_49,11_094,10_955
2000-01-05 23:00:00,11_494,11_097,10_958
2000-01-06 00:00:00,11_498,11_101,10_962
2000-01-06 01:00:00,11_502,11_105,10_965
2000-01-06 02:00:00,11_506,11_109,10_969
2000-01-06 03:00:00,11_51,11_113,10_974
2000-01-06 04:00:00,11_515,11_118,10_978
2000-01-06 05:00:00,11_52,11_122,10_983
2000-01-06 06:00:00,11_525,11_128,10_988
2000-01-06 07:00:00,11_532,11_133,10_993
2000-01-06 08:00:00,11_538,11_14,11
2000-01-06 09:00:00,11_546,11_146,11_006
2000-01-06 10:00:00,11_554,11_154,11_014
2000-01-06 11:00:00,11_562,11_162,11_022
2000-01-06 12:00:00,11_572,11_171,11_031
2000-01-06 13:00:00,11_582,11_181,11_04
2000-01-06 14:00:00,11_593,11_191,11_05
2000-01-06 15:00:00,11_605,11_202,11_061
2000-01-06 16:00:00,11_619,11_215,11_073
2000-01-06 17:00:00,11_633,11_228,11_086
2000-01-06 18:00:00,11_647,11_242,11_1
2000-01-06 19:00:00,11_663,11_256,11_114
2000-01-06 20:00:00,11_678,11_27,11_128
2000-01-06 21:00:00,11_694,11_285,11_142
2000-01-06 22:00:00,11_71,11_3,11_156
2000-01-06 23:00:00,11_725,11_314,11_171
2000-01-07 00:00:00,11_741,11_329,11_185
2000-01-07 01:00:00,11_757,11_343,11_199
2000-01-07 02:00:00,11_773,11_358,11_213
2000-01-07 03:00:00,11_788,11_372,11_226
2000-01-07 04:00:00,11_804,11_386,11_24
2000-01-07 05:00:00,11_82,11_4,11_254
2000-01-07 06:00:00,11_835,11_414,11_267
2000-01-07 07:00:00,11_851,11_429,11_281
2000-01-07 08:00:00,11_867,11_443,11_295
2000-01-07 09:00:00,11_883,11_457,11_309
2000-01-07 10:00:00,11_899,11_471,11_322
2000-01-07 11:00:00,11_914,11_485,11_336
2000-01-07 12:00:00,11_93,11_499,11_349
2000-01-07 13:00:00,11_946,11_514,11_363
2000-01-07 14:00:00,11_961,11_528,11_376
2000-01-07 15:00:00,11_977,11_542,11_39
2000-01-07 16:00:00,11_993,11_556,11_403
2000-01-07 17:00:00,12_008,11_57,11_416
2000-01-07 18:00:00,12_024,11_583,11_429
2000-01-07 19:00:00,12_039,11_597,11_443
2000-01-07 20:00:00,12_055,11_611,11_456
2000-01-07 21:00:00,12_07,11_625,11_469
2000-01-07 22:00:00,12_086,11_639,11_483
2000-01-07 23:00:00,12_102,11_653,11_496
2000-01-08 00:00:00,12_117,11_667,11_509
2000-01-08 01:00:00,12_133,11_681,11_522
2000-01-08 02:00:00,12_148,11_695,11_536
2000-01-08 03:00:00,12_164,11_708,11_549
2000-01-08 04:00:00,12_179,11_722,11_562
2000-01-08 05:00:00,12_195,11_736,11_576
2000-01-08 06:00:00,12_211,11_751,11_589
2000-01-08 07:00:00,12_228,11_765,11_603
2000-01-08 08:00:00,12_245,11_78,11_617
2000-01-08 09:00:00,12_263,11_795,11_631
2000-01-08 10:00:00,12_281,11_811,11_646
2000-01-08 11:00:00,12_3,11_827,11_661
2000-01-08 12:00:00,12_32,11_844,11_677
2000-01-08 13:00:00,12_34,11_861,11_693
2000-01-08 14:00:00,12_36,11_879,11_71
2000-01-08 15:00:00,12_382,11_898,11_727
2000-01-08 16:00:00,12_403,11_917,11_745
2000-01-08 17:00:00,12_425,11_937,11_764
2000-01-08 18:00:00,12_448,11_957,11_783
2000-01-08 19:00:00,12_471,11_977,11_801
2000-01-08 20:00:00,12_493,11_997,11_82
2000-01-08 21:00:00,12_515,12_017,11_838
2000-01-08 22:00:00,12_537,12_037,11_856
2000-01-08 23:00:00,12_559,12_056,11_874
2000-01-09 00:00:00,12_58,12_075,11_892
2000-01-09 01:00:00,12_601,12_095,11_91
2000-01-09 02:00:00,12_622,12_113,11_927
2000-01-09 03:00:00,12_643,12_132,11_944
2000-01-09 04:00:00,12_664,12_15,11_961
2000-01-09 05:00:00,12_684,12_168,11_977
2000-01-09 06:00:00,12_704,12_185,11_992
2000-01-09 07:00:00,12_724,12_202,12_007
2000-01-09 08:00:00,12_744,12_219,12_022
2000-01-09 09:00:00,12_764,12_236,12_037
2000-01-09 10:00:00,12_785,12_252,12_052
2000-01-09 11:00:00,12_805,12_269,12_067
2000-01-09 12:00:00,12_826,12_286,12_082
2000-01-09 13:00:00,12_847,12_303,12_097
2000-01-09 14:00:00,12_869,12_321,12_113
2000-01-09 15:00:00,12_89,12_338,12_129
2000-01-09 16:00:00,12_912,12_356,12_145
2000-01-09 17:00:00,12_934,12_374,12_161
2000-01-09 18:00:00,12_956,12_392,12_178
2000-01-09 19:00:00,12_979,12_411,12_194
2000-01-09 20:00:00,13_002,12_43,12_212
2000-01-09 21:00:00,13_026,12_449,12_229
2000-01-09 22:00:00,13_05,12_469,12_247
2000-01-09 23:00:00,13_074,12_489,12_266
2000-01-10 00:00:00,13_098,12_51,12_284
2000-01-10 01:00:00,13_12,12_529,12_302
2000-01-10 02:00:00,13_14,12_548,12_32
2000-01-10 03:00:00,13_16,12_567,12_337
2000-01-10 04:00:00,13_178,12_584,12_353
2000-01-10 05:00:00,13_195,12_601,12_369
2000-01-10 06:00:00,13_213,12_617,12_384
2000-01-10 07:00:00,13_229,12_633,12_398
2000-01-10 08:00:00,13_246,12_649,12_413
2000-01-10 09:00:00,13_263,12_665,12_427
2000-01-10 10:00:00,13_28,12_681,12_442
2000-01-10 11:00:00,13_298,12_698,12_457
2000-01-10 12:00:00,13_315,12_714,12_472
2000-01-10 13:00:00,13_334,12_731,12_488
2000-01-10 14:00:00,13_353,12_749,12_504
2000-01-10 15:00:00,13_372,12_767,12_52
2000-01-10 16:00:00,13_393,12_786,12_538
2000-01-10 17:00:00,13_414,12_806,12_556
2000-01-10 18:00:00,13_438,12_828,12_576
2000-01-10 19:00:00,13_463,12_851,12_598
2000-01-10 20:00:00,13_521,12_891,12_631
2000-01-10 21:00:00,13_574,12_941,12_677
2000-01-10 22:00:00,13_613,12_986,12_72
2000-01-10 23:00:00,13_644,13_024,12_754
2000-01-11 00:00:00,13_67,13_057,12_78
2000-01-11 01:00:00,13_692,13_09,12_803
2000-01-11 02:00:00,13_71,13_122,12_825
2000-01-11 03:00:00,13_727,13_154,12_846
2000-01-11 04:00:00,13_742,13_184,12_867
2000-01-11 05:00:00,13_757,13_213,12_888
2000-01-11 06:00:00,13_772,13_242,12_909
2000-01-11 07:00:00,13_787,13_269,12_93
2000-01-11 08:00:00,13_802,13_296,12_953
2000-01-11 09:00:00,13_818,13_323,12_976
2000-01-11 10:00:00,13_834,13_349,12_999
2000-01-11 11:00:00,13_85,13_376,13_023
2000-01-11 12:00:00,13_866,13_401,13_047
2000-01-11 13:00:00,13_883,13_427,13_071
2000-01-11 14:00:00,13_901,13_452,13_094
2000-01-11 15:00:00,13_92,13_478,13_119
2000-01-11 16:00:00,13_939,13_503,13_144
2000-01-11 17:00:00,13_959,13_529,13_169
2000-01-11 18:00:00,13_979,13_555,13_195
2000-01-11 19:00:00,14,13_581,13_22
2000-01-11 20:00:00,14_022,13_606,13_245
2000-01-11 21:00:00,14_045,13_633,13_27
2000-01-11 22:00:00,14_069,13_659,13_296
2000-01-11 23:00:00,14_095,13_686,13_322
2000-01-12 00:00:00,14_122,13_712,13_348
2000-01-12 01:00:00,14_149,13_739,13_373
2000-01-12 02:00:00,14_177,13_765,13_399
2000-01-12 03:00:00,14_206,13_793,13_426
2000-01-12 04:00:00,14_236,13_821,13_453
2000-01-12 05:00:00,14_267,13_85,13_48
2000-01-12 06:00:00,14_301,13_881,13_51
2000-01-12 07:00:00,14_338,13_915,13_543
2000-01-12 08:00:00,14_378,13_951,13_578
2000-01-12 09:00:00,14_421,13_989,13_615
2000-01-12 10:00:00,14_466,14_028,13_656
2000-01-12 11:00:00,14_51,14_066,13_701
2000-01-12 12:00:00,14_554,14_104,13_752
2000-01-12 13:00:00,14_597,14_142,13_808
2000-01-12 14:00:00,14_639,14_18,13_866
2000-01-12 15:00:00,14_681,14_217,13_926
2000-01-12 16:00:00,14_72,14_251,13_983
2000-01-12 17:00:00,14_757,14_285,14_038
2000-01-12 18:00:00,14_794,14_322,14_09
2000-01-12 19:00:00,14_833,14_36,14_139
2000-01-12 20:00:00,14_871,14_399,14_186
2000-01-12 21:00:00,14_91,14_439,14_23
2000-01-12 22:00:00,14_945,14_479,14_272
2000-01-12 23:00:00,14_978,14_517,14_31
2000-01-13 00:00:00,15_008,14_554,14_346
2000-01-13 01:00:00,15_036,14_588,14_381
2000-01-13 02:00:00,15_063,14_621,14_414
2000-01-13 03:00:00,15_09,14_654,14_446
2000-01-13 04:00:00,15_116,14_685,14_478
2000-01-13 05:00:00,15_143,14_717,14_509
2000-01-13 06:00:00,15_172,14_748,14_54
2000-01-13 07:00:00,15_203,14_78,14_572
2000-01-13 08:00:00,15_237,14_811,14_603
2000-01-13 09:00:00,15_273,14_843,14_635
2000-01-13 10:00:00,15_311,14_875,14_667
2000-01-13 11:00:00,15_35,14_908,14_699
2000-01-13 12:00:00,15_388,14_942,14_732
2000-01-13 13:00:00,15_426,14_977,14_767
2000-01-13 14:00:00,15_462,15_014,14_803
2000-01-13 15:00:00,15_498,15_051,14_84
2000-01-13 16:00:00,15_533,15_089,14_877
2000-01-13 17:00:00,15_568,15_127,14_915
2000-01-13 18:00:00,15_604,15_166,14_953
2000-01-13 19:00:00,15_641,15_204,14_992
2000-01-13 20:00:00,15_678,15_243,15_03
2000-01-13 21:00:00,15_716,15_281,15_067
2000-01-13 22:00:00,15_754,15_319,15_105
2000-01-13 23:00:00,15_793,15_356,15_143
2000-01-14 00:00:00,15_832,15_394,15_18
2000-01-14 01:00:00,15_869,15_431,15_217
2000-01-14 02:00:00,15_906,15_467,15_253
2000-01-14 03:00:00,15_943,15_503,15_289
2000-01-14 04:00:00,15_978,15_538,15_324
2000-01-14 05:00:00,16_012,15_571,15_357
2000-01-14 06:00:00,16_044,15_603,15_389
2000-01-14 07:00:00,16_074,15_634,15_42
2000-01-14 08:00:00,16_102,15_662,15_449
2000-01-14 09:00:00,16_129,15_689,15_476
2000-01-14 10:00:00,16_155,15_715,15_502
2000-01-14 11:00:00,16_179,15_739,15_526
2000-01-14 12:00:00,16_202,15_762,15_55
2000-01-14 13:00:00,16_224,15_784,15_572
2000-01-14 14:00:00,16_244,15_805,15_593
2000-01-14 15:00:00,16_265,15_825,15_613
2000-01-14 16:00:00,16_284,15_845,15_633
2000-01-14 17:00:00,16_302,15_863,15_652
2000-01-14 18:00:00,16_32,15_881,15_67
2000-01-14 19:00:00,16_338,15_899,15_687
2000-01-14 20:00:00,16_354,15_915,15_704
2000-01-14 21:00:00,16_371,15_932,15_721
2000-01-14 22:00:00,16_387,15_947,15_736
2000-01-14 23:00:00,16_402,15_963,15_752
2000-01-15 00:00:00,16_417,15_978,15_767
2000-01-15 01:00:00,16_432,15_992,15_782
2000-01-15 02:00:00,16_446,16_007,15_796
2000-01-15 03:00:00,16_46,16_021,15_81
2000-01-15 04:00:00,16_474,16_034,15_824
2000-01-15 05:00:00,16_487,16_047,15_837
2000-01-15 06:00:00,16_499,16_059,15_849
2000-01-15 07:00:00,16_511,16_071,15_861
2000-01-15 08:00:00,16_522,16_082,15_872
2000-01-15 09:00:00,16_532,16_093,15_883
2000-01-15 10:00:00,16_543,16_103,15_893
2000-01-15 11:00:00,16_552,16_112,15_903
2000-01-15 12:00:00,16_561,16_122,15_912
2000-01-15 13:00:00,16_57,16_13,15_921
2000-01-15 14:00:00,16_578,16_139,15_929
2000-01-15 15:00:00,16_586,16_147,15_938
2000-01-15 16:00:00,16_594,16_155,15_945
2000-01-15 17:00:00,16_602,16_162,15_953
2000-01-15 18:00:00,16_609,16_17,15_96
2000-01-15 19:00:00,16_616,16_177,15_968
2000-01-15 20:00:00,16_623,16_183,15_974
2000-01-15 21:00:00,16_63,16_19,15_981
2000-01-15 22:00:00,16_636,16_197,15_988
2000-01-15 23:00:00,16_642,16_203,15_994
2000-01-16 00:00:00,16_649,16_209,16
2000-01-16 01:00:00,16_655,16_215,16_006
2000-01-16 02:00:00,16_661,16_221,16_012
2000-01-16 03:00:00,16_667,16_227,16_018
2000-01-16 04:00:00,16_672,16_232,16_023
2000-01-16 05:00:00,16_676,16_237,16_028
2000-01-16 06:00:00,16_68,16_241,16_033
2000-01-16 07:00:00,16_684,16_245,16_036
2000-01-16 08:00:00,16_686,16_247,16_039
2000-01-16 09:00:00,16_688,16_25,16_042
2000-01-16 10:00:00,16_69,16_252,16_044
2000-01-16 11:00:00,16_691,16_253,16_045
2000-01-16 12:00:00,16_691,16_254,16_046
2000-01-16 13:00:00,16_691,16_254,16_047
2000-01-16 14:00:00,16_691,16_254,16_047
2000-01-16 15:00:00,16_69,16_254,16_046
2000-01-16 16:00:00,16_689,16_253,16_046
2000-01-16 17:00:00,16_688,16_252,16_045
2000-01-16 18:00:00,16_687,16_251,16_044
2000-01-16 19:00:00,16_685,16_249,16_043
2000-01-16 20:00:00,16_683,16_248,16_041
2000-01-16 21:00:00,16_681,16_246,16_039
2000-01-16 22:00:00,16_679,16_244,16_037
2000-01-16 23:00:00,16_677,16_242,16_035
2000-01-17 00:00:00,16_674,16_239,16_033
2000-01-17 01:00:00,16_671,16_237,16_031
2000-01-17 02:00:00,16_669,16_234,16_028
2000-01-17 03:00:00,16_666,16_232,16_025
2000-01-17 04:00:00,16_662,16_229,16_022
2000-01-17 05:00:00,16_659,16_225,16_019
2000-01-17 06:00:00,16_654,16_221,16_015
2000-01-17 07:00:00,16_65,16_217,16_011
2000-01-17 08:00:00,16_644,16_212,16_006
2000-01-17 09:00:00,16_639,16_207,16_001
2000-01-17 10:00:00,16_633,16_201,15_996
2000-01-17 11:00:00,16_626,16_195,15_99
2000-01-17 12:00:00,16_62,16_189,15_984
2000-01-17 13:00:00,16_613,16_182,15_977
2000-01-17 14:00:00,16_605,16_175,15_97
2000-01-17 15:00:00,16_598,16_168,15_963
2000-01-17 16:00:00,16_59,16_161,15_956
2000-01-17 17:00:00,16_582,16_153,15_949
2000-01-17 18:00:00,16_574,16_146,15_941
2000-01-17 19:00:00,16_565,16_138,15_933
2000-01-17 20:00:00,16_557,16_129,15_925
2000-01-17 21:00:00,16_548,16_121,15_917
2000-01-17 22:00:00,16_539,16_113,15_908
2000-01-17 23:00:00,16_53,16_104,15_9
2000-01-18 00:00:00,16_521,16_095,15_891
2000-01-18 01:00:00,16_512,16_087,15_883
2000-01-18 02:00:00,16_503,16_078,15_874
2000-01-18 03:00:00,16_493,16_069,15_865
2000-01-18 04:00:00,16_484,16_059,15_856
2000-01-18 05:00:00,16_473,16_049,15_846
2000-01-18 06:00:00,16_462,16_039,15_835
2000-01-18 07:00:00,16_45,16_028,15_824
2000-01-18 08:00:00,16_438,16_016,15_813
2000-01-18 09:00:00,16_425,16_004,15_801
2000-01-18 10:00:00,16_411,15_991,15_788
2000-01-18 11:00:00,16_397,15_978,15_775
2000-01-18 12:00:00,16_383,15_964,15_762
2000-01-18 13:00:00,16_368,15_95,15_748
2000-01-18 14:00:00,16_353,15_935,15_734
2000-01-18 15:00:00,16_337,15_92,15_719
2000-01-18 16:00:00,16_321,15_905,15_704
2000-01-18 17:00:00,16_305,15_89,15_689
2000-01-18 18:00:00,16_288,15_874,15_673
2000-01-18 19:00:00,16_271,15_858,15_657
2000-01-18 20:00:00,16_254,15_841,15_641
2000-01-18 21:00:00,16_237,15_825,15_625
2000-01-18 22:00:00,16_219,15_808,15_608
2000-01-18 23:00:00,16_202,15_791,15_591
2000-01-19 00:00:00,16_184,15_774,15_574
2000-01-19 01:00:00,16_166,15_756,15_557
2000-01-19 02:00:00,16_148,15_739,15_54
2000-01-19 03:00:00,16_129,15_721,15_522
2000-01-19 04:00:00,16_111,15_703,15_504
2000-01-19 05:00:00,16_092,15_685,15_487
2000-01-19 06:00:00,16_074,15_667,15_469
2000-01-19 07:00:00,16_055,15_649,15_451
2000-01-19 08:00:00,16_036,15_631,15_433
2000-01-19 09:00:00,16_018,15_613,15_415
2000-01-19 10:00:00,15_999,15_595,15_397
2000-01-19 11:00:00,15_98,15_577,15_379
2000-01-19 12:00:00,15_962,15_559,15_361
2000-01-19 13:00:00,15_943,15_541,15_343
2000-01-19 14:00:00,15_924,15_523,15_325
2000-01-19 15:00:00,15_905,15_505,15_307
2000-01-19 16:00:00,15_886,15_486,15_289
2000-01-19 17:00:00,15_867,15_468,15_271
2000-01-19 18:00:00,15_848,15_449,15_252
2000-01-19 19:00:00,15_829,15_43,15_234
2000-01-19 20:00:00,15_81,15_412,15_215
2000-01-19 21:00:00,15_791,15_393,15_196
2000-01-19 22:00:00,15_771,15_374,15_178
2000-01-19 23:00:00,15_752,15_355,15_159
2000-01-20 00:00:00,15_733,15_337,15_14
2000-01-20 01:00:00,15_714,15_318,15_122
2000-01-20 02:00:00,15_695,15_299,15_103
2000-01-20 03:00:00,15_676,15_28,15_084
2000-01-20 04:00:00,15_657,15_26,15_065
2000-01-20 05:00:00,15_638,15_241,15_046
2000-01-20 06:00:00,15_619,15_221,15_026
2000-01-20 07:00:00,15_6,15_202,15_007
2000-01-20 08:00:00,15_581,15_181,14_987
2000-01-20 09:00:00,15_562,15_161,14_967
2000-01-20 10:00:00,15_543,15_141,14_946
2000-01-20 11:00:00,15_524,15_12,14_926
2000-01-20 12:00:00,15_505,15_099,14_905
2000-01-20 13:00:00,15_486,15_078,14_884
2000-01-20 14:00:00,15_466,15_057,14_864
2000-01-20 15:00:00,15_446,15_037,14_843
2000-01-20 16:00:00,15_427,15_016,14_823
2000-01-20 17:00:00,15_406,14_996,14_803
2000-01-20 18:00:00,15_385,14_975,14_782
2000-01-20 19:00:00,15_364,14_955,14_762
2000-01-20 20:00:00,15_341,14_935,14_742
2000-01-20 21:00:00,15_318,14_915,14_722
2000-01-20 22:00:00,15_294,14_895,14_702
2000-01-20 23:00:00,15_271,14_875,14_682
2000-01-21 00:00:00,15_248,14_854,14_662
2000-01-21 01:00:00,15_224,14_833,14_641
2000-01-21 02:00:00,15_201,14_813,14_62
2000-01-21 03:00:00,15_179,14_791,14_6
2000-01-21 04:00:00,15_158,14_77,14_578
2000-01-21 05:00:00,15_137,14_748,14_557
2000-01-21 06:00:00,15_118,14_727,14_536
2000-01-21 07:00:00,15_099,14_705,14_514
2000-01-21 08:00:00,15_081,14_684,14_493
2000-01-21 09:00:00,15_063,14_663,14_472
2000-01-21 10:00:00,15_045,14_642,14_452
2000-01-21 11:00:00,15_027,14_621,14_431
2000-01-21 12:00:00,15_009,14_6,14_41
2000-01-21 13:00:00,14_991,14_579,14_39
2000-01-21 14:00:00,14_972,14_558,14_369
2000-01-21 15:00:00,14_953,14_537,14_348
2000-01-21 16:00:00,14_933,14_515,14_327
2000-01-21 17:00:00,14_911,14_492,14_305
2000-01-21 18:00:00,14_888,14_469,14_283
2000-01-21 19:00:00,14_864,14_446,14_259
2000-01-21 20:00:00,14_838,14_422,14_235
2000-01-21 21:00:00,14_812,14_397,14_209
2000-01-21 22:00:00,14_785,14_372,14_182
2000-01-21 23:00:00,14_758,14_347,14_154
2000-01-22 00:00:00,14_731,14_321,14_124
2000-01-22 01:00:00,14_703,14_296,14_093
2000-01-22 02:00:00,14_676,14_271,14_061
2000-01-22 03:00:00,14_649,14_247,14_028
2000-01-22 04:00:00,14_624,14_224,13_994
2000-01-22 05:00:00,14_599,14_203,13_96
2000-01-22 06:00:00,14_575,14_181,13_926
2000-01-22 07:00:00,14_552,14_16,13_893
2000-01-22 08:00:00,14_528,14_139,13_861
2000-01-22 09:00:00,14_505,14_117,13_83
2000-01-22 10:00:00,14_481,14_096,13_799
2000-01-22 11:00:00,14_457,14_074,13_768
2000-01-22 12:00:00,14_433,14_052,13_738
2000-01-22 13:00:00,14_409,14_029,13_709
2000-01-22 14:00:00,14_385,14_006,13_68
2000-01-22 15:00:00,14_36,13_982,13_653
2000-01-22 16:00:00,14_335,13_958,13_626
2000-01-22 17:00:00,14_31,13_933,13_601
2000-01-22 18:00:00,14_286,13_91,13_576
2000-01-22 19:00:00,14_264,13_888,13_553
2000-01-22 20:00:00,14_244,13_867,13_531
2000-01-22 21:00:00,14_224,13_848,13_51
2000-01-22 22:00:00,14_205,13_829,13_491
2000-01-22 23:00:00,14_187,13_811,13_472
2000-01-23 00:00:00,14_17,13_794,13_454
2000-01-23 01:00:00,14_154,13_777,13_438
2000-01-23 02:00:00,14_139,13_762,13_422
2000-01-23 03:00:00,14_125,13_748,13_407
2000-01-23 04:00:00,14_112,13_734,13_394
2000-01-23 05:00:00,14_099,13_721,13_38
2000-01-23 06:00:00,14_086,13_708,13_368
2000-01-23 07:00:00,14_072,13_695,13_355
2000-01-23 08:00:00,14_059,13_682,13_342
2000-01-23 09:00:00,14_044,13_668,13_329
2000-01-23 10:00:00,14_03,13_654,13_315
2000-01-23 11:00:00,14_014,13_639,13_3
2000-01-23 12:00:00,13_997,13_623,13_285
2000-01-23 13:00:00,13_98,13_606,13_269
2000-01-23 14:00:00,13_962,13_588,13_251
2000-01-23 15:00:00,13_941,13_568,13_233
2000-01-23 16:00:00,13_896,13_531,13_202
2000-01-23 17:00:00,13_86,13_488,13_162
2000-01-23 18:00:00,13_831,13_45,13_124
2000-01-23 19:00:00,13_807,13_416,13_091
2000-01-23 20:00:00,13_786,13_383,13_06
2000-01-23 21:00:00,13_769,13_353,13_031
2000-01-23 22:00:00,13_754,13_325,13_004
2000-01-23 23:00:00,13_739,13_298,12_978
2000-01-24 00:00:00,13_726,13_271,12_954
2000-01-24 01:00:00,13_712,13_244,12_93
2000-01-24 02:00:00,13_698,13_217,12_907
2000-01-24 03:00:00,13_684,13_189,12_885
2000-01-24 04:00:00,13_668,13_159,12_863
2000-01-24 05:00:00,13_652,13_128,12_841
2000-01-24 06:00:00,13_635,13_097,12_82
2000-01-24 07:00:00,13_616,13_068,12_801
2000-01-24 08:00:00,13_596,13_04,12_782
2000-01-24 09:00:00,13_574,13_015,12_763
2000-01-24 10:00:00,13_552,12_99,12_743
2000-01-24 11:00:00,13_532,12_968,12_724
2000-01-24 12:00:00,13_513,12_947,12_704
2000-01-24 13:00:00,13_495,12_928,12_685
2000-01-24 14:00:00,13_477,12_909,12_667
2000-01-24 15:00:00,13_46,12_891,12_65
2000-01-24 16:00:00,13_443,12_873,12_633
2000-01-24 17:00:00,13_427,12_857,12_617
2000-01-24 18:00:00,13_411,12_84,12_601
2000-01-24 19:00:00,13_396,12_825,12_586
2000-01-24 20:00:00,13_381,12_81,12_571
2000-01-24 21:00:00,13_367,12_795,12_557
2000-01-24 22:00:00,13_354,12_781,12_544
2000-01-24 23:00:00,13_341,12_768,12_531
2000-01-25 00:00:00,13_328,12_754,12_519
2000-01-25 01:00:00,13_315,12_742,12_506
2000-01-25 02:00:00,13_303,12_729,12_495
2000-01-25 03:00:00,13_29,12_717,12_483
2000-01-25 04:00:00,13_278,12_705,12_472
2000-01-25 05:00:00,13_267,12_693,12_461
2000-01-25 06:00:00,13_255,12_681,12_45
2000-01-25 07:00:00,13_244,12_67,12_439
2000-01-25 08:00:00,13_233,12_659,12_429
2000-01-25 09:00:00,13_223,12_648,12_419
2000-01-25 10:00:00,13_212,12_638,12_409
2000-01-25 11:00:00,13_202,12_627,12_399
2000-01-25 12:00:00,13_191,12_617,12_39
2000-01-25 13:00:00,13_181,12_607,12_38
2000-01-25 14:00:00,13_17,12_597,12_371
2000-01-25 15:00:00,13_16,12_586,12_361
2000-01-25 16:00:00,13_149,12_576,12_352
2000-01-25 17:00:00,13_138,12_566,12_342
2000-01-25 18:00:00,13_127,12_555,12_333
2000-01-25 19:00:00,13_115,12_545,12_323
2000-01-25 20:00:00,13_104,12_534,12_313
2000-01-25 21:00:00,13_092,12_524,12_303
2000-01-25 22:00:00,13_08,12_513,12_293
2000-01-25 23:00:00,13_068,12_502,12_284
2000-01-26 00:00:00,13_056,12_492,12_274
2000-01-26 01:00:00,13_044,12_481,12_264
2000-01-26 02:00:00,13_032,12_471,12_254
2000-01-26 03:00:00,13_019,12_46,12_244
2000-01-26 04:00:00,13_007,12_449,12_235
2000-01-26 05:00:00,12_994,12_439,12_225
2000-01-26 06:00:00,12_981,12_428,12_215
2000-01-26 07:00:00,12_968,12_417,12_205
2000-01-26 08:00:00,12_955,12_406,12_195
2000-01-26 09:00:00,12_942,12_396,12_186
2000-01-26 10:00:00,12_93,12_385,12_176
2000-01-26 11:00:00,12_917,12_374,12_166
2000-01-26 12:00:00,12_904,12_364,12_156
2000-01-26 13:00:00,12_891,12_353,12_147
2000-01-26 14:00:00,12_878,12_343,12_137
2000-01-26 15:00:00,12_866,12_332,12_128
2000-01-26 16:00:00,12_853,12_322,12_118
2000-01-26 17:00:00,12_841,12_312,12_109
2000-01-26 18:00:00,12_829,12_302,12_1
2000-01-26 19:00:00,12_817,12_292,12_091
2000-01-26 20:00:00,12_805,12_282,12_083
2000-01-26 21:00:00,12_793,12_272,12_074
2000-01-26 22:00:00,12_782,12_263,12_066
2000-01-26 23:00:00,12_77,12_254,12_057
2000-01-27 00:00:00,12_759,12_244,12_049
2000-01-27 01:00:00,12_748,12_235,12_041
2000-01-27 02:00:00,12_737,12_226,12_033
2000-01-27 03:00:00,12_726,12_218,12_026
2000-01-27 04:00:00,12_715,12_209,12_018
2000-01-27 05:00:00,12_705,12_2,12_01
2000-01-27 06:00:00,12_694,12_191,12_002
2000-01-27 07:00:00,12_683,12_182,11_994
2000-01-27 08:00:00,12_672,12_173,11_986
2000-01-27 09:00:00,12_66,12_164,11_978
2000-01-27 10:00:00,12_649,12_154,11_97
2000-01-27 11:00:00,12_637,12_145,11_961
2000-01-27 12:00:00,12_625,12_135,11_953
2000-01-27 13:00:00,12_613,12_125,11_944
2000-01-27 14:00:00,12_601,12_115,11_935
2000-01-27 15:00:00,12_589,12_104,11_926
2000-01-27 16:00:00,12_576,12_094,11_916
2000-01-27 17:00:00,12_564,12_083,11_907
2000-01-27 18:00:00,12_551,12_072,11_897
2000-01-27 19:00:00,12_538,12_061,11_888
2000-01-27 20:00:00,12_525,12_05,11_878
2000-01-27 21:00:00,12_512,12_039,11_868
2000-01-27 22:00:00,12_498,12_028,11_858
2000-01-27 23:00:00,12_485,12_016,11_847
2000-01-28 00:00:00,12_471,12_005,11_837
2000-01-28 01:00:00,12_457,11_993,11_826
2000-01-28 02:00:00,12_442,11_98,11_815
2000-01-28 03:00:00,12_427,11_968,11_803
2000-01-28 04:00:00,12_412,11_955,11_792
2000-01-28 05:00:00,12_397,11_942,11_78
2000-01-28 06:00:00,12_382,11_929,11_768
2000-01-28 07:00:00,12_367,11_916,11_755
2000-01-28 08:00:00,12_352,11_902,11_743
2000-01-28 09:00:00,12_337,11_889,11_73
2000-01-28 10:00:00,12_322,11_876,11_718
2000-01-28 11:00:00,12_307,11_863,11_706
2000-01-28 12:00:00,12_293,11_85,11_694
2000-01-28 13:00:00,12_279,11_838,11_682
2000-01-28 14:00:00,12_265,11_826,11_671
2000-01-28 15:00:00,12_252,11_814,11_66
2000-01-28 16:00:00,12_239,11_803,11_649
2000-01-28 17:00:00,12_227,11_792,11_638
2000-01-28 18:00:00,12_214,11_781,11_628
2000-01-28 19:00:00,12_203,11_771,11_618
2000-01-28 20:00:00,12_191,11_76,11_609
2000-01-28 21:00:00,12_18,11_751,11_6
2000-01-28 22:00:00,12_169,11_741,11_59
2000-01-28 23:00:00,12_159,11_732,11_582
2000-01-29 00:00:00,12_148,11_722,11_573
2000-01-29 01:00:00,12_138,11_713,11_564
2000-01-29 02:00:00,12_128,11_705,11_556
2000-01-29 03:00:00,12_119,11_696,11_548
2000-01-29 04:00:00,12_109,11_688,11_54
2000-01-29 05:00:00,12_1,11_68,11_532
2000-01-29 06:00:00,12_091,11_672,11_525
2000-01-29 07:00:00,12_083,11_664,11_518
2000-01-29 08:00:00,12_075,11_657,11_511
2000-01-29 09:00:00,12_067,11_65,11_504
2000-01-29 10:00:00,12_06,11_644,11_498
2000-01-29 11:00:00,12_053,11_638,11_492
2000-01-29 12:00:00,12_047,11_632,11_486
2000-01-29 13:00:00,12_041,11_626,11_481
2000-01-29 14:00:00,12_035,11_621,11_476
2000-01-29 15:00:00,12_03,11_616,11_471
2000-01-29 16:00:00,12_025,11_611,11_466
2000-01-29 17:00:00,12_02,11_606,11_462
2000-01-29 18:00:00,12_015,11_602,11_457
2000-01-29 19:00:00,12_011,11_598,11_453
2000-01-29 20:00:00,12_007,11_594,11_449
2000-01-29 21:00:00,12_003,11_59,11_446
2000-01-29 22:00:00,11_999,11_587,11_442
2000-01-29 23:00:00,11_996,11_583,11_439
2000-01-30 00:00:00,11_993,11_58,11_436
2000-01-30 01:00:00,11_99,11_577,11_433
2000-01-30 02:00:00,11_987,11_574,11_43
2000-01-30 03:00:00,11_984,11_571,11_427
2000-01-30 04:00:00,11_981,11_569,11_424
2000-01-30 05:00:00,11_978,11_566,11_422
2000-01-30 06:00:00,11_975,11_563,11_419
2000-01-30 07:00:00,11_972,11_561,11_417
2000-01-30 08:00:00,11_969,11_558,11_414
2000-01-30 09:00:00,11_966,11_554,11_411
2000-01-30 10:00:00,11_962,11_551,11_408
2000-01-30 11:00:00,11_958,11_548,11_405
2000-01-30 12:00:00,11_953,11_544,11_401
2000-01-30 13:00:00,11_949,11_54,11_397
2000-01-30 14:00:00,11_944,11_536,11_394
2000-01-30 15:00:00,11_939,11_532,11_39
2000-01-30 16:00:00,11_933,11_527,11_385
2000-01-30 17:00:00,11_928,11_523,11_381
2000-01-30 18:00:00,11_922,11_518,11_377
2000-01-30 19:00:00,11_916,11_513,11_372
2000-01-30 20:00:00,11_91,11_508,11_367
2000-01-30 21:00:00,11_904,11_502,11_362
2000-01-30 22:00:00,11_897,11_497,11_357
2000-01-30 23:00:00,11_89,11_491,11_352
2000-01-31 00:00:00,11_884,11_485,11_346
