Time [yyyy-MM-dd HH:mm:ss];ObservationPoint1: Discharge at (Bovenrijn_B_B_ 1855_014)_ Flow1D [m³/s];ObservationPoint3: Discharge at (Waal1_ 251)_ Flow1D [m³/s];ObservationPoint2: Discharge at (PanKan1_ 246_5)_ Flow1D [m³/s]
29-12-99 00:00;3577;2460;1119.7
29-12-99 01:00;4662.6;3776.2;902.58
29-12-99 02:00;4300.4;3300.9;995.21
29-12-99 03:00;4252.9;3162;1084.6
29-12-99 04:00;4258.8;3119;1133.9
29-12-99 05:00;4270.2;3098.1;1167.1
29-12-99 06:00;4281.9;3086.6;1191
29-12-99 07:00;4291.8;3079.2;1209.1
29-12-99 08:00;4299.9;3073.6;1223.3
29-12-99 09:00;4306.5;3069.2;1234.8
29-12-99 10:00;4311.8;3065.4;1244.2
29-12-99 11:00;4316.1;3062.2;1252.1
29-12-99 12:00;4319.7;3059.3;1258.8
29-12-99 13:00;4322.7;3056.8;1264.5
29-12-99 14:00;4325.2;3054.6;1269.4
29-12-99 15:00;4327.3;3052.6;1273.7
29-12-99 16:00;4329.2;3050.8;1277.4
29-12-99 17:00;4330.8;3049.2;1280.7
29-12-99 18:00;4332.1;3047.7;1283.6
29-12-99 19:00;4333.3;3046.5;1286.2
29-12-99 20:00;4334.4;3045.3;1288.4
29-12-99 21:00;4335.3;3044.3;1290.4
29-12-99 22:00;4336.1;3043.3;1292.2
29-12-99 23:00;4336.8;3042.5;1293.9
30-12-99 00:00;4337.5;3041.8;1295.3
30-12-99 01:00;4338.1;3041.1;1296.6
30-12-99 02:00;4338.6;3040.5;1297.8
30-12-99 03:00;4339;3039.9;1298.8
30-12-99 04:00;4339.4;3039.4;1299.8
30-12-99 05:00;4339.8;3039;1300.6
30-12-99 06:00;4340.2;3038.5;1301.4
30-12-99 07:00;4340.5;3038.2;1302.1
30-12-99 08:00;4340.8;3037.8;1302.7
30-12-99 09:00;4341;3037.5;1303.3
30-12-99 10:00;4341.2;3037.2;1303.8
30-12-99 11:00;4341.4;3037;1304.3
30-12-99 12:00;4341.6;3036.8;1304.7
30-12-99 13:00;4341.8;3036.6;1305.1
30-12-99 14:00;4342;3036.4;1305.5
30-12-99 15:00;4342.1;3036.2;1305.8
30-12-99 16:00;4342.3;3036;1306.1
30-12-99 17:00;4342.4;3035.9;1306.4
30-12-99 18:00;4342.5;3035.8;1306.6
30-12-99 19:00;4342.6;3035.6;1306.9
30-12-99 20:00;4342.7;3035.5;1307.1
30-12-99 21:00;4342.8;3035.4;1307.3
30-12-99 22:00;4342.9;3035.3;1307.5
30-12-99 23:00;4342.9;3035.3;1307.6
31-12-99 00:00;4343;3035.2;1307.8
31-12-99 01:00;4343.1;3035.1;1307.9
31-12-99 02:00;4343.1;3035;1308
31-12-99 03:00;4343.2;3035;1308.1
31-12-99 04:00;4343.2;3034.9;1308.3
31-12-99 05:00;4343.3;3034.9;1308.4
31-12-99 06:00;4343.3;3034.8;1308.4
31-12-99 07:00;4343.3;3034.8;1308.5
31-12-99 08:00;4343.4;3034.7;1308.6
31-12-99 09:00;4343.4;3034.7;1308.7
31-12-99 10:00;4343.4;3034.7;1308.8
31-12-99 11:00;4343.5;3034.6;1308.8
31-12-99 12:00;4343.5;3034.6;1308.9
31-12-99 13:00;4343.5;3034.5;1308.9
31-12-99 14:00;4343.5;3034.5;1309
31-12-99 15:00;4343.5;3034.5;1309
31-12-99 16:00;4343.6;3034.5;1309.1
31-12-99 17:00;4343.6;3034.4;1309.1
31-12-99 18:00;4343.6;3034.4;1309.2
31-12-99 19:00;4343.6;3034.4;1309.2
31-12-99 20:00;4343.6;3034.4;1309.2
31-12-99 21:00;4343.6;3034.3;1309.3
31-12-99 22:00;4343.6;3034.3;1309.3
31-12-99 23:00;4343.6;3034.3;1309.3
01-01-00 00:00;4343.6;3034.3;1309.4
01-01-00 01:00;4343.4;3034.1;1309.3
01-01-00 02:00;4343.1;3033.8;1309.2
01-01-00 03:00;4342.7;3033.6;1309.2
01-01-00 04:00;4342.3;3033.3;1309.1
01-01-00 05:00;4341.9;3033;1309
01-01-00 06:00;4341.5;3032.7;1308.8
01-01-00 07:00;4341.1;3032.4;1308.7
01-01-00 08:00;4340.6;3032.1;1308.6
01-01-00 09:00;4340.2;3031.8;1308.5
01-01-00 10:00;4339.8;3031.4;1308.4
01-01-00 11:00;4339.4;3031.1;1308.3
01-01-00 12:00;4339;3030.8;1308.1
01-01-00 13:00;4338.5;3030.5;1308
01-01-00 14:00;4338.1;3030.2;1307.9
01-01-00 15:00;4337.7;3029.9;1307.8
01-01-00 16:00;4337.2;3029.6;1307.6
01-01-00 17:00;4336.8;3029.3;1307.5
01-01-00 18:00;4336.4;3029;1307.4
01-01-00 19:00;4335.9;3028.7;1307.2
01-01-00 20:00;4335.5;3028.4;1307.1
01-01-00 21:00;4335.1;3028.1;1307
01-01-00 22:00;4334.6;3027.8;1306.8
01-01-00 23:00;4334.2;3027.5;1306.7
02-01-00 00:00;4333.7;3027.2;1306.6
02-01-00 01:00;4335.6;3028.4;1307.1
02-01-00 02:00;4338.8;3030.6;1308.1
02-01-00 03:00;4342.2;3033;1309.1
02-01-00 04:00;4345.8;3035.4;1310.2
02-01-00 05:00;4349.5;3038;1311.3
02-01-00 06:00;4353.2;3040.5;1312.5
02-01-00 07:00;4357;3043.1;1313.6
02-01-00 08:00;4360.7;3045.6;1314.9
02-01-00 09:00;4364.6;3048.2;1316.1
02-01-00 10:00;4368.4;3050.8;1317.3
02-01-00 11:00;4372.2;3053.4;1318.6
02-01-00 12:00;4376.1;3056;1319.8
02-01-00 13:00;4380;3058.6;1321.1
02-01-00 14:00;4383.8;3061.1;1322.4
02-01-00 15:00;4387.7;3063.7;1323.7
02-01-00 16:00;4391.6;3066.3;1325
02-01-00 17:00;4395.5;3068.9;1326.3
02-01-00 18:00;4399.4;3071.5;1327.6
02-01-00 19:00;4403.3;3074.1;1328.9
02-01-00 20:00;4407.2;3076.7;1330.2
02-01-00 21:00;4411.2;3079.3;1331.5
02-01-00 22:00;4415.1;3081.9;1332.8
02-01-00 23:00;4419;3084.6;1334.1
03-01-00 00:00;4422.9;3087.2;1335.4
03-01-00 01:00;4426.2;3089.4;1336.5
03-01-00 02:00;4429.1;3091.4;1337.4
03-01-00 03:00;4432;3093.3;1338.4
03-01-00 04:00;4434.8;3095.2;1339.3
03-01-00 05:00;4437.6;3097.1;1340.2
03-01-00 06:00;4440.4;3099;1341.1
03-01-00 07:00;4443.2;3100.9;1342
03-01-00 08:00;4445.9;3102.7;1342.9
03-01-00 09:00;4448.7;3104.6;1343.8
03-01-00 10:00;4451.4;3106.5;1344.6
03-01-00 11:00;4454.2;3108.4;1345.5
03-01-00 12:00;4456.9;3110.3;1346.3
03-01-00 13:00;4459.7;3112.2;1347.2
03-01-00 14:00;4462.4;3114.2;1348
03-01-00 15:00;4465.2;3116.1;1348.8
03-01-00 16:00;4467.9;3118;1349.6
03-01-00 17:00;4470.6;3119.9;1350.5
03-01-00 18:00;4473.4;3121.8;1351.3
03-01-00 19:00;4476.1;3123.8;1352.1
03-01-00 20:00;4478.9;3125.7;1352.9
03-01-00 21:00;4481.6;3127.6;1353.7
03-01-00 22:00;4484.3;3129.6;1354.5
03-01-00 23:00;4487.1;3131.5;1355.3
04-01-00 00:00;4489.8;3133.5;1356
04-01-00 01:00;4497.4;3138.6;1358.3
04-01-00 02:00;4507.6;3145.7;1361.4
04-01-00 03:00;4518.4;3153.2;1364.5
04-01-00 04:00;4529.5;3160.9;1367.8
04-01-00 05:00;4540.7;3168.7;1371.2
04-01-00 06:00;4552.1;3176.6;1374.7
04-01-00 07:00;4563.5;3184.4;1378.3
04-01-00 08:00;4575.1;3192.3;1381.8
04-01-00 09:00;4586.6;3200.2;1385.5
04-01-00 10:00;4598.2;3208.1;1389.1
04-01-00 11:00;4609.9;3216.1;1392.8
04-01-00 12:00;4621.5;3224;1396.6
04-01-00 13:00;4633.2;3232;1400.3
04-01-00 14:00;4644.8;3240;1403.8
04-01-00 15:00;4656.4;3248.2;1407.2
04-01-00 16:00;4668;3256.6;1410.4
04-01-00 17:00;4679.7;3264.9;1413.8
04-01-00 18:00;4691.4;3273.3;1417.1
04-01-00 19:00;4703.2;3281.7;1420.5
04-01-00 20:00;4715;3290.1;1423.8
04-01-00 21:00;4726.8;3298.4;1427.2
04-01-00 22:00;4738.6;3306.8;1430.6
04-01-00 23:00;4750.4;3315.2;1434
05-01-00 00:00;4762.2;3323.6;1437.4
05-01-00 01:00;4771.6;3330.4;1440.2
05-01-00 02:00;4779.7;3336.2;1442.6
05-01-00 03:00;4787.5;3341.7;1444.9
05-01-00 04:00;4795.2;3347.1;1447.2
05-01-00 05:00;4802.8;3352.4;1449.5
05-01-00 06:00;4810.3;3357.8;1451.7
05-01-00 07:00;4817.9;3363.1;1453.9
05-01-00 08:00;4825.3;3368.4;1456.1
05-01-00 09:00;4832.8;3373.7;1458.3
05-01-00 10:00;4840.2;3379;1460.4
05-01-00 11:00;4847.7;3384.3;1462.5
05-01-00 12:00;4855.1;3389.6;1464.7
05-01-00 13:00;4862.5;3394.9;1466.8
05-01-00 14:00;4869.9;3400.1;1468.9
05-01-00 15:00;4877.2;3405.4;1471
05-01-00 16:00;4884.6;3410.7;1473.1
05-01-00 17:00;4892;3416;1475.2
05-01-00 18:00;4899.4;3421.3;1477.3
05-01-00 19:00;4906.7;3426.5;1479.4
05-01-00 20:00;4914.1;3431.8;1481.5
05-01-00 21:00;4921.5;3437.1;1483.6
05-01-00 22:00;4928.8;3442.3;1485.7
05-01-00 23:00;4936.2;3447.6;1487.8
06-01-00 00:00;4943.5;3452.9;1489.9
06-01-00 01:00;4951.5;3458.6;1492.1
06-01-00 02:00;4959.7;3464.5;1494.4
06-01-00 03:00;4968;3470.5;1496.8
06-01-00 04:00;4976.4;3476.5;1499.1
06-01-00 05:00;4984.7;3482.5;1501.4
06-01-00 06:00;4993.1;3488.5;1503.7
06-01-00 07:00;5001.4;3494.5;1506.1
06-01-00 08:00;5009.8;3500.6;1508.4
06-01-00 09:00;5018.2;3506.6;1510.8
06-01-00 10:00;5026.6;3512.7;1513.1
06-01-00 11:00;5035;3518.7;1515.4
06-01-00 12:00;5043.4;3524.8;1517.8
06-01-00 13:00;5051.8;3530.9;1520.1
06-01-00 14:00;5060.2;3537;1522.4
06-01-00 15:00;5068.6;3543;1524.7
06-01-00 16:00;5077;3549.1;1527.1
06-01-00 17:00;5085.4;3555.2;1529.4
06-01-00 18:00;5093.8;3561.3;1531.7
06-01-00 19:00;5102.2;3567.3;1534.1
06-01-00 20:00;5110.6;3573.4;1536.4
06-01-00 21:00;5119;3579.5;1538.7
06-01-00 22:00;5127.5;3585.6;1541
06-01-00 23:00;5135.9;3591.7;1543.3
07-01-00 00:00;5144.3;3597.8;1545.7
07-01-00 01:00;5153.6;3604.6;1548.2
07-01-00 02:00;5163.4;3611.7;1550.9
07-01-00 03:00;5173.3;3618.9;1553.6
07-01-00 04:00;5183.3;3626.1;1556.3
07-01-00 05:00;5193.2;3633.3;1559
07-01-00 06:00;5203.2;3640.6;1561.7
07-01-00 07:00;5213.2;3647.8;1564.4
07-01-00 08:00;5223.2;3655.1;1567.2
07-01-00 09:00;5233.2;3662.4;1569.9
07-01-00 10:00;5243.2;3669.6;1572.7
07-01-00 11:00;5253.3;3676.9;1575.4
07-01-00 12:00;5263.3;3684.2;1578.2
07-01-00 13:00;5273.4;3691.4;1581
07-01-00 14:00;5283.5;3698.7;1583.8
07-01-00 15:00;5293.5;3706;1586.6
07-01-00 16:00;5303.6;3713.2;1589.5
07-01-00 17:00;5313.7;3720.4;1592.3
07-01-00 18:00;5323.7;3727.6;1595.2
07-01-00 19:00;5333.8;3734.8;1598.1
07-01-00 20:00;5343.9;3742;1601
07-01-00 21:00;5353.9;3749.1;1603.9
07-01-00 22:00;5364;3756.3;1606.8
07-01-00 23:00;5374.1;3763.4;1609.7
08-01-00 00:00;5384.1;3770.6;1612.6
08-01-00 01:00;5398.3;3780.7;1616.6
08-01-00 02:00;5414.3;3792.1;1621.1
08-01-00 03:00;5430.7;3803.9;1625.6
08-01-00 04:00;5447.3;3815.8;1630.1
08-01-00 05:00;5463.9;3827.8;1634.8
08-01-00 06:00;5480.7;3839.9;1639.5
08-01-00 07:00;5497.5;3852;1644.2
08-01-00 08:00;5514.4;3864.1;1648.9
08-01-00 09:00;5531.3;3876.2;1653.7
08-01-00 10:00;5548.3;3888.4;1658.5
08-01-00 11:00;5565.2;3900.5;1663.3
08-01-00 12:00;5582.2;3912.7;1668.1
08-01-00 13:00;5599.3;3924.9;1673
08-01-00 14:00;5616.4;3937.1;1677.8
08-01-00 15:00;5633.4;3949.4;1682.7
08-01-00 16:00;5650.5;3961.6;1687.5
08-01-00 17:00;5667.6;3973.8;1692.3
08-01-00 18:00;5684.7;3986.1;1697.2
08-01-00 19:00;5701.8;3998.4;1702
08-01-00 20:00;5719;4010.7;1706.8
08-01-00 21:00;5736.1;4023;1711.6
08-01-00 22:00;5753.2;4035.4;1716.4
08-01-00 23:00;5770.4;4047.8;1721.2
09-01-00 00:00;5787.5;4060.2;1725.9
09-01-00 01:00;5811.9;4077.8;1732.4
09-01-00 02:00;5839.4;4097.7;1739.8
09-01-00 03:00;5867.7;4118.5;1747.3
09-01-00 04:00;5896.2;4139.5;1754.7
09-01-00 05:00;5925;4160.8;1762.1
09-01-00 06:00;5953.9;4182.3;1769.6
09-01-00 07:00;5983;4203.9;1777.1
09-01-00 08:00;6012.2;4225.6;1784.5
09-01-00 09:00;6041.5;4247.4;1791.9
09-01-00 10:00;6070.8;4269.3;1799.3
09-01-00 11:00;6100.1;4291.2;1806.7
09-01-00 12:00;6129.4;4313.2;1814
09-01-00 13:00;6158.8;4335.2;1821.4
09-01-00 14:00;6188.2;4357.2;1828.8
09-01-00 15:00;6217.6;4379.3;1836.1
09-01-00 16:00;6247.1;4401.4;1843.5
09-01-00 17:00;6276.6;4423.5;1850.8
09-01-00 18:00;6306;4445.6;1858.2
09-01-00 19:00;6335.4;4467.6;1865.5
09-01-00 20:00;6364.9;4489.7;1872.9
09-01-00 21:00;6394.3;4511.8;1880.3
09-01-00 22:00;6423.8;4533.9;1887.6
09-01-00 23:00;6453.3;4556;1895
10-01-00 00:00;6482.7;4578;1902.4
10-01-00 01:00;6511.7;4599.7;1909.7
10-01-00 02:00;6540.4;4621.2;1916.9
10-01-00 03:00;6569.2;4642.8;1924.1
10-01-00 04:00;6597.9;4664.3;1931.3
10-01-00 05:00;6626.6;4685.8;1938.5
10-01-00 06:00;6655.2;4707.3;1945.6
10-01-00 07:00;6683.8;4728.9;1952.7
10-01-00 08:00;6712.5;4750.5;1959.7
10-01-00 09:00;6741.2;4772.1;1966.8
10-01-00 10:00;6769.8;4793.7;1973.9
10-01-00 11:00;6798.5;4815.3;1980.9
10-01-00 12:00;6827.2;4836.9;1988
10-01-00 13:00;6855.8;4858.5;1995.1
10-01-00 14:00;6884.5;4880.2;2002.1
10-01-00 15:00;6913.3;4902;2009.1
10-01-00 16:00;6942;4923.9;2016
10-01-00 17:00;6970.8;4945.8;2022.8
10-01-00 18:00;6999.6;4967.8;2029.6
10-01-00 19:00;7028.4;4989.9;2036.3
10-01-00 20:00;7057.1;5012.1;2042.9
10-01-00 21:00;7085.9;5034.4;2049.4
10-01-00 22:00;7114.7;5056.7;2055.8
10-01-00 23:00;7143.5;5079.1;2062.3
11-01-00 00:00;7172.2;5101.4;2068.7
11-01-00 01:00;7207.3;5128.2;2076.7
11-01-00 02:00;7245.3;5157.1;2085.7
11-01-00 03:00;7283.9;5186.5;2094.8
11-01-00 04:00;7322.7;5216.2;2103.9
11-01-00 05:00;7361.6;5246.2;2112.8
11-01-00 06:00;7400.6;5276.4;2121.6
11-01-00 07:00;7439.7;5306.7;2130.4
11-01-00 08:00;7478.8;5336.9;2139.2
11-01-00 09:00;7517.9;5367.2;2148
11-01-00 10:00;7557;5397.5;2156.9
11-01-00 11:00;7596.1;5427.7;2165.7
11-01-00 12:00;7635.2;5457.8;2174.7
11-01-00 13:00;7674.3;5487.9;2183.7
11-01-00 14:00;7713.4;5518;2192.7
11-01-00 15:00;7752.2;5547.8;2201.6
11-01-00 16:00;7791.3;5577.9;2210.7
11-01-00 17:00;7830.6;5608;2219.8
11-01-00 18:00;7869.8;5638.1;2229
11-01-00 19:00;7909.1;5668.2;2238.2
11-01-00 20:00;7948.3;5698.3;2247.3
11-01-00 21:00;7987.6;5728.5;2256.4
11-01-00 22:00;8026.9;5758.6;2265.6
11-01-00 23:00;8066.1;5788.8;2274.6
12-01-00 00:00;8105.4;5818.9;2283.8
12-01-00 01:00;8153.6;5855;2295.6
12-01-00 02:00;8206.3;5893.9;2309.3
12-01-00 03:00;8260.2;5933.4;2323.6
12-01-00 04:00;8314.6;5973.2;2338.1
12-01-00 05:00;8369.1;6013.3;2352.4
12-01-00 06:00;8423.7;6052.9;2367.2
12-01-00 07:00;8478.7;6092.3;2382.7
12-01-00 08:00;8534.1;6131.2;2398.8
12-01-00 09:00;8589.8;6169.6;2415.7
12-01-00 10:00;8645.8;6207.5;2433.5
12-01-00 11:00;8702.2;6244.7;2452.4
12-01-00 12:00;8758.7;6281.3;2472.1
12-01-00 13:00;8815.6;6317.9;2492.3
12-01-00 14:00;8873;6354.4;2513
12-01-00 15:00;8931;6391.3;2534
12-01-00 16:00;8989.2;6428.1;2555.3
12-01-00 17:00;9047.9;6465.7;2576.5
12-01-00 18:00;9106.6;6503.4;2597.5
12-01-00 19:00;9165.3;6541.1;2618.5
12-01-00 20:00;9223.8;6578.9;2639.2
12-01-00 21:00;9282.1;6616.8;2659.7
12-01-00 22:00;9340.4;6654.8;2680
12-01-00 23:00;9398.5;6692.9;2700.1
13-01-00 00:00;9456.3;6730.9;2719.9
13-01-00 01:00;9524.3;6775.5;2742.7
13-01-00 02:00;9597.1;6823.9;2766.8
13-01-00 03:00;9670.2;6871.9;2791.6
13-01-00 04:00;9743.7;6920.8;2816
13-01-00 05:00;9818.2;6969.9;2841.3
13-01-00 06:00;9892.9;7018.6;2867.3
13-01-00 07:00;9968;7066.9;2894.2
13-01-00 08:00;10044;7115.6;2921.2
13-01-00 09:00;10119;7163;2948.7
13-01-00 10:00;10193;7209.6;2976
13-01-00 11:00;10265;7254.1;3003.2
13-01-00 12:00;10338;7299.7;3030.2
13-01-00 13:00;10411;7344.5;3057.4
13-01-00 14:00;10484;7390;3084.4
13-01-00 15:00;10556;7434.8;3111.5
13-01-00 16:00;10628;7478.5;3139
13-01-00 17:00;10700;7523.2;3166.5
13-01-00 18:00;10774;7570;3193.3
13-01-00 19:00;10847;7616.4;3219.9
13-01-00 20:00;10920;7661.8;3246
13-01-00 21:00;10991;7706.4;3272.1
13-01-00 22:00;11063;7751.2;3298.2
13-01-00 23:00;11134;7796.1;3323.9
14-01-00 00:00;11205;7839.9;3350.1
14-01-00 01:00;11266;7877.7;3373.9
14-01-00 02:00;11322;7911.5;3396
14-01-00 03:00;11376;7944.9;3417.3
14-01-00 04:00;11430;7976.7;3438.8
14-01-00 05:00;11483;8008.2;3460.7
14-01-00 06:00;11537;8039.9;3482.5
14-01-00 07:00;11591;8071.7;3504.3
14-01-00 08:00;11645;8103.1;3527
14-01-00 09:00;11699;8133.3;3551.4
14-01-00 10:00;11753;8162.4;3576.1
14-01-00 11:00;11807;8190.8;3601.1
14-01-00 12:00;11860;8218.6;3626.5
14-01-00 13:00;11914;8246;3652.2
14-01-00 14:00;11967;8272.9;3678.3
14-01-00 15:00;12019;8296.8;3705.7
14-01-00 16:00;12071;8320.6;3733.6
14-01-00 17:00;12124;8344.5;3762.4
14-01-00 18:00;12177;8368.4;3791.3
14-01-00 19:00;12230;8392.5;3820.2
14-01-00 20:00;12283;8415.9;3849.5
14-01-00 21:00;12336;8439.6;3878.7
14-01-00 22:00;12389;8463.4;3907.7
14-01-00 23:00;12442;8487.8;3936.3
15-01-00 00:00;12496;8513.1;3964.6
15-01-00 01:00;12534;8533.8;3985.1
15-01-00 02:00;12562;8548.2;4001.3
15-01-00 03:00;12586;8559.7;4015.5
15-01-00 04:00;12608;8569.7;4028.5
15-01-00 05:00;12629;8579.1;4040.4
15-01-00 06:00;12649;8588.3;4051.7
15-01-00 07:00;12668;8597.4;4062.4
15-01-00 08:00;12687;8606.4;4072.5
15-01-00 09:00;12706;8615.6;4082.3
15-01-00 10:00;12724;8624.7;4091.7
15-01-00 11:00;12742;8634;4100.8
15-01-00 12:00;12760;8643.4;4109.6
15-01-00 13:00;12778;8652.8;4118.3
15-01-00 14:00;12796;8662.3;4126.7
15-01-00 15:00;12814;8671.8;4135
15-01-00 16:00;12831;8681.5;4143.1
15-01-00 17:00;12849;8691.3;4151.1
15-01-00 18:00;12867;8701.1;4158.9
15-01-00 19:00;12884;8711;4166.6
15-01-00 20:00;12902;8720.9;4174.2
15-01-00 21:00;12919;8730.9;4181.6
15-01-00 22:00;12936;8740.9;4189
15-01-00 23:00;12954;8751;4196.3
16-01-00 00:00;12971;8761.2;4203.5
16-01-00 01:00;12974;8766.2;4203.9
16-01-00 02:00;12967;8763.9;4201.9
16-01-00 03:00;12958;8758.4;4199.3
16-01-00 04:00;12947;8751.4;4196.2
16-01-00 05:00;12935;8743.6;4192.7
16-01-00 06:00;12922;8735.4;4188.9
16-01-00 07:00;12909;8726.9;4184.8
16-01-00 08:00;12896;8718.3;4180.6
16-01-00 09:00;12883;8709.6;4176.1
16-01-00 10:00;12869;8700.8;4171.5
16-01-00 11:00;12855;8692.1;4166.7
16-01-00 12:00;12841;8683.3;4161.8
16-01-00 13:00;12828;8674.5;4156.8
16-01-00 14:00;12814;8665.6;4151.8
16-01-00 15:00;12799;8656.8;4146.6
16-01-00 16:00;12785;8648;4141.4
16-01-00 17:00;12771;8639.2;4136
16-01-00 18:00;12757;8630.5;4130.6
16-01-00 19:00;12742;8621.7;4125.1
16-01-00 20:00;12728;8613.1;4119.5
16-01-00 21:00;12714;8604.4;4113.8
16-01-00 22:00;12699;8595.8;4108.1
16-01-00 23:00;12685;8587.2;4102.3
17-01-00 00:00;12670;8578.7;4096.5
17-01-00 01:00;12645;8566.5;4085.7
17-01-00 02:00;12614;8549.4;4073.1
17-01-00 03:00;12581;8530.3;4059.7
17-01-00 04:00;12546;8510.4;4045.7
17-01-00 05:00;12511;8490;4031.3
17-01-00 06:00;12475;8469.4;4016.5
17-01-00 07:00;12439;8448.8;4001.3
17-01-00 08:00;12403;8428.2;3985.9
17-01-00 09:00;12367;8407.8;3970.1
17-01-00 10:00;12330;8387.4;3954.1
17-01-00 11:00;12294;8367.3;3937.9
17-01-00 12:00;12257;8347.3;3921.3
17-01-00 13:00;12220;8327.5;3904.5
17-01-00 14:00;12183;8307.7;3887.5
17-01-00 15:00;12146;8287.9;3870.1
17-01-00 16:00;12109;8268.1;3852.4
17-01-00 17:00;12071;8248.5;3834.5
17-01-00 18:00;12033;8229;3816.4
17-01-00 19:00;11996;8209.5;3798.4
17-01-00 20:00;11959;8190.1;3780.3
17-01-00 21:00;11921;8170.7;3762.2
17-01-00 22:00;11884;8151.4;3744
17-01-00 23:00;11846;8132;3725.9
18-01-00 00:00;11809;8112.4;3707.7
18-01-00 01:00;11768;8091.1;3688.6
18-01-00 02:00;11725;8068.3;3668.9
18-01-00 03:00;11682;8044.7;3649.3
18-01-00 04:00;11638;8020.8;3629.7
18-01-00 05:00;11594;7996.6;3610
18-01-00 06:00;11550;7972.2;3590.3
18-01-00 07:00;11506;7947.6;3570.8
18-01-00 08:00;11462;7922.7;3551.3
18-01-00 09:00;11416;7895.7;3532.5
18-01-00 10:00;11371;7868.8;3514
18-01-00 11:00;11327;7841.7;3496.8
18-01-00 12:00;11283;7813.9;3480.4
18-01-00 13:00;11238;7785.8;3464
18-01-00 14:00;11194;7757.5;3447.6
18-01-00 15:00;11149;7729;3431.2
18-01-00 16:00;11105;7701.1;3414.6
18-01-00 17:00;11060;7673;3398
18-01-00 18:00;11015;7644.8;3381.3
18-01-00 19:00;10970;7616.8;3364.3
18-01-00 20:00;10925;7588.9;3347
18-01-00 21:00;10880;7561.4;3329.4
18-01-00 22:00;10835;7534;3311.5
18-01-00 23:00;10790;7506.5;3293.5
19-01-00 00:00;10744;7478.5;3275.4
19-01-00 01:00;10698;7450.8;3256.8
19-01-00 02:00;10651;7421.6;3238.2
19-01-00 03:00;10604;7393.7;3219.2
19-01-00 04:00;10557;7365.5;3199.9
19-01-00 05:00;10509;7336.8;3180.5
19-01-00 06:00;10462;7308.4;3161.3
19-01-00 07:00;10415;7280.2;3142.1
19-01-00 08:00;10368;7251.9;3123
19-01-00 09:00;10320;7223.5;3104
19-01-00 10:00;10273;7195;3085.1
19-01-00 11:00;10226;7165.9;3066.5
19-01-00 12:00;10179;7137;3048
19-01-00 13:00;10131;7108.1;3029.5
19-01-00 14:00;10084;7079.2;3011
19-01-00 15:00;10037;7050.3;2992.6
19-01-00 16:00;9990.1;7021.5;2974.2
19-01-00 17:00;9943.1;6992.8;2955.6
19-01-00 18:00;9895.5;6963.3;2937.3
19-01-00 19:00;9848.7;6934.5;2919
19-01-00 20:00;9803;6906.8;2900.8
19-01-00 21:00;9757.3;6878.7;2882.9
19-01-00 22:00;9711.6;6850.8;2865.2
19-01-00 23:00;9666.2;6823.1;2847.6
20-01-00 00:00;9620.9;6795.5;2829.9
20-01-00 01:00;9577.7;6769.1;2813.1
20-01-00 02:00;9536.1;6744;2796.5
20-01-00 03:00;9494.6;6719.3;2779.7
20-01-00 04:00;9453.1;6694.4;2763.1
20-01-00 05:00;9411.5;6669.3;2746.7
20-01-00 06:00;9369.6;6644;2730
20-01-00 07:00;9327.7;6618.8;2713.3
20-01-00 08:00;9286;6593.5;2696.7
20-01-00 09:00;9243.8;6567.3;2680.7
20-01-00 10:00;9202.1;6541.5;2664.7
20-01-00 11:00;9160.7;6516;2648.8
20-01-00 12:00;9119.3;6490.5;2632.9
20-01-00 13:00;9077.9;6464.9;2617
20-01-00 14:00;9036.6;6439.5;2601.1
20-01-00 15:00;8995.5;6414.3;2585.2
20-01-00 16:00;8954.4;6389.2;2569.2
20-01-00 17:00;8913.3;6364.2;2553.1
20-01-00 18:00;8872.3;6339.3;2536.9
20-01-00 19:00;8831.4;6314.6;2520.7
20-01-00 20:00;8790.4;6289.8;2504.4
20-01-00 21:00;8749.4;6265.3;2488
20-01-00 22:00;8708.5;6241.1;2471.3
20-01-00 23:00;8667.4;6216.8;2454.4
21-01-00 00:00;8626.3;6192.4;2437.6
21-01-00 01:00;8586.7;6169.1;2421.2
21-01-00 02:00;8547.8;6146;2405.2
21-01-00 03:00;8509;6122.7;2389.6
21-01-00 04:00;8470.2;6099.2;2374.2
21-01-00 05:00;8431.5;6075.2;2359.3
21-01-00 06:00;8392.8;6051;2344.8
21-01-00 07:00;8354.1;6026.7;2330.3
21-01-00 08:00;8315.5;6002.1;2316.1
21-01-00 09:00;8276.9;5977.4;2302.1
21-01-00 10:00;8238.3;5952.5;2288.3
21-01-00 11:00;8199.7;5927.3;2274.7
21-01-00 12:00;8161.2;5902;2261.5
21-01-00 13:00;8122.2;5876;2248.5
21-01-00 14:00;8083.6;5850.2;2235.7
21-01-00 15:00;8045;5824.1;2223.3
21-01-00 16:00;8006.5;5797.5;2211.3
21-01-00 17:00;7968;5770.8;2199.6
21-01-00 18:00;7929.3;5743.7;2188.1
21-01-00 19:00;7890.8;5716.3;2176.9
21-01-00 20:00;7852.3;5688.4;2166.3
21-01-00 21:00;7813.7;5660.3;2155.9
21-01-00 22:00;7775.1;5631.8;2145.8
21-01-00 23:00;7736.5;5603;2136.1
22-01-00 00:00;7698;5573.7;2126.9
22-01-00 01:00;7662.5;5546.1;2118.9
22-01-00 02:00;7628.5;5519.3;2111.7
22-01-00 03:00;7594.7;5492.4;2104.7
22-01-00 04:00;7561;5465.6;2097.9
22-01-00 05:00;7527.3;5438.8;2090.9
22-01-00 06:00;7493.6;5412.1;2083.9
22-01-00 07:00;7459.5;5385.2;2076.8
22-01-00 08:00;7425.8;5358.5;2069.8
22-01-00 09:00;7392;5331.7;2062.8
22-01-00 10:00;7358.4;5305.1;2055.7
22-01-00 11:00;7324.8;5278.6;2048.6
22-01-00 12:00;7291.3;5252.1;2041.5
22-01-00 13:00;7257.7;5225.7;2034.5
22-01-00 14:00;7224.2;5199.2;2027.4
22-01-00 15:00;7190.7;5172.7;2020.3
22-01-00 16:00;7157.1;5146.2;2013.3
22-01-00 17:00;7123.6;5119.7;2006.4
22-01-00 18:00;7090.2;5093.1;1999.4
22-01-00 19:00;7056.7;5066.6;1992.5
22-01-00 20:00;7023.3;5040.1;1985.5
22-01-00 21:00;6989.9;5013.6;1978.6
22-01-00 22:00;6956.4;4987;1971.8
22-01-00 23:00;6922.9;4960.3;1964.9
23-01-00 00:00;6889.7;4933.9;1958.2
23-01-00 01:00;6865.3;4913.5;1953.9
23-01-00 02:00;6844.5;4895.6;1950.8
23-01-00 03:00;6824.4;4878.4;1947.9
23-01-00 04:00;6804.7;4861.5;1944.9
23-01-00 05:00;6785.2;4844.9;1941.9
23-01-00 06:00;6765.8;4828.6;1938.9
23-01-00 07:00;6746.6;4812.4;1935.8
23-01-00 08:00;6727.4;4796.4;1932.6
23-01-00 09:00;6708.3;4780.5;1929.3
23-01-00 10:00;6689.2;4764.7;1926
23-01-00 11:00;6670.2;4749;1922.7
23-01-00 12:00;6651.3;4733.4;1919.4
23-01-00 13:00;6632.4;4717.8;1916
23-01-00 14:00;6613.5;4702.3;1912.6
23-01-00 15:00;6594.6;4686.9;1909.2
23-01-00 16:00;6575.7;4671.5;1905.6
23-01-00 17:00;6556.9;4656.2;1902.1
23-01-00 18:00;6538;4640.9;1898.5
23-01-00 19:00;6519.2;4625.7;1894.9
23-01-00 20:00;6500.4;4610.6;1891.3
23-01-00 21:00;6481.6;4595.4;1887.6
23-01-00 22:00;6462.9;4580.3;1883.9
23-01-00 23:00;6444.1;4565.2;1880.2
24-01-00 00:00;6425.3;4550.2;1876.5
24-01-00 01:00;6406.7;4535.2;1872.9
24-01-00 02:00;6388.2;4520.3;1869.3
24-01-00 03:00;6369.8;4505.5;1865.6
24-01-00 04:00;6351.3;4490.6;1862
24-01-00 05:00;6332.8;4475.8;1858.4
24-01-00 06:00;6314.4;4461;1854.7
24-01-00 07:00;6295.9;4446.2;1851
24-01-00 08:00;6277.5;4431.4;1847.4
24-01-00 09:00;6259;4416.7;1843.7
24-01-00 10:00;6240.5;4401.9;1839.9
24-01-00 11:00;6222.1;4387.3;1836.2
24-01-00 12:00;6203.6;4372.6;1832.4
24-01-00 13:00;6185.2;4358;1828.6
24-01-00 14:00;6166.8;4343.4;1824.7
24-01-00 15:00;6148.4;4328.8;1820.9
24-01-00 16:00;6129.9;4314.2;1817.1
24-01-00 17:00;6111.5;4299.6;1813.3
24-01-00 18:00;6093.1;4285;1809.4
24-01-00 19:00;6074.7;4270.5;1805.6
24-01-00 20:00;6056.3;4255.9;1801.8
24-01-00 21:00;6037.9;4241.3;1797.9
24-01-00 22:00;6019.5;4226.8;1794.1
24-01-00 23:00;6001.1;4212.3;1790.2
25-01-00 00:00;5982.7;4197.8;1786.3
25-01-00 01:00;5969.3;4186.8;1783.6
25-01-00 02:00;5957.9;4177.5;1781.6
25-01-00 03:00;5947.1;4168.6;1779.5
25-01-00 04:00;5936.4;4159.9;1777.5
25-01-00 05:00;5925.8;4151.5;1775.3
25-01-00 06:00;5915.4;4143.2;1773.2
25-01-00 07:00;5904.9;4134.9;1771
25-01-00 08:00;5894.6;4126.8;1768.7
25-01-00 09:00;5884.3;4118.7;1766.5
25-01-00 10:00;5874;4110.7;1764.2
25-01-00 11:00;5863.7;4102.7;1761.9
25-01-00 12:00;5853.4;4094.7;1759.6
25-01-00 13:00;5843.1;4086.8;1757.2
25-01-00 14:00;5832.9;4078.9;1754.9
25-01-00 15:00;5822.6;4071;1752.5
25-01-00 16:00;5812.4;4063.2;1750.1
25-01-00 17:00;5802.2;4055.4;1747.7
25-01-00 18:00;5792;4047.6;1745.3
25-01-00 19:00;5781.8;4039.8;1742.9
25-01-00 20:00;5771.7;4032.1;1740.4
25-01-00 21:00;5761.5;4024.4;1738
25-01-00 22:00;5751.3;4016.7;1735.5
25-01-00 23:00;5741.2;4009.1;1733
26-01-00 00:00;5731;4001.4;1730.5
26-01-00 01:00;5717.6;3991.5;1727.1
26-01-00 02:00;5702.8;3980.5;1723.4
26-01-00 03:00;5687.7;3969.3;1719.6
26-01-00 04:00;5672.5;3957.9;1715.8
26-01-00 05:00;5657.2;3946.4;1712
26-01-00 06:00;5641.8;3934.9;1708.2
26-01-00 07:00;5626.5;3923.3;1704.3
26-01-00 08:00;5611;3911.8;1700.5
26-01-00 09:00;5595.6;3900.2;1696.6
26-01-00 10:00;5580.2;3888.6;1692.8
26-01-00 11:00;5564.7;3877.1;1688.8
26-01-00 12:00;5549.2;3865.5;1684.9
26-01-00 13:00;5533.7;3854;1681
26-01-00 14:00;5518.3;3842.5;1677
26-01-00 15:00;5502.8;3831;1673.1
26-01-00 16:00;5487.3;3819.6;1669
26-01-00 17:00;5471.8;3808.1;1665
26-01-00 18:00;5456.4;3796.7;1660.9
26-01-00 19:00;5440.9;3785.4;1656.8
26-01-00 20:00;5425.4;3774;1652.7
26-01-00 21:00;5409.9;3762.7;1648.6
26-01-00 22:00;5394.5;3751.4;1644.4
26-01-00 23:00;5379;3740.1;1640.3
27-01-00 00:00;5363.5;3728.8;1636
27-01-00 01:00;5350;3719;1632.3
27-01-00 02:00;5337.5;3710;1628.8
27-01-00 03:00;5325.1;3701.1;1625.2
27-01-00 04:00;5312.7;3692.3;1621.7
27-01-00 05:00;5300.5;3683.6;1618.1
27-01-00 06:00;5288.2;3674.9;1614.5
27-01-00 07:00;5276;3666.3;1611
27-01-00 08:00;5263.8;3657.6;1607.4
27-01-00 09:00;5251.6;3649;1603.8
27-01-00 10:00;5239.4;3640.4;1600.2
27-01-00 11:00;5227.2;3631.8;1596.7
27-01-00 12:00;5215.1;3623.2;1593
27-01-00 13:00;5202.9;3614.6;1589.4
27-01-00 14:00;5190.7;3606.1;1585.8
27-01-00 15:00;5178.5;3597.5;1582.3
27-01-00 16:00;5166.4;3588.9;1578.7
27-01-00 17:00;5154.2;3580.4;1575.1
27-01-00 18:00;5142.1;3571.8;1571.5
27-01-00 19:00;5129.9;3563.2;1567.9
27-01-00 20:00;5117.7;3554.7;1564.3
27-01-00 21:00;5105.6;3546.1;1560.7
27-01-00 22:00;5093.4;3537.5;1557.1
27-01-00 23:00;5081.3;3529;1553.4
28-01-00 00:00;5069.1;3520.5;1549.8
28-01-00 01:00;5058.9;3513.3;1546.7
28-01-00 02:00;5049.4;3506.7;1543.7
28-01-00 03:00;5040.2;3500.4;1540.8
28-01-00 04:00;5031;3494.1;1538
28-01-00 05:00;5021.9;3487.8;1535.1
28-01-00 06:00;5012.8;3481.6;1532.3
28-01-00 07:00;5003.8;3475.3;1529.4
28-01-00 08:00;4994.8;3469.1;1526.6
28-01-00 09:00;4985.8;3462.9;1523.8
28-01-00 10:00;4976.8;3456.8;1521
28-01-00 11:00;4967.8;3450.6;1518.2
28-01-00 12:00;4958.9;3444.4;1515.4
28-01-00 13:00;4949.9;3438.2;1512.6
28-01-00 14:00;4941;3432.1;1509.9
28-01-00 15:00;4932;3425.9;1507.1
28-01-00 16:00;4923.1;3419.7;1504.3
28-01-00 17:00;4914.2;3413.5;1501.5
28-01-00 18:00;4905.2;3407.4;1498.8
28-01-00 19:00;4896.3;3401.2;1496
28-01-00 20:00;4887.4;3395;1493.3
28-01-00 21:00;4878.5;3388.9;1490.5
28-01-00 22:00;4869.6;3382.7;1487.7
28-01-00 23:00;4860.6;3376.6;1485
29-01-00 00:00;4851.7;3370.5;1482.2
29-01-00 01:00;4843.2;3364.6;1479.5
29-01-00 02:00;4834.9;3358.9;1476.9
29-01-00 03:00;4826.6;3353.3;1474.3
29-01-00 04:00;4818.4;3347.6;1471.6
29-01-00 05:00;4810.2;3342;1469
29-01-00 06:00;4801.9;3336.4;1466.4
29-01-00 07:00;4793.7;3330.9;1463.7
29-01-00 08:00;4785.5;3325.3;1461.1
29-01-00 09:00;4777.3;3319.7;1458.4
29-01-00 10:00;4769.1;3314.2;1455.8
29-01-00 11:00;4760.9;3308.6;1453.1
29-01-00 12:00;4752.7;3303.1;1450.5
29-01-00 13:00;4744.5;3297.5;1447.8
29-01-00 14:00;4736.3;3292;1445.2
29-01-00 15:00;4728.1;3286.4;1442.5
29-01-00 16:00;4720;3280.9;1439.9
29-01-00 17:00;4711.8;3275.4;1437.3
29-01-00 18:00;4703.6;3269.8;1434.6
29-01-00 19:00;4695.4;3264.3;1432
29-01-00 20:00;4687.2;3258.8;1429.3
29-01-00 21:00;4679;3253.2;1426.7
29-01-00 22:00;4670.8;3247.7;1424
29-01-00 23:00;4662.7;3242.1;1421.4
30-01-00 00:00;4654.5;3236.6;1418.7
30-01-00 01:00;4647.5;3231.9;1416.4
30-01-00 02:00;4641.1;3227.6;1414.2
30-01-00 03:00;4634.8;3223.5;1412.1
30-01-00 04:00;4628.6;3219.4;1410
30-01-00 05:00;4622.5;3215.3;1407.9
30-01-00 06:00;4616.4;3211.2;1405.8
30-01-00 07:00;4610.3;3207.2;1403.8
30-01-00 08:00;4604.2;3203.1;1401.7
30-01-00 09:00;4598.1;3199.1;1399.7
30-01-00 10:00;4592;3195.1;1397.6
30-01-00 11:00;4585.9;3191.1;1395.5
30-01-00 12:00;4579.9;3187.1;1393.4
30-01-00 13:00;4573.8;3183.1;1391.4
30-01-00 14:00;4567.7;3179.2;1389.1
30-01-00 15:00;4561.6;3175.4;1386.8
30-01-00 16:00;4555.6;3171.6;1384.6
30-01-00 17:00;4549.5;3167.8;1382.4
30-01-00 18:00;4543.5;3163.9;1380.2
30-01-00 19:00;4537.4;3160;1378
30-01-00 20:00;4531.4;3156.2;1375.8
30-01-00 21:00;4525.4;3152.3;1373.7
30-01-00 22:00;4519.4;3148.4;1371.5
30-01-00 23:00;4513.4;3144.6;1369.4
31-01-00 00:00;4507.3;3140.7;1367.2
