Time [yyyy-MM-dd HH:mm:ss],Discharge at (Waal2_A_ 3377_91) [m³/s],Discharge at (Waal2_B_A_A_A_ 6036_293) [m³/s],Discharge at (Waal2_B_A_A_B_ 2057_629) [m³/s],Discharge at (Waal2_B_A_B_A_ 2772_111) [m³/s],Discharge at (Waal3_A_ 345_8185) [m³/s],Discharge at (Waal3_B_A_ 837_949) [m³/s]
1999-12-27 00:00:00,4277_4,4277_7,4277_8,4253_8,4254,4254_1
1999-12-27 01:00:00,1167_8,1067_2,1058,1082_2,1106,1114_3
1999-12-27 02:00:00,1225,1187_6,1177_9,1160_5,1154_1,1151_9
1999-12-27 03:00:00,1330_1,1250,1231_8,1202_1,1187,1181_2
1999-12-27 04:00:00,1514_7,1372_6,1336_4,1279_2,1246_3,1233_4
1999-12-27 05:00:00,1732_1,1546,1493_1,1405_5,1351,1328_9
1999-12-27 06:00:00,1980_4,1754_2,1685_7,1569_1,1494_2,1463_4
1999-12-27 07:00:00,2217_8,1974_3,1896_6,1758_6,1668,1630
1999-12-27 08:00:00,2427_5,2185_3,2104_6,1955_3,1856_1,1813_7
1999-12-27 09:00:00,2603_5,2372_2,2292_8,2141_1,2040_2,1996_4
1999-12-27 10:00:00,2750_1,2533_4,2457_6,2308_3,2210_3,2167_3
1999-12-27 11:00:00,2870_9,2670_3,2599_6,2455_5,2363_2,2322_6
1999-12-27 12:00:00,2969,2785_5,2720_8,2583_2,2497_9,2460_2
1999-12-27 13:00:00,3051_2,2883_8,2825_4,2694_4,2616_6,2582_4
1999-12-27 14:00:00,3119_1,2965_1,2912_1,2787_3,2716_5,2685_2
1999-12-27 15:00:00,3178_8,3036_6,2988,2869_1,2804_5,2775_9
1999-12-27 16:00:00,3230_3,3099_3,3054_7,2941_3,2882_1,2856_1
1999-12-27 17:00:00,3274_7,3154_2,3113_3,3005_3,2950_9,2927_1
1999-12-27 18:00:00,3313_4,3202_8,3165_5,3063,3011_5,2990
1999-12-27 19:00:00,3347_1,3245_7,3211_6,3113_7,3064_2,3044_4
1999-12-27 20:00:00,3376_9,3283_3,3251_9,3158_3,3110_5,3092_4
1999-12-27 21:00:00,3403_2,3316_8,3287_9,3198_4,3152_7,3136_1
1999-12-27 22:00:00,3426_6,3346_3,3319_8,3234_2,3190_7,3175_5
1999-12-27 23:00:00,3447_6,3372_8,3348_4,3266_4,3225_1,3211_3
1999-12-28 00:00:00,3466_9,3396_9,3374_5,3295_7,3256_7,3244
1999-12-28 01:00:00,3484_9,3418_5,3397_8,3322_2,3285_5,3273_8
1999-12-28 02:00:00,3501_1,3438_4,3419_4,3346_7,3312_3,3300_8
1999-12-28 03:00:00,3515_5,3456_8,3439_3,3369_1,3336_9,3325_6
1999-12-28 04:00:00,3528_7,3473_8,3457_6,3389_7,3359_4,3348_2
1999-12-28 05:00:00,3540_7,3489_2,3474_1,3408_1,3380,3368_8
1999-12-28 06:00:00,3551_6,3503_3,3489_3,3425_2,3398_9,3387_9
1999-12-28 07:00:00,3561_5,3516_2,3503_2,3440_8,3416_4,3405_4
1999-12-28 08:00:00,3570_6,3528_1,3516,3455_1,3432_2,3421_4
1999-12-28 09:00:00,3579,3538_8,3527_5,3468_5,3447_1,3436_3
1999-12-28 10:00:00,3586_7,3548_7,3538,3481_2,3461_1,3450_5
1999-12-28 11:00:00,3593_9,3558,3547_9,3493,3474_2,3463_9
1999-12-28 12:00:00,3600_7,3566_9,3557_5,3504_5,3485_9,3476
1999-12-28 13:00:00,3607_2,3575_4,3566_5,3515_3,3496_8,3487_3
1999-12-28 14:00:00,3613_4,3583_3,3575,3525_3,3507_1,3497_8
1999-12-28 15:00:00,3619_1,3590_7,3582_9,3534_5,3516_6,3507_8
1999-12-28 16:00:00,3624_5,3597_7,3590_3,3543,3525_5,3517_1
1999-12-28 17:00:00,3629_5,3604_2,3597_2,3551,3533_9,3525_9
1999-12-28 18:00:00,3634_1,3610_2,3603_7,3558_5,3541_9,3534_3
1999-12-28 19:00:00,3638_4,3615_9,3609_8,3565_6,3549_6,3542_4
1999-12-28 20:00:00,3642_6,3621_6,3615_8,3572_8,3556_7,3549_9
1999-12-28 21:00:00,3646_7,3627,3621_7,3579_6,3563_4,3557_1
1999-12-28 22:00:00,3650_6,3632_2,3627_2,3585_9,3569_8,3563_9
1999-12-28 23:00:00,3654_3,3637,3632_3,3591_8,3576_1,3570_5
1999-12-29 00:00:00,3657_7,3641_4,3637,3597_2,3582_3,3576_9
1999-12-29 01:00:00,3660_9,3645_6,3641_4,3602_3,3588_1,3583_1
1999-12-29 02:00:00,3663_9,3649_5,3645_5,3607,3593_6,3588_9
1999-12-29 03:00:00,3666_7,3653_1,3649_4,3611_5,3598_8,3594_4
1999-12-29 04:00:00,3669_3,3656_6,3653_1,3615_8,3603_8,3599_6
1999-12-29 05:00:00,3671_8,3659_8,3656_6,3619_7,3608_4,3604_4
1999-12-29 06:00:00,3674_2,3662_9,3659_8,3623_4,3612_7,3609
1999-12-29 07:00:00,3676_4,3665_7,3662_8,3626_9,3616_8,3613_3
1999-12-29 08:00:00,3678_5,3668_4,3665_6,3630_2,3620_6,3617_3
1999-12-29 09:00:00,3680_4,3670_9,3668_3,3633_2,3624_1,3621
1999-12-29 10:00:00,3682_3,3673_2,3670_8,3635_9,3627_4,3624_5
1999-12-29 11:00:00,3684,3675_4,3673_1,3638_5,3630_5,3627_7
1999-12-29 12:00:00,3685_6,3677_5,3675_3,3640_9,3633_3,3630_7
1999-12-29 13:00:00,3687_1,3679_4,3677_3,3643_1,3636,3633_5
1999-12-29 14:00:00,3688_5,3681_2,3679_2,3645_3,3638_5,3636_2
1999-12-29 15:00:00,3689_8,3682_9,3681,3647_3,3640_9,3638_7
1999-12-29 16:00:00,3691_1,3684_5,3682_7,3649_2,3643_2,3641_1
1999-12-29 17:00:00,3692_2,3686,3684_3,3651,3645_3,3643_3
1999-12-29 18:00:00,3693_3,3687_4,3685_8,3652_7,3647_3,3645_4
1999-12-29 19:00:00,3694_4,3688_7,3687_2,3654_3,3649_2,3647_4
1999-12-29 20:00:00,3695_3,3689_9,3688_5,3655_8,3651,3649_3
1999-12-29 21:00:00,3696_3,3691_1,3689_7,3657_3,3652_7,3651_1
1999-12-29 22:00:00,3697_1,3692_2,3690_9,3658_6,3654_3,3652_8
1999-12-29 23:00:00,3697_9,3693_3,3692_1,3660,3655_8,3654_4
1999-12-30 00:00:00,3698_7,3694_3,3693_1,3661_2,3657_3,3655_9
1999-12-30 01:00:00,3699_4,3695_2,3694_1,3662_3,3658_6,3657_4
1999-12-30 02:00:00,3700_1,3696_1,3695_1,3663_4,3659_9,3658_7
1999-12-30 03:00:00,3700_7,3697,3696,3664_5,3661_2,3660
1999-12-30 04:00:00,3701_3,3697_8,3696_8,3665_5,3662_3,3661_2
1999-12-30 05:00:00,3701_9,3698_5,3697_6,3666_4,3663_4,3662_4
1999-12-30 06:00:00,3702_4,3699_2,3698_3,3667_3,3664_5,3663_5
1999-12-30 07:00:00,3703,3699_9,3699_1,3668_1,3665_5,3664_6
1999-12-30 08:00:00,3703_4,3700_5,3699_7,3668_9,3666_5,3665_6
1999-12-30 09:00:00,3703_9,3701_1,3700_4,3669_7,3667_4,3666_6
1999-12-30 10:00:00,3704_3,3701_7,3701,3670_4,3668_3,3667_5
1999-12-30 11:00:00,3704_7,3702_3,3702_5,3790_5,3525_7,3654_4
1999-12-30 12:00:00,3714_6,3709,3706_9,3673_1,3669_1,3666_8
1999-12-30 13:00:00,3708_1,3704,3702_9,3671_3,3669_3,3668_1
1999-12-30 14:00:00,3707,3703_9,3703_1,3672_1,3670_6,3669_6
1999-12-30 15:00:00,3706_6,3704,3703_3,3672_7,3671_3,3670_5
1999-12-30 16:00:00,3706_7,3704_3,3703_6,3673_3,3672_1,3671_3
1999-12-30 17:00:00,3706_8,3704_6,3704,3673_8,3672_7,3672_1
1999-12-30 18:00:00,3707,3705,3704_4,3674_4,3673_4,3672_8
1999-12-30 19:00:00,3707_2,3705_3,3704_8,3674_9,3674,3673_4
1999-12-30 20:00:00,3707_4,3705_7,3705_2,3675_4,3674_5,3674
1999-12-30 21:00:00,3707_7,3706,3705_6,3675_8,3675,3674_6
1999-12-30 22:00:00,3707_9,3706_4,3705_9,3676_3,3675_5,3675_1
1999-12-30 23:00:00,3708_1,3706_7,3706_3,3676_7,3676,3675_6
1999-12-31 00:00:00,3708_3,3707,3706_6,3677_1,3676_4,3676
1999-12-31 01:00:00,3708_5,3707_3,3706_9,3677_5,3676_8,3676_5
1999-12-31 02:00:00,3708_7,3707_5,3707_2,3677_8,3677_2,3676_9
1999-12-31 03:00:00,3708_9,3707_8,3707_5,3678_2,3677_6,3677_3
1999-12-31 04:00:00,3709_1,3708,3707_7,3678_5,3678,3677_6
1999-12-31 05:00:00,3709_3,3708_3,3708,3678_8,3678_3,3678
1999-12-31 06:00:00,3709_4,3708_5,3708_2,3679_1,3678_6,3678_3
1999-12-31 07:00:00,3709_6,3708_7,3708_4,3679_3,3678_9,3678_6
1999-12-31 08:00:00,3709_7,3708_9,3708_7,3679_6,3679_2,3678_9
1999-12-31 09:00:00,3709_9,3709_1,3708_9,3679_8,3679_4,3679_2
1999-12-31 10:00:00,3710,3709_3,3709,3680_1,3679_7,3679_5
1999-12-31 11:00:00,3710_2,3709_4,3709_2,3680_3,3679_9,3679_7
1999-12-31 12:00:00,3710_3,3709_6,3709_4,3680_5,3680_2,3680
1999-12-31 13:00:00,3710_4,3709_7,3709_6,3680_7,3680_4,3680_2
1999-12-31 14:00:00,3710_5,3709_9,3709_7,3680_9,3680_6,3680_4
1999-12-31 15:00:00,3710_6,3710,3709_9,3681,3680_8,3680_6
1999-12-31 16:00:00,3710_7,3710_2,3710,3681_2,3680_9,3680_8
1999-12-31 17:00:00,3710_8,3710_3,3710_1,3681_4,3681_1,3681
1999-12-31 18:00:00,3710_9,3710_4,3710_3,3681_5,3681_3,3681_1
1999-12-31 19:00:00,3711,3710_5,3710_4,3681_7,3681_4,3681_3
1999-12-31 20:00:00,3711_1,3710_6,3710_5,3681_8,3681_6,3681_5
1999-12-31 21:00:00,3711_1,3710_7,3710_6,3681_9,3681_7,3681_6
1999-12-31 22:00:00,3711_2,3710_8,3710_7,3682,3681_9,3681_7
1999-12-31 23:00:00,3711_3,3710_9,3710_8,3682_2,3682,3681_9
2000-01-01 00:00:00,3711_3,3711,3710_9,3682_3,3682_1,3682
2000-01-01 01:00:00,3711_4,3711_1,3711,3682_4,3682_2,3682_1
2000-01-01 02:00:00,3711_6,3711_2,3711_1,3682_5,3682_3,3682_2
2000-01-01 03:00:00,3711_7,3711_4,3711_3,3682_7,3682_5,3682_4
2000-01-01 04:00:00,3711_8,3711_5,3711_4,3682_8,3682_6,3682_5
2000-01-01 05:00:00,3711_8,3711_5,3711_5,3682_9,3682_8,3682_7
2000-01-01 06:00:00,3711_5,3711_4,3711_3,3682_9,3682_8,3682_7
2000-01-01 07:00:00,3710_8,3711,3711,3682_7,3682_6,3682_6
2000-01-01 08:00:00,3710,3710_4,3710_5,3682_3,3682_3,3682_4
2000-01-01 09:00:00,3708_8,3709_5,3709_7,3681_7,3681_9,3682
2000-01-01 10:00:00,3707_4,3708_5,3708_7,3680_9,3681_2,3681_3
2000-01-01 11:00:00,3705_8,3707_2,3707_5,3679_9,3680_3,3680_5
2000-01-01 12:00:00,3703_9,3705_7,3706_1,3678_6,3679_2,3679_6
2000-01-01 13:00:00,3701_9,3704,3704_4,3677_3,3678,3678_4
2000-01-01 14:00:00,3699_7,3702_1,3702_7,3675_7,3676_6,3677_1
2000-01-01 15:00:00,3697_3,3700_1,3700_7,3674,3675,3675_6
2000-01-01 16:00:00,3694_8,3697_9,3698_6,3672_1,3673_2,3673_9
2000-01-01 17:00:00,3692_2,3695_6,3696_4,3670,3671_3,3672_1
2000-01-01 18:00:00,3689_5,3693_1,3694,3667_8,3669_3,3670_1
2000-01-01 19:00:00,3686_6,3690_6,3691_5,3665_5,3667_1,3668
2000-01-01 20:00:00,3683_7,3687_9,3689,3663_1,3664_8,3665_8
2000-01-01 21:00:00,3680_6,3685_2,3686_3,3660_5,3662_4,3663_4
2000-01-01 22:00:00,3677_5,3682_3,3683_5,3657_9,3659_8,3661
2000-01-01 23:00:00,3674_3,3679_4,3680_6,3655_1,3657_2,3658_4
2000-01-02 00:00:00,3671_1,3676_4,3677_7,3652_2,3654_4,3655_7
2000-01-02 01:00:00,3667_8,3673_3,3674_7,3649_3,3651_6,3652_9
2000-01-02 02:00:00,3664_4,3670_1,3671_5,3646_3,3648_7,3650_1
2000-01-02 03:00:00,3661,3666_9,3668_3,3643_1,3645_6,3647_1
2000-01-02 04:00:00,3657_8,3663_7,3665_2,3640,3642_6,3644_1
2000-01-02 05:00:00,3655_1,3660_9,3662_4,3637,3639_6,3641_1
2000-01-02 06:00:00,3653_1,3658_5,3659_9,3634_4,3636_9,3638_4
2000-01-02 07:00:00,3651_8,3656_7,3658,3632_2,3634_6,3636
2000-01-02 08:00:00,3651_3,3655_6,3656_7,3630_5,3632_7,3634
2000-01-02 09:00:00,3651_5,3655,3656,3629_4,3631_3,3632_4
2000-01-02 10:00:00,3652_4,3655_1,3655_9,3628_8,3630_4,3631_3
2000-01-02 11:00:00,3653_8,3655_7,3656_3,3628_8,3630,3630_8
2000-01-02 12:00:00,3655_8,3656_9,3657_3,3629_3,3630_2,3630_7
2000-01-02 13:00:00,3658_3,3658_6,3658_7,3630_3,3630_8,3631_2
2000-01-02 14:00:00,3661_3,3660_7,3660_6,3631_8,3631_9,3632_1
2000-01-02 15:00:00,3664_7,3663_2,3663,3633_7,3633_5,3633_4
2000-01-02 16:00:00,3668_4,3666_1,3665_7,3636_1,3635_5,3635_2
2000-01-02 17:00:00,3672_5,3669_4,3668_8,3638_8,3637_9,3637_4
2000-01-02 18:00:00,3676_9,3673_1,3672_2,3641_9,3640_6,3639_9
2000-01-02 19:00:00,3681_6,3677,3676,3645_4,3643_7,3642_8
2000-01-02 20:00:00,3686_5,3681_3,3680,3649_1,3647_1,3646
2000-01-02 21:00:00,3691_7,3685_7,3684_3,3653_1,3650_8,3649_5
2000-01-02 22:00:00,3697,3690_4,3688_9,3657_3,3654_7,3653_2
2000-01-02 23:00:00,3702_5,3695_3,3693_6,3661_8,3658_9,3657_3
2000-01-03 00:00:00,3708_2,3700_4,3698_6,3666_4,3663_3,3661_5
2000-01-03 01:00:00,3714_1,3705_7,3703_7,3671_3,3667_9,3665_9
2000-01-03 02:00:00,3720,3711_1,3709,3676_3,3672_6,3670_6
2000-01-03 03:00:00,3725_9,3716_6,3714_4,3681_4,3677_6,3675_4
2000-01-03 04:00:00,3731_6,3722_1,3719_7,3686_6,3682_6,3680_3
2000-01-03 05:00:00,3736_7,3727_2,3724_8,3691_6,3687_6,3685_2
2000-01-03 06:00:00,3741_1,3731_8,3729_4,3696_3,3692_3,3689_9
2000-01-03 07:00:00,3744_5,3735_7,3733_4,3700_6,3696_6,3694_3
2000-01-03 08:00:00,3747_1,3738_8,3736_7,3704_2,3700_5,3698_3
2000-01-03 09:00:00,3748_8,3741_3,3739_3,3707_3,3703_8,3701_8
2000-01-03 10:00:00,3749_6,3742_9,3741_2,3709_8,3706_6,3704_7
2000-01-03 11:00:00,3749_7,3743_9,3742_4,3711_6,3708_8,3707_1
2000-01-03 12:00:00,3749,3744_3,3742_9,3712_9,3710_4,3708_9
2000-01-03 13:00:00,3747_8,3743_9,3742_8,3713_6,3711_5,3710_2
2000-01-03 14:00:00,3745_9,3743,3742_1,3713_8,3712_1,3711
2000-01-03 15:00:00,3743_5,3741_6,3740_9,3713_4,3712_1,3711_3
2000-01-03 16:00:00,3740_6,3739_6,3739_2,3712_6,3711_7,3711_1
2000-01-03 17:00:00,3737_3,3737_3,3737_1,3711_3,3710_7,3710_4
2000-01-03 18:00:00,3733_6,3734_4,3734_5,3709_5,3709_4,3709_3
2000-01-03 19:00:00,3729_5,3731_3,3731_6,3707_3,3707_6,3707_7
2000-01-03 20:00:00,3725_2,3727_8,3728_3,3704_8,3705_4,3705_7
2000-01-03 21:00:00,3720_6,3723_9,3724_6,3701_9,3702_9,3703_4
2000-01-03 22:00:00,3715_7,3719_8,3720_7,3698_7,3700,3700_7
2000-01-03 23:00:00,3710_6,3715_5,3716_6,3695_2,3696_8,3697_7
2000-01-04 00:00:00,3705_4,3710_9,3712_2,3691_4,3693_3,3694_4
2000-01-04 01:00:00,3699_9,3706_1,3707_5,3687_3,3689_6,3690_9
2000-01-04 02:00:00,3694_3,3701_1,3702_7,3683,3685_5,3687
2000-01-04 03:00:00,3688_5,3695_9,3697_7,3678_5,3681_3,3682_9
2000-01-04 04:00:00,3682_8,3690_7,3692_6,3673_8,3676_8,3678_6
2000-01-04 05:00:00,3677_4,3685_6,3687_6,3669,3672_3,3674_2
2000-01-04 06:00:00,3672_3,3680_7,3682_7,3664_4,3667_8,3669_8
2000-01-04 07:00:00,3667_6,3676,3678_1,3659_9,3663_4,3665_4
2000-01-04 08:00:00,3663_3,3671_7,3673_8,3655_5,3659_1,3661_2
2000-01-04 09:00:00,3659_4,3667_6,3669_7,3651_4,3655,3657_1
2000-01-04 10:00:00,3655_9,3663_9,3665_9,3647_6,3651_1,3653_2
2000-01-04 11:00:00,3652_7,3660_4,3662_4,3644,3647_4,3649_4
2000-01-04 12:00:00,3649_8,3657_3,3659_2,3640_6,3644,3645_9
2000-01-04 13:00:00,3647_1,3654_3,3656_2,3637_4,3640_7,3642_6
2000-01-04 14:00:00,3644_7,3651_6,3653_4,3634_5,3637_7,3639_5
2000-01-04 15:00:00,3642_5,3649_1,3650_8,3631_8,3634_8,3636_6
2000-01-04 16:00:00,3640_5,3646_7,3648_4,3629_2,3632_2,3633_9
2000-01-04 17:00:00,3638_7,3644_6,3646_1,3626_8,3629_7,3631_3
2000-01-04 18:00:00,3637,3642_6,3644,3624_6,3627_3,3628_9
2000-01-04 19:00:00,3635_4,3640_7,3642_1,3622_6,3625_1,3626_6
2000-01-04 20:00:00,3634,3639,3640_3,3620_6,3623_1,3624_5
2000-01-04 21:00:00,3632_7,3637_3,3638_6,3618_9,3621_2,3622_5
2000-01-04 22:00:00,3631_4,3635_8,3637,3617_2,3619_4,3620_7
2000-01-04 23:00:00,3630_3,3634_4,3635_5,3615_7,3617_8,3619
2000-01-05 00:00:00,3629_2,3633_1,3634_2,3614_3,3616_3,3617_4
2000-01-05 01:00:00,3628_3,3631_9,3632_9,3613,3614_8,3615_9
2000-01-05 02:00:00,3627_4,3630_8,3631_7,3611_8,3613_5,3614_6
2000-01-05 03:00:00,3626_6,3629_8,3630_6,3610_7,3612_3,3613_3
2000-01-05 04:00:00,3626,3628_9,3629_7,3609_7,3611_3,3612_2
2000-01-05 05:00:00,3625_6,3628_2,3628_9,3608_9,3610_3,3611_2
2000-01-05 06:00:00,3625_7,3627_8,3628_4,3608_4,3609_6,3610_4
2000-01-05 07:00:00,3626_1,3627_8,3628_3,3608_2,3609_2,3609_9
2000-01-05 08:00:00,3626_8,3628_1,3628_4,3608_2,3609_1,3609_6
2000-01-05 09:00:00,3627_9,3628_7,3628_9,3608_6,3609_3,3609_6
2000-01-05 10:00:00,3629_4,3629_6,3629_7,3609_3,3609_7,3610
2000-01-05 11:00:00,3631_1,3630_8,3630_8,3610_3,3610_5,3610_6
2000-01-05 12:00:00,3633_1,3632_3,3632_1,3611_6,3611_5,3611_5
2000-01-05 13:00:00,3635_3,3634,3633_8,3613_1,3612_8,3612_6
2000-01-05 14:00:00,3637_8,3636,3635_6,3614_9,3614_3,3614
2000-01-05 15:00:00,3640_5,3638_2,3637_7,3616_9,3616_1,3615_7
2000-01-05 16:00:00,3643_4,3640_6,3640,3619_1,3618_1,3617_5
2000-01-05 17:00:00,3646_4,3643_2,3642_5,3621_5,3620_3,3619_6
2000-01-05 18:00:00,3649_6,3646,3645_1,3624_1,3622_7,3621_9
2000-01-05 19:00:00,3652_9,3648_9,3647_9,3626_9,3625_3,3624_4
2000-01-05 20:00:00,3656_3,3651_9,3650_9,3629_8,3628,3627
2000-01-05 21:00:00,3659_8,3655_1,3653_9,3632_9,3630_9,3629_8
2000-01-05 22:00:00,3663_4,3658_4,3657_1,3636_1,3633_9,3632_7
2000-01-05 23:00:00,3667_2,3661_7,3660_4,3639_3,3637,3635_7
2000-01-06 00:00:00,3670_9,3665_2,3663_8,3642_7,3640_3,3638_9
2000-01-06 01:00:00,3674_8,3668_8,3667_3,3646_2,3643_6,3642_1
2000-01-06 02:00:00,3678_7,3672_4,3670_8,3649_8,3647_1,3645_5
2000-01-06 03:00:00,3682_7,3676_1,3674_5,3653_5,3650_6,3649
2000-01-06 04:00:00,3687_1,3680_1,3678_3,3657_3,3654_3,3652_5
2000-01-06 05:00:00,3692,3684_4,3682_5,3661_4,3658_1,3656_3
2000-01-06 06:00:00,3697_7,3689_3,3687_3,3665_9,3662_4,3660_4
2000-01-06 07:00:00,3704_1,3694_9,3692_6,3670_9,3667_1,3664_9
2000-01-06 08:00:00,3711_4,3701_1,3698_6,3676_5,3672_3,3669_9
2000-01-06 09:00:00,3719_3,3708,3705_3,3682_7,3678_2,3675_5
2000-01-06 10:00:00,3728,3715_6,3712_6,3689_5,3684_6,3681_7
2000-01-06 11:00:00,3737_4,3723_9,3720_6,3696_9,3691_5,3688_4
2000-01-06 12:00:00,3747_3,3732_7,3729_2,3704_8,3699,3695_6
2000-01-06 13:00:00,3758,3742_2,3738_4,3713_3,3707_1,3703_4
2000-01-06 14:00:00,3769_8,3752_5,3748_3,3722_4,3715_7,3711_8
2000-01-06 15:00:00,3783_2,3764_2,3759_6,3732_6,3725_3,3720_9
2000-01-06 16:00:00,3797_5,3776_9,3772,3743_7,3735_7,3731
2000-01-06 17:00:00,3812_3,3790_3,3785,3755_6,3747,3741_9
2000-01-06 18:00:00,3827_3,3804_3,3798_8,3768_3,3759_1,3753_6
2000-01-06 19:00:00,3842_7,3819_1,3813_5,3781_9,3772_1,3766_1
2000-01-06 20:00:00,3858_4,3834_4,3828_8,3796_4,3785_9,3779_5
2000-01-06 21:00:00,3874_5,3850_2,3844_5,3811_4,3800_4,3793_5
2000-01-06 22:00:00,3890_9,3866_2,3860_5,3827_4,3815_8,3808
2000-01-06 23:00:00,3907_4,3882_5,3876_8,3844_2,3832,3823_1
2000-01-07 00:00:00,3924_2,3899_3,3893_5,3861_5,3848_7,3838_7
2000-01-07 01:00:00,3941_2,3916_3,3910_6,3879,3865_8,3854_6
2000-01-07 02:00:00,3958_5,3933_6,3927_9,3896_9,3883_3,3870_9
2000-01-07 03:00:00,3976,3951,3945_4,3914_8,3901_1,3887_4
2000-01-07 04:00:00,3993_7,3968_7,3963,3932_8,3918_9,3904
2000-01-07 05:00:00,4011_6,3986_4,3980_7,3950_9,3936_8,3920_7
2000-01-07 06:00:00,4029_7,4004_3,3998_6,3969,3954_8,3937_4
2000-01-07 07:00:00,4047_9,4022_3,4016_5,3987_2,3972_9,3954_3
2000-01-07 08:00:00,4066_3,4040_4,4034_6,4005_6,3991_4,3971
2000-01-07 09:00:00,4084_8,4058_9,4053_1,4025,4011_3,3987_7
2000-01-07 10:00:00,4103_6,4077_7,4072,4045_6,4032_5,4005_3
2000-01-07 11:00:00,4122_8,4096_9,4091_1,4066,4053,4024_4
2000-01-07 12:00:00,4142,4115_9,4110_1,4086_2,4073_5,4044
2000-01-07 13:00:00,4161_3,4135,4129_2,4106_4,4093_9,4063_8
2000-01-07 14:00:00,4180_6,4154_2,4148_4,4126_5,4114_2,4083_9
2000-01-07 15:00:00,4199_9,4173_5,4167_7,4146_8,4134_6,4104_3
2000-01-07 16:00:00,4219_4,4193,4187_3,4167,4155,4124_8
2000-01-07 17:00:00,4239,4212_6,4206_9,4187_2,4175_3,4145_2
2000-01-07 18:00:00,4258_7,4232_4,4226_7,4207_4,4195_5,4165_6
2000-01-07 19:00:00,4278_4,4252_1,4246_4,4227_6,4215_8,4186
2000-01-07 20:00:00,4298_2,4271_9,4266_2,4247_6,4235_5,4206_8
2000-01-07 21:00:00,4318,4291_3,4285_4,4267,4254_8,4228_5
2000-01-07 22:00:00,4337_7,4310_7,4304_8,4286_7,4274_4,4250_7
2000-01-07 23:00:00,4357_7,4331_3,4325_6,4308_2,4296_3,4270_6
2000-01-08 00:00:00,4378,4351_2,4345_5,4328_3,4316_2,4291_8
2000-01-08 01:00:00,4397_9,4371,4365_2,4348_3,4336_1,4313_5
2000-01-08 02:00:00,4417_8,4390_9,4385_1,4368_4,4356_3,4335_6
2000-01-08 03:00:00,4437_7,4410_8,4405,4388_5,4376_6,4357_7
2000-01-08 04:00:00,4458_1,4431,4425_2,4408_7,4397_1,4379_8
2000-01-08 05:00:00,4479_3,4451_8,4446,4429_7,4418_2,4402_2
2000-01-08 06:00:00,4501_7,4473_6,4467_7,4451_4,4440,4425
2000-01-08 07:00:00,4525_4,4496_5,4490_4,4473_8,4462_4,4448_2
2000-01-08 08:00:00,4550_4,4520_4,4514_1,4497_3,4485_7,4472_3
2000-01-08 09:00:00,4576_8,4545_7,4539_2,4522_1,4510_4,4497_8
2000-01-08 10:00:00,4604_6,4572_3,4565_6,4548_2,4536_4,4524_6
2000-01-08 11:00:00,4633_7,4600_2,4593_3,4575_7,4563_8,4552_9
2000-01-08 12:00:00,4664_5,4629_4,4622_4,4604_6,4592_7,4582
2000-01-08 13:00:00,4696_9,4660,4652_7,4634_7,4622_7,4611_9
2000-01-08 14:00:00,4730_7,4691_8,4684_2,4665_9,4653_8,4642_9
2000-01-08 15:00:00,4765_5,4724_5,4716_7,4698,4685_7,4674_6
2000-01-08 16:00:00,4801_2,4758,4749_9,4730_7,4718_3,4707
2000-01-08 17:00:00,4837_7,4792_2,4783_8,4764_2,4751_7,4740_3
2000-01-08 18:00:00,4874_9,4827_5,4819_1,4799_6,4787_5,4776_3
2000-01-08 19:00:00,4912_9,4864_4,4856,4836_7,4825_2,4814_4
2000-01-08 20:00:00,4951_9,4901_9,4893_6,4874_6,4863_3,4852_8
2000-01-08 21:00:00,4991_6,4939_9,4931_7,4912_8,4901_7,4891_5
2000-01-08 22:00:00,5031_4,4978_2,4970,4951_4,4940_5,4930_4
2000-01-08 23:00:00,5071_3,5016_6,5008_5,4990_1,4979_2,4969_3
2000-01-09 00:00:00,5111_1,5055,5047,5028_7,5017_9,5008_1
2000-01-09 01:00:00,5149_8,5093_9,5085_9,5067_8,5057_3,5047_7
2000-01-09 02:00:00,5188_1,5133,5125_1,5107_3,5097,5087_6
2000-01-09 03:00:00,5226_4,5171_9,5164_2,5146_7,5136_5,5127_5
2000-01-09 04:00:00,5264_2,5211,5203_5,5186_4,5176_6,5167_9
2000-01-09 05:00:00,5301,5249_6,5242_4,5225_8,5216_5,5208_2
2000-01-09 06:00:00,5337_6,5288_1,5281,5264_8,5255_7,5247_7
2000-01-09 07:00:00,5375_1,5327,5320,5304,5295,5287_3
2000-01-09 08:00:00,5414,5367,5360,5344_1,5335_3,5327_6
2000-01-09 09:00:00,5453_7,5407_9,5400_9,5385_1,5376_3,5368_8
2000-01-09 10:00:00,5494,5449_4,5442_4,5426_5,5417_8,5410_3
2000-01-09 11:00:00,5534_7,5491_2,5484_2,5468_3,5459_5,5451_9
2000-01-09 12:00:00,5574_9,5532_8,5525_6,5509_6,5500_7,5493
2000-01-09 13:00:00,5615_3,5574,5566_7,5550_5,5541_4,5533_6
2000-01-09 14:00:00,5656_3,5615_2,5607_8,5591_6,5582_3,5574_3
2000-01-09 15:00:00,5697_4,5656_4,5648_9,5632_5,5623,5614_9
2000-01-09 16:00:00,5738_5,5697_7,5690_1,5673_5,5663_8,5655_5
2000-01-09 17:00:00,5779_5,5738_7,5730_8,5714,5704_2,5695_8
2000-01-09 18:00:00,5820_9,5779_8,5771_9,5754_9,5744_9,5736_3
2000-01-09 19:00:00,5863_5,5821_5,5813_3,5796_2,5786,5777_3
2000-01-09 20:00:00,5907_1,5863_9,5855_6,5838_3,5827_9,5819_2
2000-01-09 21:00:00,5953_3,5908_2,5899_4,5881_9,5871_3,5862_6
2000-01-09 22:00:00,6001_4,5954_4,5945_1,5927_2,5916_2,5907_2
2000-01-09 23:00:00,6049_4,6000_2,5990_5,5972_5,5961_3,5952_3
2000-01-10 00:00:00,6095_5,6045,6035_1,6017_1,6005_9,5996_8
2000-01-10 01:00:00,6137_6,6087_2,6077_2,6059_7,6048_7,6039_9
2000-01-10 02:00:00,6175_8,6126_3,6116_3,6099_4,6088_8,6080_4
2000-01-10 03:00:00,6211_8,6163,6153,6136_6,6126_6,6118_6
2000-01-10 04:00:00,6246_4,6198,6187_9,6172,6162_3,6154_7
2000-01-10 05:00:00,6280_2,6231_8,6221_6,6206_1,6196_8,6189_5
2000-01-10 06:00:00,6313_6,6265,6254_7,6239_5,6230_5,6223_4
2000-01-10 07:00:00,6347_7,6298,6287_5,6272_6,6263_7,6256_7
2000-01-10 08:00:00,6382_9,6331_8,6320_8,6305_9,6297,6290_1
2000-01-10 09:00:00,6418_4,6365_4,6353_9,6338_8,6329_8,6322_8
2000-01-10 10:00:00,6454_3,6398_9,6386_7,6371_4,6362_3,6355_2
2000-01-10 11:00:00,6490_2,6432_6,6420,6404_4,6395_1,6387_9
2000-01-10 12:00:00,6525_3,6466_2,6453_1,6437_3,6427_9,6420_6
2000-01-10 13:00:00,6561,6500_7,6486_8,6470_7,6461_1,6453_6
2000-01-10 14:00:00,6597_9,6537_3,6522_4,6505_6,6495_5,6487_5
2000-01-10 15:00:00,6635_7,6573_8,6557_8,6540_3,6529_6,6521_2
2000-01-10 16:00:00,6674_1,6610_8,6593_6,6575_3,6564_1,6555_2
2000-01-10 17:00:00,6715_3,6649,6630_1,6610_9,6599,6589_6
2000-01-10 18:00:00,6761_1,6691_2,6670,6649_3,6636_2,6625_9
2000-01-10 19:00:00,6811_6,6734_2,6710_8,6688_7,6674_6,6663_4
2000-01-10 20:00:00,7024_6,6867_5,6816_8,6776_8,6750_1,6729_3
2000-01-10 21:00:00,7109_8,6971_6,6919_8,6876_2,6846,6821_5
2000-01-10 22:00:00,7146_1,7024_4,6973_9,6936_5,6910_5,6889_2
2000-01-10 23:00:00,7162_4,7051_3,6996_4,6966_9,6946_9,6930_4
2000-01-11 00:00:00,7179_2,7069_7,7010,6985_3,6969_3,6956_1
2000-01-11 01:00:00,7209,7099_9,7030_8,7007_5,6992_6,6980_4
2000-01-11 02:00:00,7241,7131_5,7053_9,7031_3,7017_1,7005_5
2000-01-11 03:00:00,7273_7,7163_2,7078_7,7056_5,7042_7,7031_3
2000-01-11 04:00:00,7307_9,7196_1,7105_8,7083_6,7069_8,7058_6
2000-01-11 05:00:00,7344_6,7232_1,7133_6,7111_9,7098_4,7087_2
2000-01-11 06:00:00,7384_4,7268_4,7163_1,7140_9,7127_1,7115_9
2000-01-11 07:00:00,7426_2,7308_5,7197_3,7174_4,7160,7148_4
2000-01-11 08:00:00,7471_8,7350_2,7232_3,7208_7,7194_1,7182_1
2000-01-11 09:00:00,7519_5,7393_8,7268_4,7244_2,7228_8,7216_3
2000-01-11 10:00:00,7566_3,7435_6,7302_7,7278_1,7262_5,7249_7
2000-01-11 11:00:00,7611,7475_1,7336,7311_3,7295_7,7282_9
2000-01-11 12:00:00,7654_3,7514_3,7369,7344_5,7328_9,7316_2
2000-01-11 13:00:00,7694_7,7553_4,7402_1,7377_7,7362_1,7349_4
2000-01-11 14:00:00,7730_8,7591_6,7434_9,7410_5,7394_9,7382_1
2000-01-11 15:00:00,7759_3,7618_7,7471_6,7446_2,7429_9,7416_6
2000-01-11 16:00:00,7777_3,7641_6,7508,7482_3,7465_7,7452_1
2000-01-11 17:00:00,7792_1,7664_2,7543_6,7517_8,7501_2,7487_5
2000-01-11 18:00:00,7805,7686,7579_3,7553_5,7536_7,7523
2000-01-11 19:00:00,7816_5,7708,7615,7589_1,7572_4,7558_6
2000-01-11 20:00:00,7823_7,7726_1,7645_1,7622,7607_1,7594_5
2000-01-11 21:00:00,7840_6,7753_6,7688_1,7662_3,7645_4,7631_6
2000-01-11 22:00:00,7853_6,7776_4,7725_2,7699_7,7683_1,7669_5
2000-01-11 23:00:00,7875_9,7802_1,7764_4,7738_5,7721_6,7707_7
2000-01-12 00:00:00,7906_5,7832_5,7803_3,7777_6,7760_7,7746_8
2000-01-12 01:00:00,7944_3,7869_6,7840_3,7814_6,7797_9,7784_2
2000-01-12 02:00:00,7988_2,7910_7,7880_4,7854_2,7837,7823
2000-01-12 03:00:00,8034_8,7955_2,7924_2,7896_5,7878_9,7864_5
2000-01-12 04:00:00,8082_5,8002_7,7971_8,7937_9,7920_3,7905_9
2000-01-12 05:00:00,8143_9,8056_7,8023_9,7982_1,7963_8,7948_9
2000-01-12 06:00:00,8217_8,8123_8,8088_2,8035_4,8015_3,7999
2000-01-12 07:00:00,8299_9,8197_7,8159_5,8093_8,8072_2,8054_6
2000-01-12 08:00:00,8391_8,8279_3,8238_1,8157_2,8134,8115_2
2000-01-12 09:00:00,8492_4,8369_1,8324_6,8226_4,8201_6,8181_4
2000-01-12 10:00:00,8601_4,8477_8,8422_2,8301_9,8275,8253_2
2000-01-12 11:00:00,8716,8591,8522_1,8390_7,8360_3,8335_6
2000-01-12 12:00:00,8831_2,8702,8617_7,8493_8,8460,8432_5
2000-01-12 13:00:00,8935_4,8809_3,8710_9,8604_6,8568_3,8538_7
2000-01-12 14:00:00,9032_4,8911,8798_4,8715_7,8677_7,8646_9
2000-01-12 15:00:00,9125_1,9010,8883_9,8827_2,8788_1,8756_6
2000-01-12 16:00:00,9213_1,9109_3,8978_4,8924_8,8887_8,8858
2000-01-12 17:00:00,9292_9,9188_5,9063_4,9012_7,8977_6,8949_4
2000-01-12 18:00:00,9364_1,9257_4,9142_2,9094,9060_5,9033_8
2000-01-12 19:00:00,9427_9,9320_1,9217_4,9171_5,9139_3,9113_8
2000-01-12 20:00:00,9484_1,9375,9287_9,9244_3,9213_5,9189_3
2000-01-12 21:00:00,9535_4,9423_7,9353_6,9312_4,9283,9260
2000-01-12 22:00:00,9585_2,9466_3,9414_2,9375_4,9347_7,9326_1
2000-01-12 23:00:00,9631,9510_3,9466_8,9431,9405_3,9385_3
2000-01-13 00:00:00,9677_2,9557_7,9516_7,9483,9458_6,9439_9
2000-01-13 01:00:00,9726_1,9605_4,9565_9,9533_4,9510,9492
2000-01-13 02:00:00,9776_1,9653_2,9614_9,9583_3,9560_5,9543_1
2000-01-13 03:00:00,9827_1,9701_3,9664_1,9633_3,9610_8,9593_8
2000-01-13 04:00:00,9881_6,9750_8,9714_1,9683_7,9661_5,9644_7
2000-01-13 05:00:00,9943,9801_9,9765_1,9734_8,9712_6,9695_9
2000-01-13 06:00:00,10003,9854_2,9817_4,9787_1,9764_9,9748_3
2000-01-13 07:00:00,10058,9907_7,9870_8,9840_5,9818_1,9801_5
2000-01-13 08:00:00,10113,9961_9,9925,9894_7,9872_2,9855_6
2000-01-13 09:00:00,10169,10019,9981_1,9950_4,9927_6,9910_8
2000-01-13 10:00:00,10228,10078,10040,10009,9985_8,9968_9
2000-01-13 11:00:00,10292,10140,10102,10071,10047,10030
2000-01-13 12:00:00,10361,10207,10168,10135,10111,10094
2000-01-13 13:00:00,10433,10284,10242,10208,10182,10164
2000-01-13 14:00:00,10514,10361,10318,10283,10256,10237
2000-01-13 15:00:00,10594,10436,10393,10357,10330,10310
2000-01-13 16:00:00,10673,10512,10468,10432,10404,10385
2000-01-13 17:00:00,10750,10587,10542,10506,10479,10459
2000-01-13 18:00:00,10820,10664,10619,10582,10554,10534
2000-01-13 19:00:00,10886,10739,10694,10657,10629,10609
2000-01-13 20:00:00,10950,10812,10767,10731,10703,10683
2000-01-13 21:00:00,11013,10884,10839,10803,10775,10755
2000-01-13 22:00:00,11076,10955,10911,10875,10847,10828
2000-01-13 23:00:00,11139,11027,10983,10947,10919,10899
2000-01-14 00:00:00,11203,11098,11054,11018,10991,10971
2000-01-14 01:00:00,11269,11166,11123,11088,11061,11041
2000-01-14 02:00:00,11335,11233,11191,11156,11129,11110
2000-01-14 03:00:00,11398,11298,11257,11223,11197,11178
2000-01-14 04:00:00,11455,11359,11319,11287,11261,11243
2000-01-14 05:00:00,11508,11416,11378,11347,11322,11304
2000-01-14 06:00:00,11556,11469,11433,11403,11379,11363
2000-01-14 07:00:00,11600,11518,11483,11455,11433,11417
2000-01-14 08:00:00,11641,11563,11530,11504,11482,11467
2000-01-14 09:00:00,11678,11605,11574,11549,11529,11514
2000-01-14 10:00:00,11714,11644,11615,11591,11572,11558
2000-01-14 11:00:00,11747,11681,11653,11631,11613,11600
2000-01-14 12:00:00,11779,11716,11690,11668,11651,11639
2000-01-14 13:00:00,11810,11750,11725,11705,11688,11676
2000-01-14 14:00:00,11841,11783,11759,11739,11724,11712
2000-01-14 15:00:00,11870,11815,11792,11773,11758,11747
2000-01-14 16:00:00,11899,11846,11823,11806,11791,11781
2000-01-14 17:00:00,11927,11876,11854,11837,11823,11813
2000-01-14 18:00:00,11954,11905,11884,11867,11854,11844
2000-01-14 19:00:00,11981,11933,11913,11897,11884,11875
2000-01-14 20:00:00,12007,11961,11941,11926,11914,11905
2000-01-14 21:00:00,12033,11988,11969,11954,11942,11934
2000-01-14 22:00:00,12059,12015,11997,11982,11970,11962
2000-01-14 23:00:00,12084,12042,12024,12010,11998,11990
2000-01-15 00:00:00,12109,12068,12050,12037,12026,12017
2000-01-15 01:00:00,12134,12094,12077,12063,12052,12044
2000-01-15 02:00:00,12159,12119,12102,12089,12079,12071
2000-01-15 03:00:00,12182,12144,12128,12115,12105,12097
2000-01-15 04:00:00,12204,12167,12152,12140,12130,12122
2000-01-15 05:00:00,12225,12190,12175,12163,12153,12146
2000-01-15 06:00:00,12244,12210,12196,12185,12176,12169
2000-01-15 07:00:00,12262,12230,12216,12206,12197,12191
2000-01-15 08:00:00,12278,12248,12235,12225,12217,12211
2000-01-15 09:00:00,12294,12265,12253,12244,12236,12230
2000-01-15 10:00:00,12309,12282,12270,12261,12254,12248
2000-01-15 11:00:00,12324,12298,12287,12278,12271,12265
2000-01-15 12:00:00,12338,12313,12302,12294,12287,12282
2000-01-15 13:00:00,12351,12327,12317,12309,12302,12298
2000-01-15 14:00:00,12364,12341,12332,12324,12317,12313
2000-01-15 15:00:00,12377,12355,12345,12338,12332,12328
2000-01-15 16:00:00,12389,12368,12359,12352,12346,12342
2000-01-15 17:00:00,12402,12381,12372,12365,12360,12356
2000-01-15 18:00:00,12413,12393,12385,12378,12373,12369
2000-01-15 19:00:00,12425,12406,12397,12391,12386,12382
2000-01-15 20:00:00,12437,12418,12410,12403,12398,12395
2000-01-15 21:00:00,12448,12430,12422,12416,12411,12407
2000-01-15 22:00:00,12459,12441,12434,12428,12423,12419
2000-01-15 23:00:00,12470,12453,12445,12439,12435,12431
2000-01-16 00:00:00,12481,12464,12457,12451,12447,12443
2000-01-16 01:00:00,12492,12475,12468,12463,12458,12455
2000-01-16 02:00:00,12503,12486,12479,12474,12470,12466
2000-01-16 03:00:00,12512,12497,12490,12485,12480,12477
2000-01-16 04:00:00,12519,12505,12499,12494,12490,12487
2000-01-16 05:00:00,12524,12511,12506,12502,12498,12496
2000-01-16 06:00:00,12526,12516,12511,12508,12505,12502
2000-01-16 07:00:00,12528,12519,12515,12512,12509,12507
2000-01-16 08:00:00,12527,12521,12517,12515,12513,12511
2000-01-16 09:00:00,12526,12521,12518,12516,12515,12513
2000-01-16 10:00:00,12524,12520,12518,12517,12515,12514
2000-01-16 11:00:00,12521,12518,12517,12516,12515,12514
2000-01-16 12:00:00,12517,12516,12515,12514,12514,12513
2000-01-16 13:00:00,12513,12512,12512,12512,12511,12511
2000-01-16 14:00:00,12508,12509,12509,12509,12509,12509
2000-01-16 15:00:00,12503,12504,12505,12505,12505,12505
2000-01-16 16:00:00,12497,12499,12500,12501,12501,12502
2000-01-16 17:00:00,12491,12494,12496,12497,12497,12498
2000-01-16 18:00:00,12485,12489,12490,12492,12492,12493
2000-01-16 19:00:00,12478,12483,12485,12486,12487,12488
2000-01-16 20:00:00,12472,12477,12479,12481,12482,12483
2000-01-16 21:00:00,12465,12471,12473,12475,12476,12477
2000-01-16 22:00:00,12458,12464,12467,12469,12470,12471
2000-01-16 23:00:00,12451,12458,12460,12463,12464,12465
2000-01-17 00:00:00,12444,12451,12454,12456,12458,12459
2000-01-17 01:00:00,12437,12444,12447,12450,12451,12453
2000-01-17 02:00:00,12429,12437,12440,12443,12445,12446
2000-01-17 03:00:00,12421,12429,12433,12436,12438,12439
2000-01-17 04:00:00,12411,12421,12424,12427,12430,12431
2000-01-17 05:00:00,12399,12410,12415,12418,12421,12422
2000-01-17 06:00:00,12387,12399,12403,12407,12410,12412
2000-01-17 07:00:00,12373,12386,12391,12396,12399,12401
2000-01-17 08:00:00,12358,12372,12378,12383,12387,12389
2000-01-17 09:00:00,12342,12358,12364,12369,12373,12376
2000-01-17 10:00:00,12326,12343,12349,12355,12359,12362
2000-01-17 11:00:00,12309,12327,12334,12340,12344,12347
2000-01-17 12:00:00,12292,12310,12318,12324,12329,12332
2000-01-17 13:00:00,12274,12293,12301,12308,12313,12316
2000-01-17 14:00:00,12256,12276,12284,12291,12296,12300
2000-01-17 15:00:00,12237,12258,12267,12274,12279,12283
2000-01-17 16:00:00,12219,12240,12249,12256,12262,12265
2000-01-17 17:00:00,12200,12222,12231,12238,12244,12248
2000-01-17 18:00:00,12181,12203,12213,12220,12226,12230
2000-01-17 19:00:00,12161,12185,12194,12202,12208,12212
2000-01-17 20:00:00,12142,12166,12175,12183,12189,12193
2000-01-17 21:00:00,12122,12146,12156,12164,12170,12175
2000-01-17 22:00:00,12103,12127,12137,12145,12151,12156
2000-01-17 23:00:00,12083,12108,12118,12126,12132,12137
2000-01-18 00:00:00,12063,12088,12098,12107,12113,12118
2000-01-18 01:00:00,12043,12068,12079,12087,12094,12098
2000-01-18 02:00:00,12023,12048,12059,12068,12074,12079
2000-01-18 03:00:00,12001,12028,12039,12048,12054,12059
2000-01-18 04:00:00,11978,12006,12017,12026,12033,12038
2000-01-18 05:00:00,11952,11982,11994,12003,12011,12016
2000-01-18 06:00:00,11925,11956,11969,11979,11987,11992
2000-01-18 07:00:00,11896,11929,11942,11953,11961,11967
2000-01-18 08:00:00,11866,11900,11914,11925,11934,11940
2000-01-18 09:00:00,11834,11870,11885,11897,11906,11912
2000-01-18 10:00:00,11802,11840,11855,11867,11877,11883
2000-01-18 11:00:00,11770,11808,11824,11837,11847,11854
2000-01-18 12:00:00,11736,11776,11792,11806,11816,11823
2000-01-18 13:00:00,11702,11743,11760,11774,11784,11791
2000-01-18 14:00:00,11668,11710,11727,11741,11752,11759
2000-01-18 15:00:00,11633,11676,11694,11708,11719,11727
2000-01-18 16:00:00,11598,11642,11660,11674,11686,11694
2000-01-18 17:00:00,11562,11607,11625,11640,11652,11660
2000-01-18 18:00:00,11526,11572,11591,11606,11617,11626
2000-01-18 19:00:00,11490,11537,11556,11571,11583,11591
2000-01-18 20:00:00,11454,11501,11520,11536,11548,11556
2000-01-18 21:00:00,11418,11465,11485,11501,11513,11521
2000-01-18 22:00:00,11381,11430,11449,11465,11477,11486
2000-01-18 23:00:00,11345,11394,11413,11430,11442,11451
2000-01-19 00:00:00,11308,11357,11378,11394,11406,11415
2000-01-19 01:00:00,11271,11321,11342,11358,11371,11380
2000-01-19 02:00:00,11235,11285,11305,11322,11335,11344
2000-01-19 03:00:00,11198,11248,11269,11286,11299,11308
2000-01-19 04:00:00,11161,11212,11233,11250,11263,11272
2000-01-19 05:00:00,11125,11176,11197,11214,11227,11236
2000-01-19 06:00:00,11089,11140,11161,11178,11191,11200
2000-01-19 07:00:00,11053,11105,11126,11142,11155,11165
2000-01-19 08:00:00,11018,11069,11090,11107,11120,11129
2000-01-19 09:00:00,10982,11033,11055,11071,11084,11094
2000-01-19 10:00:00,10947,10998,11019,11036,11049,11058
2000-01-19 11:00:00,10911,10963,10984,11000,11014,11023
2000-01-19 12:00:00,10876,10928,10949,10965,10979,10988
2000-01-19 13:00:00,10841,10893,10914,10930,10943,10953
2000-01-19 14:00:00,10806,10857,10879,10895,10908,10918
2000-01-19 15:00:00,10770,10822,10843,10860,10873,10883
2000-01-19 16:00:00,10733,10786,10807,10824,10837,10847
2000-01-19 17:00:00,10697,10750,10771,10788,10802,10811
2000-01-19 18:00:00,10661,10714,10735,10752,10766,10775
2000-01-19 19:00:00,10625,10678,10700,10716,10730,10740
2000-01-19 20:00:00,10588,10642,10664,10680,10694,10704
2000-01-19 21:00:00,10552,10606,10628,10644,10658,10668
2000-01-19 22:00:00,10516,10570,10592,10609,10622,10632
2000-01-19 23:00:00,10480,10534,10556,10573,10587,10596
2000-01-20 00:00:00,10444,10498,10520,10537,10551,10561
2000-01-20 01:00:00,10408,10463,10485,10501,10515,10525
2000-01-20 02:00:00,10372,10427,10449,10465,10479,10489
2000-01-20 03:00:00,10335,10390,10413,10429,10443,10453
2000-01-20 04:00:00,10298,10354,10376,10393,10407,10417
2000-01-20 05:00:00,10260,10317,10339,10356,10370,10380
2000-01-20 06:00:00,10221,10279,10302,10319,10333,10343
2000-01-20 07:00:00,10182,10241,10264,10281,10295,10306
2000-01-20 08:00:00,10142,10202,10225,10242,10257,10268
2000-01-20 09:00:00,10102,10162,10186,10204,10219,10229
2000-01-20 10:00:00,10062,10123,10147,10164,10179,10190
2000-01-20 11:00:00,10022,10083,10108,10125,10140,10151
2000-01-20 12:00:00,9981_7,10044,10068,10086,10101,10112
2000-01-20 13:00:00,9942_8,10005,10029,10047,10062,10073
2000-01-20 14:00:00,9904_8,9967_4,9991_6,10009,10024,10035
2000-01-20 15:00:00,9866_8,9929_8,9953_9,9971_1,9986_2,9997
2000-01-20 16:00:00,9829_8,9892_9,9916_8,9933_9,9948_8,9959_6
2000-01-20 17:00:00,9792_7,9856_4,9880_2,9897_1,9912,9922_7
2000-01-20 18:00:00,9755_8,9820_6,9844_4,9861_3,9876_2,9886_9
2000-01-20 19:00:00,9720,9786_1,9809_7,9826_5,9841_3,9852_1
2000-01-20 20:00:00,9685_8,9752_9,9776_3,9792_8,9807_5,9818_1
2000-01-20 21:00:00,9651_6,9719_5,9742_9,9759_3,9773_8,9784_4
2000-01-20 22:00:00,9616_1,9684_8,9708_3,9724_8,9739_3,9749_9
2000-01-20 23:00:00,9579_7,9649_1,9672_9,9689_4,9704,9714_7
2000-01-21 00:00:00,9542_6,9612_7,9636_7,9653_3,9668,9678_7
2000-01-21 01:00:00,9504_8,9575_5,9599_7,9616_4,9631_2,9642_1
2000-01-21 02:00:00,9466_7,9537_7,9562_3,9579_2,9594_1,9605
2000-01-21 03:00:00,9428_2,9499_3,9524_2,9541_2,9556_2,9567_2
2000-01-21 04:00:00,9389,9459_8,9485,9502_3,9517_5,9528_7
2000-01-21 05:00:00,9351_5,9420_7,9445_9,9463_2,9478_5,9489_8
2000-01-21 06:00:00,9315_2,9383_6,9408_6,9425_6,9440_6,9451_8
2000-01-21 07:00:00,9278,9345_7,9370_8,9387_7,9402_7,9413_9
2000-01-21 08:00:00,9241_7,9308_9,9333_7,9350_4,9365_2,9376_3
2000-01-21 09:00:00,9206_5,9273_1,9297_6,9314,9328_6,9339_6
2000-01-21 10:00:00,9171_4,9237_7,9262,9278_2,9292_7,9303_6
2000-01-21 11:00:00,9136,9202_5,9226_7,9242_7,9257_1,9267_9
2000-01-21 12:00:00,9100_4,9167_3,9191_5,9207_4,9221_7,9232_5
2000-01-21 13:00:00,9064_4,9132_3,9156_5,9172_3,9186_5,9197_2
2000-01-21 14:00:00,9026_3,9095_9,9120_5,9136_5,9150_8,9161_6
2000-01-21 15:00:00,8986_4,9058_6,9083_6,9099_8,9114_3,9125_3
2000-01-21 16:00:00,8944_4,9019_9,9045_4,9062_1,9076_8,9088
2000-01-21 17:00:00,8899_8,8979,9005_3,9022_6,9037_7,9049_2
2000-01-21 18:00:00,8854_8,8937_7,8964_5,8982_1,8997_5,9009_3
2000-01-21 19:00:00,8807_8,8894_1,8921_7,8940_1,8956,8968_2
2000-01-21 20:00:00,8757_1,8846_2,8874_8,8894_3,8911,8923_9
2000-01-21 21:00:00,8703_4,8795_2,8824_7,8845_5,8863_1,8876_7
2000-01-21 22:00:00,8647_8,8741_5,8771_9,8793_9,8812_3,8826_6
2000-01-21 23:00:00,8590_1,8685_4,8716_5,8739_7,8759,8774
2000-01-22 00:00:00,8531_7,8627_5,8658_9,8683_3,8703_3,8719
2000-01-22 01:00:00,8472_6,8568_1,8599_6,8625,8645_8,8662_1
2000-01-22 02:00:00,8414_6,8508_1,8539_2,8565_4,8586_7,8603_6
2000-01-22 03:00:00,8357_2,8448,8478_3,8505_2,8526_9,8544_2
2000-01-22 04:00:00,8300_8,8387_8,8417_1,8444_4,8466_6,8484_2
2000-01-22 05:00:00,8245_1,8328_6,8357,8384_2,8406_4,8424_3
2000-01-22 06:00:00,8190_5,8272_4,8300_7,8327_3,8349_2,8366_8
2000-01-22 07:00:00,8137,8219_4,8247_9,8274,8295_2,8312_3
2000-01-22 08:00:00,8085,8167_7,8196_5,8222_6,8243_4,8260_2
2000-01-22 09:00:00,8034_2,8117_1,8146_3,8172_3,8192_8,8209_4
2000-01-22 10:00:00,7984_4,8067_9,8097_6,8123_5,8143_6,8160
2000-01-22 11:00:00,7935_6,8020,8050_4,8076_1,8095_8,8112
2000-01-22 12:00:00,7888_2,7973_5,8004_7,8030_2,8049_6,8065_5
2000-01-22 13:00:00,7842_6,7929_1,7961_2,7986_3,8005_2,8020_7
2000-01-22 14:00:00,7799_1,7886_7,7919_9,7944_4,7962_8,7977_9
2000-01-22 15:00:00,7757_9,7847_1,7881_5,7905_2,7922_9,7937_4
2000-01-22 16:00:00,7720_1,7810_4,7846_2,7868_9,7885_8,7899_8
2000-01-22 17:00:00,7688_1,7775_9,7811_3,7833_6,7850_2,7863_8
2000-01-22 18:00:00,7662_9,7744_9,7778_9,7800_1,7816,7829_1
2000-01-22 19:00:00,7644_2,7719_8,7751_6,7771_1,7785_9,7798_1
2000-01-22 20:00:00,7623_8,7695_4,7725_9,7744_2,7758_3,7769_9
2000-01-22 21:00:00,7604_3,7672_2,7701_7,7718_9,7732_3,7743_3
2000-01-22 22:00:00,7586_2,7650_7,7679_1,7695_2,7708,7718_5
2000-01-22 23:00:00,7569_9,7630_7,7657_9,7673,7685_1,7695_1
2000-01-23 00:00:00,7555,7612_5,7638_6,7652_5,7664,7673_5
2000-01-23 01:00:00,7541_7,7595_9,7620_8,7633_6,7644_5,7653_4
2000-01-23 02:00:00,7529_9,7580_8,7604_6,7616_3,7626_5,7634_9
2000-01-23 03:00:00,7519_5,7567_3,7589_9,7600_5,7610,7618
2000-01-23 04:00:00,7509_7,7554_7,7576_1,7585_8,7594_8,7602_2
2000-01-23 05:00:00,7498,7541_9,7562_6,7571_6,7580_2,7587_3
2000-01-23 06:00:00,7483_3,7527_1,7547_9,7556_7,7565_1,7572_1
2000-01-23 07:00:00,7465_6,7510_4,7531_7,7540_6,7549_1,7556
2000-01-23 08:00:00,7445_4,7491_5,7513_7,7523,7531_7,7538_8
2000-01-23 09:00:00,7423_7,7471_2,7494_4,7504_2,7513_1,7520_4
2000-01-23 10:00:00,7399_1,7448_6,7473_4,7483_9,7493_1,7500_7
2000-01-23 11:00:00,7371_8,7423_6,7450_1,7461_6,7471_3,7479_2
2000-01-23 12:00:00,7342,7396_1,7424_8,7437_4,7447_5,7455_9
2000-01-23 13:00:00,7309_6,7366_5,7397_5,7411_4,7422_2,7431
2000-01-23 14:00:00,7274_1,7334_1,7368,7383_4,7394_9,7404_4
2000-01-23 15:00:00,7220_3,7295_2,7334_3,7352_2,7364_9,7375_2
2000-01-23 16:00:00,7010_5,7140_1,7224_8,7268_3,7294_1,7314_9
2000-01-23 17:00:00,6953_2,7064_1,7145_4,7189_2,7214_9,7235_7
2000-01-23 18:00:00,6928_7,7020_4,7096_1,7135_6,7159,7178
2000-01-23 19:00:00,6909_1,6985_9,7056_9,7092_5,7113_9,7131_4
2000-01-23 20:00:00,6889_5,6954_2,7022_5,7055_4,7075_3,7091_6
2000-01-23 21:00:00,6868_9,6926_9,6992_6,7022_9,7041_5,7056_8
2000-01-23 22:00:00,6847_9,6901_6,6965_7,6994,7011_5,7026
2000-01-23 23:00:00,6827,6877_5,6940_8,6967_5,6984_2,6998_1
2000-01-24 00:00:00,6804_7,6854_6,6917_9,6943_1,6959,6972_1
2000-01-24 01:00:00,6777_6,6828_5,6894,6918_5,6934_1,6946_9
2000-01-24 02:00:00,6748,6800_5,6869_6,6893_4,6908_7,6921_3
2000-01-24 03:00:00,6717_5,6774_5,6847_1,6869_5,6884_3,6896_5
2000-01-24 04:00:00,6688,6750,6824_4,6845_7,6860_2,6872_1
2000-01-24 05:00:00,6659_7,6726_9,6802_1,6822_2,6836_3,6847_9
2000-01-24 06:00:00,6633,6707,6781_1,6799_7,6813_3,6824_5
2000-01-24 07:00:00,6608_6,6691_6,6761_4,6778_2,6791_2,6801_9
2000-01-24 08:00:00,6588,6679_6,6743_7,6758_8,6771_2,6781_3
2000-01-24 09:00:00,6569_3,6659_2,6721_4,6736_7,6749_2,6759_5
2000-01-24 10:00:00,6551_2,6636_3,6695_9,6711_5,6724_4,6734_9
2000-01-24 11:00:00,6535_1,6613_9,6670_1,6685_4,6698_4,6709
2000-01-24 12:00:00,6520_3,6592_8,6645_5,6659_8,6672_5,6682_9
2000-01-24 13:00:00,6504_1,6572_9,6623_5,6636_3,6648_5,6658_5
2000-01-24 14:00:00,6487_4,6553_5,6602_4,6613_8,6625_5,6635
2000-01-24 15:00:00,6470_8,6534_4,6581_6,6591_8,6603,6612_1
2000-01-24 16:00:00,6454_4,6515_6,6561_2,6570_2,6581,6589_7
2000-01-24 17:00:00,6438,6497,6540_8,6548_9,6559_3,6567_8
2000-01-24 18:00:00,6421_7,6479,6521_3,6528_4,6538_5,6546_6
2000-01-24 19:00:00,6405_5,6461,6501_8,6508,6517_6,6525_4
2000-01-24 20:00:00,6389_4,6443_2,6482_5,6487_7,6496_9,6504_4
2000-01-24 21:00:00,6373_5,6425_6,6463_4,6467_6,6476_5,6483_6
2000-01-24 22:00:00,6357_5,6408_1,6444_4,6447_8,6456_3,6463_1
2000-01-24 23:00:00,6340_9,6390_3,6425_3,6428,6436_1,6442_7
2000-01-25 00:00:00,6323_5,6371_9,6406_1,6408_1,6416,6422_3
2000-01-25 01:00:00,6305_6,6353_4,6386_6,6388_1,6395_8,6401_9
2000-01-25 02:00:00,6287_7,6335,6367_5,6368_4,6375_8,6381_7
2000-01-25 03:00:00,6269_5,6316,6347_9,6348_4,6355_6,6361_4
2000-01-25 04:00:00,6251_3,6297_1,6328_3,6328_3,6335_4,6341
2000-01-25 05:00:00,6233_2,6278_4,6308_8,6308_4,6315_3,6320_8
2000-01-25 06:00:00,6215_7,6260,6289_4,6288_4,6295_2,6300_5
2000-01-25 07:00:00,6198_6,6241_9,6270_2,6268_8,6275_3,6280_5
2000-01-25 08:00:00,6181_7,6224,6251_3,6249_4,6255_8,6260_8
2000-01-25 09:00:00,6164_6,6206,6232_1,6230,6236_2,6241_1
2000-01-25 10:00:00,6147_1,6188,6213_2,6210_7,6216_8,6221_6
2000-01-25 11:00:00,6129_3,6169_8,6194_3,6191_5,6197_5,6202_2
2000-01-25 12:00:00,6111,6151_3,6175_4,6172_3,6178_2,6182_9
2000-01-25 13:00:00,6092_4,6132_6,6156_3,6153_1,6158_9,6163_5
2000-01-25 14:00:00,6073_3,6113_7,6137_1,6133_7,6139_6,6144_2
2000-01-25 15:00:00,6053_7,6094_4,6117_6,6114_2,6120_1,6124_7
2000-01-25 16:00:00,6033_7,6074_7,6097_8,6094_4,6100_3,6104_9
2000-01-25 17:00:00,6013_4,6054_7,6077_7,6074_2,6080_2,6084_9
2000-01-25 18:00:00,5992_8,6034_3,6057_2,6053_7,6059_7,6064_4
2000-01-25 19:00:00,5972_1,6013_7,6036_4,6032_8,6038_8,6043_6
2000-01-25 20:00:00,5951_2,5993,6015_4,6011_7,6017_8,6022_6
2000-01-25 21:00:00,5930_2,5972,5994_3,5990_4,5996_4,6001_3
2000-01-25 22:00:00,5909_2,5951,5972_9,5968_9,5974_9,5979_8
2000-01-25 23:00:00,5888,5929_7,5951_4,5947_3,5953_3,5958_2
2000-01-26 00:00:00,5866_6,5908_3,5929_8,5925_6,5931_6,5936_5
2000-01-26 01:00:00,5845_1,5886_8,5908_1,5903_7,5909_7,5914_6
2000-01-26 02:00:00,5823_5,5865_2,5886_2,5881_6,5887_6,5892_5
2000-01-26 03:00:00,5801_8,5843_4,5864_1,5859_4,5865_3,5870_2
2000-01-26 04:00:00,5779_8,5821_4,5841_8,5837,5842_9,5847_8
2000-01-26 05:00:00,5757_5,5799_1,5819_2,5814_3,5820_2,5825_1
2000-01-26 06:00:00,5734_9,5776_5,5796_4,5791_3,5797_2,5802_1
2000-01-26 07:00:00,5712_1,5753_7,5773_3,5768,5774,5778_9
2000-01-26 08:00:00,5689_2,5730_6,5750_1,5744_6,5750_5,5755_5
2000-01-26 09:00:00,5666_4,5707_5,5726_7,5721_1,5727,5732
2000-01-26 10:00:00,5643_5,5684_4,5703_3,5697_6,5703_4,5708_4
2000-01-26 11:00:00,5620_6,5661_2,5679_9,5674,5679_8,5684_8
2000-01-26 12:00:00,5597_7,5638,5656_4,5650_3,5656_1,5661_1
2000-01-26 13:00:00,5574_9,5614_8,5632_9,5626_6,5632_4,5637_3
2000-01-26 14:00:00,5552_2,5591_7,5609_4,5603,5608_6,5613_5
2000-01-26 15:00:00,5529_6,5568_7,5586,5579_3,5584_8,5589_6
2000-01-26 16:00:00,5507_2,5545_6,5562_4,5555_4,5560_9,5565_6
2000-01-26 17:00:00,5484_7,5522_5,5539,5531_7,5537_1,5541_7
2000-01-26 18:00:00,5462,5499_4,5515_4,5508,5513_3,5517_8
2000-01-26 19:00:00,5439_5,5476_3,5492,5484_2,5489_4,5493_9
2000-01-26 20:00:00,5417_1,5453_3,5468_6,5460_6,5465_7,5470_1
2000-01-26 21:00:00,5394_9,5430_5,5445_4,5437_2,5442_2,5446_5
2000-01-26 22:00:00,5372_8,5407_9,5422_3,5413_9,5418_8,5423
2000-01-26 23:00:00,5350_8,5385_3,5399_3,5390_6,5395_4,5399_6
2000-01-27 00:00:00,5328_9,5362_8,5376_5,5367_5,5372_2,5376_3
2000-01-27 01:00:00,5307_2,5340_4,5353_8,5344_6,5349_2,5353_2
2000-01-27 02:00:00,5285_4,5318_3,5331_3,5322,5326_6,5330_5
2000-01-27 03:00:00,5263_7,5296_2,5309,5299_6,5304_1,5308
2000-01-27 04:00:00,5241_8,5274_2,5286_8,5277_2,5281_7,5285_6
2000-01-27 05:00:00,5219_5,5251_9,5264_5,5254_8,5259_3,5263_2
2000-01-27 06:00:00,5196_6,5229_3,5241_9,5232_2,5236_7,5240_7
2000-01-27 07:00:00,5173_3,5206_4,5218_9,5209_2,5213_8,5217_9
2000-01-27 08:00:00,5149_6,5183_1,5195_7,5185_9,5190_6,5194_7
2000-01-27 09:00:00,5125_5,5159_4,5172_1,5162_3,5167_1,5171_2
2000-01-27 10:00:00,5100_9,5135_2,5148,5138_3,5143_1,5147_4
2000-01-27 11:00:00,5075_8,5110_7,5123_5,5113_8,5118_7,5123_1
2000-01-27 12:00:00,5050_4,5085_7,5098_6,5088_9,5093_9,5098_4
2000-01-27 13:00:00,5024_6,5060_3,5073_3,5063_6,5068_8,5073_3
2000-01-27 14:00:00,4998_6,5034_7,5047_7,5038,5043_3,5047_9
2000-01-27 15:00:00,4972_5,5008_9,5021_9,5012_2,5017_5,5022_3
2000-01-27 16:00:00,4946_1,4982_8,4995_8,4986_1,4991_6,4996_4
2000-01-27 17:00:00,4919_7,4956_6,4969_6,4959_9,4965_5,4970_4
2000-01-27 18:00:00,4893_1,4930_3,4943_2,4933_6,4939_2,4944_2
2000-01-27 19:00:00,4866_7,4903_9,4916_8,4907_2,4912_9,4918
2000-01-27 20:00:00,4840_2,4877_6,4890_4,4880_8,4886_6,4891_9
2000-01-27 21:00:00,4813_6,4851_2,4864,4854_4,4860_4,4865_7
2000-01-27 22:00:00,4786_9,4824_8,4837_6,4828_1,4834_2,4839_7
2000-01-27 23:00:00,4760_3,4798_5,4811_2,4801_7,4808,4813_6
2000-01-28 00:00:00,4733_7,4772_1,4784_9,4775_4,4781_8,4787_6
2000-01-28 01:00:00,4706_9,4745_6,4758_4,4749,4755_6,4761_5
2000-01-28 02:00:00,4680,4719_1,4731_9,4722_6,4729_3,4735_5
2000-01-28 03:00:00,4653_1,4692_5,4705_3,4696_2,4703_1,4709_6
2000-01-28 04:00:00,4626_4,4666_1,4678_9,4669_9,4677_1,4683_8
2000-01-28 05:00:00,4600_3,4640_2,4652_9,4644,4651_3,4658_3
2000-01-28 06:00:00,4575_2,4614_9,4627_4,4618_5,4626,4633_3
2000-01-28 07:00:00,4551,4590_4,4602_7,4593_7,4601_4,4608_9
2000-01-28 08:00:00,4527_8,4566_8,4578_8,4569_7,4577_5,4585_3
2000-01-28 09:00:00,4505_7,4544,4555_6,4546_4,4554_2,4562
2000-01-28 10:00:00,4484_5,4521_8,4533,4523_5,4531_2,4539
2000-01-28 11:00:00,4464_3,4500_5,4511_1,4501_3,4508_8,4516_6
2000-01-28 12:00:00,4445_1,4479_9,4490,4479_9,4487_3,4495
2000-01-28 13:00:00,4426_6,4460_3,4469_8,4459_3,4466_5,4474_2
2000-01-28 14:00:00,4408_9,4441_3,4450_4,4439_5,4446_5,4454_1
2000-01-28 15:00:00,4391_8,4423,4431_5,4420_4,4427_2,4434_6
2000-01-28 16:00:00,4375_3,4405_3,4413_3,4401_7,4408_3,4415_5
2000-01-28 17:00:00,4359_3,4388_1,4395_7,4383_8,4390_2,4397_4
2000-01-28 18:00:00,4343_8,4371_6,4378_8,4366_5,4372_8,4379_9
2000-01-28 19:00:00,4328_9,4355_7,4362_5,4349_9,4356,4363_1
2000-01-28 20:00:00,4314_3,4340_2,4346_7,4333_8,4339_8,4346_7
2000-01-28 21:00:00,4300_2,4325_2,4331_3,4318_2,4324,4330_9
2000-01-28 22:00:00,4286_4,4310_6,4316_4,4303,4308_6,4315_5
2000-01-28 23:00:00,4272_9,4296_4,4301_9,4288_2,4293_7,4300_5
2000-01-29 00:00:00,4259_7,4282_5,4287_7,4273_8,4279_2,4285_9
2000-01-29 01:00:00,4246_8,4268_9,4273_9,4259_7,4265,4271_7
2000-01-29 02:00:00,4234_1,4255_6,4260_4,4246,4251_1,4257_8
2000-01-29 03:00:00,4221_8,4242_6,4247_1,4232_5,4237_6,4244_3
2000-01-29 04:00:00,4209_8,4230,4234_3,4219_5,4224_4,4231_1
2000-01-29 05:00:00,4198_5,4217_8,4222,4206_9,4211_7,4218_3
2000-01-29 06:00:00,4187_9,4206_3,4210_3,4194_9,4199_6,4206_1
2000-01-29 07:00:00,4177_9,4195_4,4199_2,4183_5,4188,4194_4
2000-01-29 08:00:00,4168_7,4185_2,4188_8,4172_8,4177_1,4183_4
2000-01-29 09:00:00,4160_1,4175_7,4179_1,4162_9,4167,4173_2
2000-01-29 10:00:00,4152_2,4166_9,4170_2,4153_7,4157_7,4163_7
2000-01-29 11:00:00,4144_9,4158_9,4161_9,4145_2,4149,4154_9
2000-01-29 12:00:00,4138_2,4151_4,4154_3,4137_3,4141_1,4146_7
2000-01-29 13:00:00,4132_1,4144_6,4147_3,4130_1,4133_6,4139_1
2000-01-29 14:00:00,4126_5,4138_3,4140_9,4123_3,4126_8,4132_1
2000-01-29 15:00:00,4121_3,4132_5,4134_9,4117_2,4120_5,4125_6
2000-01-29 16:00:00,4116_6,4127_1,4129_4,4111_4,4114_6,4119_6
2000-01-29 17:00:00,4112_2,4122_2,4124_4,4106_2,4109_2,4114_1
2000-01-29 18:00:00,4108_2,4117_6,4119_7,4101_3,4104_2,4108_9
2000-01-29 19:00:00,4104_4,4113_4,4115_3,4096_7,4099_5,4104
2000-01-29 20:00:00,4101,4109_4,4111_3,4092_5,4095_2,4099_6
2000-01-29 21:00:00,4097_8,4105_8,4107_6,4088_6,4091_2,4095_4
2000-01-29 22:00:00,4094_9,4102_4,4104_1,4085,4087_5,4091_5
2000-01-29 23:00:00,4092_2,4099_3,4100_9,4081_6,4084,4087_9
2000-01-30 00:00:00,4089_6,4096_4,4097_9,4078_5,4080_8,4084_6
2000-01-30 01:00:00,4087_3,4093_7,4095_2,4075_6,4077_8,4081_5
2000-01-30 02:00:00,4085_1,4091_2,4092_6,4072_9,4075,4078_5
2000-01-30 03:00:00,4083,4088_9,4090_2,4070_4,4072_4,4075_8
2000-01-30 04:00:00,4080_7,4086_5,4087_8,4067_9,4069_8,4073_2
2000-01-30 05:00:00,4078,4083_9,4085_1,4065_2,4067_1,4070_4
2000-01-30 06:00:00,4074_8,4080_9,4082_1,4062_2,4064_1,4067_5
2000-01-30 07:00:00,4070_9,4077_3,4078_6,4058_7,4060_7,4064_2
2000-01-30 08:00:00,4066_4,4073_2,4074_6,4054_8,4056_8,4060_4
2000-01-30 09:00:00,4061_3,4068_6,4070_1,4050_3,4052_5,4056_3
2000-01-30 10:00:00,4055_7,4063_4,4065,4045_3,4047_6,4051_6
2000-01-30 11:00:00,4049_5,4057_8,4059_4,4039_8,4042_2,4046_5
2000-01-30 12:00:00,4042_9,4051_6,4053_3,4033_8,4036_4,4041
2000-01-30 13:00:00,4035_8,4045,4046_8,4027_4,4030_1,4035
2000-01-30 14:00:00,4028_3,4038,4039_9,4020_6,4023_5,4028_6
2000-01-30 15:00:00,4020_4,4030_6,4032_5,4013_3,4016_4,4021_8
2000-01-30 16:00:00,4012_3,4022_8,4024_9,4005_8,4009,4014_7
2000-01-30 17:00:00,4003_8,4014_8,4016_9,3997_8,4001_2,4007_3
2000-01-30 18:00:00,3995_1,4006_4,4008_6,3989_6,3993_2,3999_5
2000-01-30 19:00:00,3986_1,3997_8,4000,3981_1,3984_8,3991_5
2000-01-30 20:00:00,3976_9,3988_9,3991_2,3972_4,3976_2,3983_2
2000-01-30 21:00:00,3967_4,3979_8,3982_1,3963_4,3967_4,3974_8
2000-01-30 22:00:00,3957_8,3970_5,3972_9,3954_2,3958_4,3966_1
2000-01-30 23:00:00,3948_1,3961,3963_4,3944_8,3949_2,3957_2
2000-01-31 00:00:00,3938_2,3951_3,3953_8,3935_3,3939_9,3948_2
