Time [yyyy-MM-dd HH:mm:ss],Discharge at (IJssel02_B_B_A_ 3619_515) [m³/s],Discharge at (IJssel03_A_ 1902_705) [m³/s],Discharge at (IJssel03_B_A_ 12138_99) [m³/s],Discharge at (IJssel03_B_B_A_ 737_346) [m³/s],Discharge at (IJssel03_B_B_B_A_ 6637_052) [m³/s],Discharge at (IJssel05_A_ 2707_838) [m³/s],Discharge at (IJssel06_A_ 1051_84) [m³/s],Discharge at (IJssel06_B_A_ 364_542) [m³/s],Discharge at (IJssel06_B_B_A_ 2361_287) [m³/s],Discharge at (IJssel06_B_B_B_A_ 2280_073) [m³/s],Discharge at (IJssel06_B_B_B_B_A_ 718_224) [m³/s],Discharge at (IJssel07_A_ 327_8685) [m³/s],Discharge at (IJssel07_B_A_ 2387_697) [m³/s],Discharge at (IJssel09_A_ 2872_768) [m³/s]
1999-12-27 00:00:00,783_88,820_34,820_65,824_61,833_69,-126_93,873_27,873_29,873_3,878_32,878_33,878_5,878_53,878_97
1999-12-27 01:00:00,273_29,321_97,176_99,178_85,204_03,103_91,110_68,108_74,103_28,95_765,92_762,76_118,59_301,20_412
1999-12-27 02:00:00,246_29,315_14,206_03,201_38,187_67,143_81,134_66,126_41,108_68,99_871,97_407,76_146,61_51,28_779
1999-12-27 03:00:00,232_11,302_7,231_04,225_72,200_86,152_36,150_56,143_23,123_35,108_85,105_3,79_493,67_136,31_153
1999-12-27 04:00:00,230_97,290_94,247_12,242_76,217_82,162_51,160_61,153_97,135_01,119_24,115_18,84_658,72_633,33_004
1999-12-27 05:00:00,243_03,282_66,256_37,253_07,232_39,174_24,170_6,164_15,145_55,129_52,125_23,91_747,79_173,0_46245
1999-12-27 06:00:00,264_63,278_47,261_07,258_62,243_14,186_8,181_2,174_71,156_01,139_9,135_52,99_968,86_668,-55_741
1999-12-27 07:00:00,289_97,278_14,263_41,261_48,250_32,198_99,191_92,185_39,166_55,150_37,145_94,108_49,93_837,-92_871
1999-12-27 08:00:00,317_92,281_41,265_26,263_6,255_33,210_31,202_48,196_02,177_21,160_93,156_41,116_83,98_994,-113
1999-12-27 09:00:00,349_16,287_8,267_64,266_05,259_29,221_3,209_57,205_01,187_55,171_27,166_67,124_01,100_78,-115_74
1999-12-27 10:00:00,382_18,297_09,271_17,269_49,263_18,233_99,210_88,206_4,192_3,178_97,174_75,129_23,101_3,-103_87
1999-12-27 11:00:00,413_89,309_14,276_26,274_41,267_84,243_16,216_5,211_8,197_37,184_23,180_04,133_04,104_57,-78_099
1999-12-27 12:00:00,443_41,323_48,283_22,281_11,273_56,250_79,222_57,217_73,202_79,189_05,184_71,137_19,111_07,-38_659
1999-12-27 13:00:00,470_8,339_73,292_24,289_84,280_72,257_84,228_58,223_63,208_23,193_96,189_52,143_29,120_61,14_832
1999-12-27 14:00:00,495_14,356_98,302_96,300_23,289_22,264_5,234_19,229_15,213_41,198_99,194_55,151_43,132_71,59_128
1999-12-27 15:00:00,517_47,375_1,315_44,312_4,299_31,271_48,240,234_88,219,204_87,200_58,161_34,145_62,87_221
1999-12-27 16:00:00,537_76,393_57,329_39,326_07,310_9,279_06,246_35,241_17,225_28,211_66,207_56,171_6,157_81,104_28
1999-12-27 17:00:00,556_13,411_84,344_51,340_94,323_84,287_53,253_55,248_3,232_39,219_23,215_29,181_67,169,115_32
1999-12-27 18:00:00,572_52,430_07,360_48,356_7,337_92,297_07,261_72,256_37,240_34,227_43,223_6,191_35,179_24,126_66
1999-12-27 19:00:00,587_09,447_89,377_01,373_09,352_9,307_73,270_88,265_41,249_09,236_2,232_41,200_89,189_15,137_52
1999-12-27 20:00:00,599_57,465_14,393_78,389_78,368_58,319_46,281_01,275_38,258_64,245_59,241_8,210_54,198_95,147_95
1999-12-27 21:00:00,610_57,481_64,410_48,406_42,384_61,332_16,292_08,286_28,269_01,255_65,251_83,220_43,208_77,158_11
1999-12-27 22:00:00,620_33,497_31,427_13,423_05,400_79,345_72,304_05,298_06,280_2,266_42,262_53,230_69,218_87,168_07
1999-12-27 23:00:00,629_01,512_14,443_56,439_5,417_13,359_93,316_81,310_65,292_16,277_87,273_9,241_43,229_34,177_94
1999-12-28 00:00:00,636_71,526_09,459_61,455_62,433_39,374_71,330_26,323_94,304_82,289_99,285_9,252_67,240_27,187_9
1999-12-28 01:00:00,643_53,539_21,475_15,471_25,449_39,389_86,344_31,337_86,318_13,302_73,298_48,264_42,251_74,198_04
1999-12-28 02:00:00,649_63,551_59,490_06,486_28,464_96,405_21,358_86,352_29,332_03,316_08,311_6,276_72,263_69,208_46
1999-12-28 03:00:00,655_07,563_23,504_31,500_65,480_02,420_6,373_73,367_09,346_38,329_9,325_22,289_55,276_18,219_2
1999-12-28 04:00:00,659_92,574_25,517_82,514_3,494_46,435_9,388_83,382_15,361_11,344_24,339_24,302_9,289_3,230_28
1999-12-28 05:00:00,664_25,584_58,530_5,527_11,508_18,450_99,404_08,397_41,376_16,359_05,353_54,316_55,302_71,241_64
1999-12-28 06:00:00,668_14,594_2,542_46,539_14,521_18,465_77,419_34,412_72,391_38,374_09,368_06,330_31,316_22,253_36
1999-12-28 07:00:00,671_61,603_17,553_67,550_43,533_34,480_12,434_51,427_98,406_68,389_21,382_74,344_28,329_98,265_48
1999-12-28 08:00:00,674_7,611_6,564_01,560_86,544_65,493_96,449_43,443_01,421_86,404_4,397_72,358_53,344,277_96
1999-12-28 09:00:00,677_48,619_49,573_53,570_41,555_13,507_18,463_94,457_66,436_76,419_5,412_83,373_11,358_34,290_78
1999-12-28 10:00:00,679_99,626_92,582_18,579_08,564_68,519_71,477_99,471_88,451_33,434_31,427_69,387_89,372_95,303_94
1999-12-28 11:00:00,682_26,633_88,590_6,587_47,573_68,531_51,491_5,485_59,465_48,448_78,442_27,402_88,387_74,317_42
1999-12-28 12:00:00,684_3,640_34,598_62,595_5,582_31,542_68,504_48,498_77,479_16,462_86,456_47,417_67,402_47,331_18
1999-12-28 13:00:00,686_15,646_34,605_65,602_54,590_15,553_32,516_92,511_42,492_29,476_45,470_21,432_17,417,345_09
1999-12-28 14:00:00,687_85,652_18,611_99,608_85,597_24,563_33,528_8,523_47,504_89,489_54,483_47,446_47,431_44,359_02
1999-12-28 15:00:00,689_42,657_72,617_91,614_76,603_81,572_67,540_17,534_75,516_85,502_12,496_25,460_43,445_67,372_9
1999-12-28 16:00:00,690_88,662_88,623_43,620_27,609_91,581_36,550_88,545_28,528_06,514_06,508_4,473_86,459_34,386_69
1999-12-28 17:00:00,692_21,667_7,628_67,625_52,615_63,589_47,560_92,555_05,538_59,525_32,519_89,486_68,472_37,400_34
1999-12-28 18:00:00,693_43,672_3,633_68,630_56,621_06,597_13,570_13,564_05,548_39,535_93,530_73,498_91,484_7,413_94
1999-12-28 19:00:00,694_57,676_7,638_42,635_34,626_2,604_38,578_79,572_58,557_68,546_04,541_08,510_38,496_16,427_3
1999-12-28 20:00:00,695_63,680_75,642_93,639_91,631_16,611_25,586_82,580_58,566_49,555_65,550_94,521_16,506_9,440_46
1999-12-28 21:00:00,696_61,684_47,647_27,644_31,635_86,617_78,594_05,587_97,574_58,564_52,560_04,531_34,517_17,452_89
1999-12-28 22:00:00,697_5,687_87,651_35,648_44,640_26,623_96,601_01,595_1,582_33,572_96,568_7,540_93,526_89,464_33
1999-12-28 23:00:00,698_31,691_04,655_27,652_37,644_44,629_82,607_64,601_9,589_7,580_97,576_91,549_98,536_17,475_15
1999-12-29 00:00:00,699_05,694,659_01,656_15,648_49,635_38,613_97,608_4,596_75,588_62,584_74,558_56,545_02,485_44
1999-12-29 01:00:00,699_72,696_7,662_63,659_81,652_46,640_67,619_95,614_55,603_41,595_88,592_18,566_75,553_47,495_31
1999-12-29 02:00:00,700_32,699_21,666_1,663_33,656_35,645_65,625_54,620_36,609_75,602_77,599_2,574_21,561_33,504_99
1999-12-29 03:00:00,700_86,701_57,669_48,666_76,660_15,650_39,630_82,625_83,615_73,609_3,605_85,581_3,568_72,514_28
1999-12-29 04:00:00,701_36,703_78,672_64,670_02,663_82,654_85,635_91,631_12,621_49,615_53,612_19,587_98,575_72,523_21
1999-12-29 05:00:00,701_81,705_85,675_78,673_22,667_19,659_04,640_6,636_02,626_9,621_36,618_15,594_26,582_35,531_78
1999-12-29 06:00:00,702_22,707_72,678_82,676_34,670_56,663_16,645_25,640_82,632_07,626_87,623_76,600_07,588_65,539_99
1999-12-29 07:00:00,702_58,709_41,681_63,679_24,673_81,666_98,649_7,645_43,637_03,632_13,629_1,605_57,594_59,547_72
1999-12-29 08:00:00,702_9,710_98,684_26,681_95,676_88,670_74,654,649_89,641_81,637_18,634_19,610_92,600_38,555_08
1999-12-29 09:00:00,703_17,712_53,686_76,684_52,679_76,674_51,658_19,654_23,646_42,642_03,639_06,616_02,605_9,562_16
1999-12-29 10:00:00,703_42,714_02,689_14,686_95,682_45,678_1,662_34,658_56,651_11,647_19,643_62,620_92,611_17,568_96
1999-12-29 11:00:00,703_65,715_47,691_37,689_24,685_18,676_86,674_42,664_96,655_81,652_2,647_95,625_6,616_21,575_45
1999-12-29 12:00:00,703_87,716_83,693_98,692_16,691_87,644_45,689_84,685_75,677_14,671_21,663_92,632_29,621_7,581_64
1999-12-29 13:00:00,704_06,718_16,697_43,695_87,696_88,631_91,693_9,689_85,681_88,677_62,669_34,641_15,630_31,587_71
1999-12-29 14:00:00,704_24,719_54,700_63,699_26,701_11,618_74,700,696_15,688_69,685_15,676_03,647_99,637_27,594_19
1999-12-29 15:00:00,704_43,720_92,703_57,702_32,704_75,605_95,706_18,702_56,695_58,692_52,682_66,654_47,643_91,600_64
1999-12-29 16:00:00,704_63,722_31,706_28,705_11,707_97,593_81,711_91,708_53,701_96,699_23,688_69,660_58,650_21,607_06
1999-12-29 17:00:00,704_84,723_66,708_81,707_72,710_9,582_35,717_05,713_87,707_64,705_09,693_85,666_15,656_09,613_32
1999-12-29 18:00:00,705_05,724_95,711_17,710_15,713_58,571_47,721_46,718_43,712_48,710_14,698_34,671_17,661_4,619_44
1999-12-29 19:00:00,705_26,726_18,713_37,712_4,716_05,561_09,725_43,722_55,716_86,714_66,702_28,675_65,666_17,625_23
1999-12-29 20:00:00,705_47,727_34,715_41,714_49,718_26,551_16,728_99,726_23,720_73,718_56,706_08,679_75,670_52,630_74
1999-12-29 21:00:00,705_68,728_42,717_28,716_4,720_34,541_56,732_14,729_49,724_19,722_13,709_75,683_68,674_66,635_95
1999-12-29 22:00:00,705_88,729_43,719_03,718_18,722_29,532_3,735_02,732_47,727_35,725_42,713_21,687_45,678_63,640_88
1999-12-29 23:00:00,706_08,730_37,720_66,719_85,724_11,523_36,737_65,735_18,730_16,728_22,716_62,691_01,682_27,645_53
1999-12-30 00:00:00,706_27,731_25,722_18,721_41,725_8,514_68,739_93,737_52,732_6,730_69,719_99,694_38,685_77,649_85
1999-12-30 01:00:00,706_45,732_07,723_6,722_85,727_37,506_2,742_05,739_71,734_94,733_2,723_58,697_87,689_27,654_03
1999-12-30 02:00:00,706_63,732_83,724_92,724_21,728_83,497_98,744_12,741_87,737_28,735_73,727_14,701_43,692_81,658_12
1999-12-30 03:00:00,706_79,733_56,726_16,725_47,730_19,490_09,746_14,743_98,739_58,738_25,730_6,705_03,696_38,662_17
1999-12-30 04:00:00,706_96,734_24,727_25,726_6,731_44,482_5,748_09,746_03,741_83,740_73,733_95,708_61,699_94,666_15
1999-12-30 05:00:00,707_11,734_87,728_3,727_67,732_59,475_27,749_98,748_02,744_02,743_14,737_13,712_15,703_47,670_13
1999-12-30 06:00:00,707_26,735_46,729_28,728_68,733_68,468_4,751_84,749_99,746_16,745_48,740_15,715_57,706_94,674_1
1999-12-30 07:00:00,707_4,736_01,730_21,729_62,734_71,461_93,753_68,751_94,748_26,747_78,743_04,718_91,710_37,678_03
1999-12-30 08:00:00,707_54,736_53,731_09,730_52,735_68,455_86,755_46,753_82,750_3,749_99,745_78,722_14,713_72,681_91
1999-12-30 09:00:00,707_66,737_01,731_92,731_37,736_61,450_17,757_16,755_61,752_23,752_06,748_29,725_19,716_93,685_73
1999-12-30 10:00:00,707_78,737_46,732_7,732_17,737_49,444_82,758_75,757_28,754_02,753_99,750_62,728_08,720_03,689_48
1999-12-30 11:00:00,707_9,737_87,733_44,732_93,738_33,439_79,760_25,758_86,755_72,755_81,752_82,730_8,722_98,693_17
1999-12-30 12:00:00,708,738_27,734_14,733_65,739_13,435_05,761_64,760_31,757_27,757_5,754_82,733_41,725_82,696_76
1999-12-30 13:00:00,708_04,738_64,734_8,734_33,739_88,430_56,762_97,761_7,758_77,759_13,756_68,735_91,728_54,700_27
1999-12-30 14:00:00,708_02,738_96,735_43,734_97,740_6,426_33,764_22,763_01,760_18,760_67,758_41,738_29,731_18,703_62
1999-12-30 15:00:00,708_07,739_25,736_02,735_58,741_28,422_34,765_41,764_25,761_57,762_27,760_26,740_57,733_75,706_89
1999-12-30 16:00:00,708_14,739_53,736_57,736_15,741_92,418_56,766_58,765_49,762_94,763_83,762_04,742_74,736_19,710_06
1999-12-30 17:00:00,708_23,739_79,737_09,736_68,742_53,415_01,767_75,766_72,764_29,765_34,763_71,744_78,738_5,713_14
1999-12-30 18:00:00,708_32,740_05,737_59,737_19,743_11,411_67,768_88,767_9,765_58,766_88,766_28,746_73,740_71,716_11
1999-12-30 19:00:00,708_4,740_3,738_05,737_67,743_66,408_54,769_96,769_03,766_81,768_14,766_73,748_46,742_71,718_97
1999-12-30 20:00:00,708_49,740_54,738_49,738_12,744_17,405_59,770_99,770_11,768_01,769_46,768_11,750_21,744_68,721_72
1999-12-30 21:00:00,708_56,740_77,738_91,738_55,744_67,402_83,772_01,771_18,769_19,770_75,769_44,751_89,746_6,724_33
1999-12-30 22:00:00,708_63,740_99,739_31,738_97,745_15,400_24,773,772_21,770_32,771_96,770_68,753_54,748_42,726_79
1999-12-30 23:00:00,708_7,741_19,739_69,739_36,745_6,397_82,773_94,773_19,771_39,773_12,771_87,755_17,750_23,729_11
1999-12-31 00:00:00,708_76,741_39,740_06,739_74,746_04,395_55,774_84,774_14,772_42,774_23,773_02,756_75,752,731_32
1999-12-31 01:00:00,708_82,741_57,740_41,740_1,746_46,393_42,775_7,775_03,773_4,775_3,774_13,758_31,753_72,733_51
1999-12-31 02:00:00,708_87,741_74,740_74,740_44,746_87,391_43,776_53,775_9,774_34,776_35,775_23,759_83,755_4,735_66
1999-12-31 03:00:00,708_92,741_91,741_07,740_78,747_26,389_55,777_34,776_74,775_27,777_38,776_31,761_31,757_03,737_78
1999-12-31 04:00:00,708_96,742_06,741_37,741_09,747_64,387_8,778_13,777_57,776_18,778_38,777_36,762_75,758_61,739_84
1999-12-31 05:00:00,709_01,742_2,741_66,741_4,748,386_16,778_89,778_36,777_05,779_34,778_37,764_16,760_18,741_85
1999-12-31 06:00:00,709_04,742_34,741_94,741_68,748_35,384_62,779_63,779_13,777_89,780_27,779_34,765_54,761_72,743_79
1999-12-31 07:00:00,709_08,742_47,742_21,741_96,748_68,383_19,780_34,779_87,778_7,781_16,780_28,766_89,763_22,745_68
1999-12-31 08:00:00,709_11,742_6,742_47,742_23,749_01,381_85,781_02,780_58,779_47,782_03,781_19,768_21,764_68,747_52
1999-12-31 09:00:00,709_14,742_71,742_71,742_49,749_32,380_6,781_69,781_27,780_22,782_86,782_07,769_5,766_13,749_31
1999-12-31 10:00:00,709_17,742_82,742_95,742_73,749_61,379_42,782_32,781_92,780_94,783_66,782_91,770_79,767_56,751_06
1999-12-31 11:00:00,709_19,742_92,743_17,742_96,749_89,378_33,782_92,782_55,781_63,784_43,783_72,772_04,768_96,752_77
1999-12-31 12:00:00,709_21,743_02,743_39,743_18,750_16,377_31,783_5,783_15,782_28,785_16,784_49,773_26,770_3,754_44
1999-12-31 13:00:00,709_23,743_11,743_59,743_39,750_4,376_36,784_04,783_71,782_9,785_86,785_22,774_43,771_61,756_07
1999-12-31 14:00:00,709_25,743_2,743_78,743_59,750_64,375_48,784_56,784_25,783_49,786_52,785_91,775_56,772_87,757_66
1999-12-31 15:00:00,709_27,743_29,743_96,743_78,750_87,374_65,785_06,784_77,784_05,787_15,786_57,776_66,774_08,759_2
1999-12-31 16:00:00,709_29,743_37,744_14,743_96,751_1,373_89,785_55,785_27,784_59,787_75,787_21,777_7,775_23,760_7
1999-12-31 17:00:00,709_3,743_44,744_31,744_14,751_32,373_17,786_01,785_75,785_11,788_32,787_81,778_71,776_35,762_16
1999-12-31 18:00:00,709_31,743_51,744_47,744_31,751_53,372_5,786_45,786_21,785_6,788_87,788_39,779_67,777_41,763_58
1999-12-31 19:00:00,709_32,743_58,744_63,744_47,751_74,371_87,786_87,786_64,786_07,789_39,788_94,780_59,778_43,764_95
1999-12-31 20:00:00,709_34,743_64,744_78,744_63,751_93,371_28,787_28,787_06,786_52,789_89,789_46,781_47,779_41,766_29
1999-12-31 21:00:00,709_35,743_71,744_92,744_78,752_13,370_72,787_67,787_46,786_95,790_37,789_97,782_32,780_35,767_59
1999-12-31 22:00:00,709_35,743_76,745_06,744_93,752_31,370_21,788_04,787_85,787_37,790_84,790_45,783_15,781_26,768_84
1999-12-31 23:00:00,709_36,743_82,745_2,745_07,752_49,369_72,788_4,788_22,787_76,791_28,790_92,783_95,782_14,770_07
2000-01-01 00:00:00,709_37,743_87,745_33,745_2,752_66,369_26,788_75,788_58,788_15,791_71,791_37,784_72,782_99,771_26
2000-01-01 01:00:00,709_38,743_92,745_45,745_33,752_82,368_84,789_08,788_92,788_51,792_12,791_8,785_46,783_81,772_42
2000-01-01 02:00:00,709_39,743_97,745_57,745_46,752_98,368_44,789_4,789_24,788_86,792_51,792_21,786_17,784_59,773_54
2000-01-01 03:00:00,709_4,744_02,745_68,745_58,753_13,368_07,789_7,789_56,789_2,792_88,792_6,786_85,785_34,774_63
2000-01-01 04:00:00,709_41,744_07,745_79,745_69,753_27,367_72,789_99,789_85,789_52,793_23,792_97,787_5,786_06,775_69
2000-01-01 05:00:00,709_42,744_11,745_9,745_8,753_41,367_39,790_27,790_14,789_82,793_57,793_32,788_12,786_75,776_71
2000-01-01 06:00:00,709_43,744_15,746,745_9,753_54,367_08,790_53,790_41,790_11,793_89,793_65,788_72,787_4,777_69
2000-01-01 07:00:00,709_41,744_19,746_09,746_01,753_67,366_8,790_78,790_67,790_39,794_19,793_97,789_28,788_03,778_65
2000-01-01 08:00:00,709_36,744_22,746_19,746_1,753_79,366_53,791_02,790_91,790_65,794_48,794_28,789_81,788_62,779_56
2000-01-01 09:00:00,709_29,744_24,746_27,746_19,753_91,366_28,791_25,791_15,790_9,794_76,794_56,790_32,789_19,780_45
2000-01-01 10:00:00,709_18,744_24,746_35,746_28,754_02,366_04,791_47,791_37,791_13,795_02,794_83,790_81,789_73,781_3
2000-01-01 11:00:00,709_03,744_22,746_42,746_35,754_12,365_82,791_67,791_58,791_36,795_27,795_09,791_27,790_24,782_13
2000-01-01 12:00:00,708_85,744_18,746_49,746_42,754_22,365_61,791_87,791_78,791_57,795_5,795_34,791_71,790_72,782_91
2000-01-01 13:00:00,708_63,744_11,746_54,746_48,754_31,365_42,792_05,791_97,791_77,795_73,795_58,792_12,791_19,783_67
2000-01-01 14:00:00,708_37,744_02,746_57,746_52,754_39,365_23,792_23,792_15,791_96,795_95,795_8,792_52,791_63,784_4
2000-01-01 15:00:00,708_07,743_9,746_59,746_55,754_46,365_06,792_39,792_32,792_14,796_16,796_02,792_9,792_05,785_1
2000-01-01 16:00:00,707_75,743_74,746_6,746_56,754_52,364_89,792_55,792_48,792_31,796_35,796_22,793_26,792_45,785_77
2000-01-01 17:00:00,707_39,743_56,746_59,746_55,754_57,364_73,792_69,792_63,792_47,796_54,796_42,793_6,792_83,786_41
2000-01-01 18:00:00,706_99,743_35,746_56,746_53,754_6,364_58,792_83,792_77,792_62,796_71,796_6,793_92,793_19,787_02
2000-01-01 19:00:00,706_57,743_12,746_5,746_49,754_61,364_44,792_95,792_89,792_75,796_87,796_76,794_23,793_53,787_61
2000-01-01 20:00:00,706_12,742_85,746_43,746_42,754_6,364_31,793_05,793,792_87,797_02,796_92,794_52,793_85,788_17
2000-01-01 21:00:00,705_64,742_56,746_34,746_34,754_58,364_18,793_14,793_09,792_98,797_15,797_05,794_79,794_16,788_71
2000-01-01 22:00:00,705_13,742_25,746_22,746_23,754_54,364_06,793_21,793_17,793_07,797_27,797_18,795_04,794_45,789_23
2000-01-01 23:00:00,704_6,741_91,746_08,746_1,754_47,363_95,793_27,793_23,793_14,797_36,797_28,795_28,794_71,789_72
2000-01-02 00:00:00,704_04,741_54,745_92,745_95,754_38,363_84,793_31,793_28,793_19,797_44,797_37,795_5,794_96,790_19
2000-01-02 01:00:00,703_47,741_15,745_73,745_77,754_28,363_75,793_33,793_3,793_23,797_51,797_44,795_7,795_2,790_63
2000-01-02 02:00:00,702_87,740_73,745_52,745_58,754_15,363_66,793_33,793_31,793_25,797_55,797_49,795_88,795_41,791_06
2000-01-02 03:00:00,702_25,740_3,745_29,745_36,754,363_57,793_31,793_29,793_24,797_57,797_52,796_04,795_6,791_46
2000-01-02 04:00:00,701_62,739_84,745_04,745_11,753_82,363_5,793_27,793_26,793_22,797_58,797_53,796_19,795_78,791_85
2000-01-02 05:00:00,700_99,739_36,744_76,744_85,753_63,363_43,793_21,793_21,793_18,797_56,797_51,796_31,795_93,792_21
2000-01-02 06:00:00,700_39,738_87,744_47,744_56,753_41,363_37,793_13,793_13,793_11,797_52,797_48,796_41,796_07,792_56
2000-01-02 07:00:00,699_83,738_38,744_15,744_26,753_17,363_32,793_03,793_03,793_02,797_46,797_43,796_5,796_18,792_88
2000-01-02 08:00:00,699_35,737_9,743_81,743_93,752_91,363_27,792_9,792_91,792_92,797_38,797_36,796_56,796_27,793_18
2000-01-02 09:00:00,698_94,737_44,743_46,743_59,752_63,363_24,792_76,792_77,792_79,797_28,797_26,796_6,796_35,793_46
2000-01-02 10:00:00,698_63,737_01,743_1,743_23,752_33,363_21,792_59,792_61,792_64,797_16,797_15,796_62,796_4,793_72
2000-01-02 11:00:00,698_41,736_62,742_74,742_88,752_02,363_2,792_41,792_43,792_47,797_01,797_01,796_63,796_43,793_96
2000-01-02 12:00:00,698_3,736_29,742_38,742_52,751_7,363_19,792_2,792_23,792_28,796_85,796_85,796_61,796_44,794_18
2000-01-02 13:00:00,698_28,736_03,742_01,742_14,751_4,363_19,792_01,792_03,792_08,796_71,796_71,796_57,796_44,794_34
2000-01-02 14:00:00,698_36,735_83,741_66,741_78,751_11,363_19,791_82,791_84,791_89,796_59,796_59,796_52,796_41,794_49
2000-01-02 15:00:00,698_53,735_69,741_34,741_45,750_84,363_19,791_64,791_66,791_71,796_47,796_48,796_46,796_37,794_61
2000-01-02 16:00:00,698_8,735_62,741_05,741_15,750_6,363_19,791_47,791_5,791_54,796_36,796_37,796_4,796_33,794_72
2000-01-02 17:00:00,699_15,735_61,740_79,740_88,750_38,363_2,791_32,791_34,791_38,796_27,796_28,796_34,796_28,794_81
2000-01-02 18:00:00,699_57,735_89,740_58,740_65,750_2,363_21,791_18,791_2,791_24,796_18,796_19,796_27,796_23,794_88
2000-01-02 19:00:00,699_98,736_31,740_44,740_49,750_05,363_22,791_06,791_08,791_11,796_11,796_12,796_21,796_18,794_94
2000-01-02 20:00:00,700_45,736_85,740_39,740_42,749_96,363_23,790_96,790_98,791,796_06,796_07,796_15,796_13,794_99
2000-01-02 21:00:00,700_97,737_5,740_43,740_42,749_93,363_24,790_89,790_9,790_92,796_03,796_04,796_1,796_08,795_03
2000-01-02 22:00:00,701_55,738_24,740_55,740_51,749_98,363_26,790_86,790_86,790_86,796_03,796_03,796_06,796_04,795_06
2000-01-02 23:00:00,702_18,739_07,740_75,740_68,750_1,363_27,790_87,790_86,790_85,796_06,796_06,796_03,796,795_09
2000-01-03 00:00:00,702_86,739_97,741_05,740_94,750_29,363_28,790_92,790_91,790_88,796_14,796_13,796_01,795_98,795_11
2000-01-03 01:00:00,703_59,740_94,741_42,741_27,750_57,363_29,791_03,791,790_96,796_25,796_24,796_02,795_98,795_12
2000-01-03 02:00:00,704_36,741_99,741_87,741_69,750_91,363_29,791_19,791_16,791_09,796_42,796_4,796_05,795_99,795_14
2000-01-03 03:00:00,705_18,743_09,742_4,742_18,751_34,363_27,791_41,791_37,791_28,796_65,796_62,796_11,796_03,795_15
2000-01-03 04:00:00,706_02,744_26,743,742_75,751_84,363_25,791_7,791_64,791_52,796_93,796_89,796_21,796_1,795_17
2000-01-03 05:00:00,706_87,745_48,743_67,743_39,752_41,363_21,792_05,791_98,791_83,797_27,797_22,796_34,796_2,795_2
2000-01-03 06:00:00,707_71,746_75,744_41,744_09,753_05,363_15,792_46,792_38,792_21,797_67,797_61,796_51,796_33,795_24
2000-01-03 07:00:00,708_49,748_05,745_2,744_86,753_76,363_08,792_94,792_84,792_64,798_13,798_06,796_72,796_51,795_29
2000-01-03 08:00:00,709_21,749_37,746_06,745_68,754_53,362_99,793_48,793_37,793_14,798_66,798_57,796_98,796_72,795_35
2000-01-03 09:00:00,709_84,750_68,746_97,746_57,755_36,362_89,794_08,793_96,793_71,799_25,799_15,797_29,796_99,795_43
2000-01-03 10:00:00,710_36,751_98,747_93,747_5,756_25,362_77,794_75,794_61,794_33,799_9,799_78,797_65,797_29,795_54
2000-01-03 11:00:00,710_78,753_25,748_92,748_47,757_19,362_63,795_47,795_33,795_02,800_61,800_48,798_06,797_65,795_66
2000-01-03 12:00:00,711_08,754_47,749_95,749_47,758_14,362_48,796_26,796_1,795_76,801_38,801_23,798_53,798_06,795_82
2000-01-03 13:00:00,711_28,755_67,750_94,750_42,759_15,362_29,797_13,796_95,796_56,802_27,802_1,799_04,798_51,795_96
2000-01-03 14:00:00,711_36,756_81,751_94,751_39,760_01,362_11,798_07,797_87,797_45,803_24,803_06,799_63,799_03,796_13
2000-01-03 15:00:00,711_33,757_88,752_9,752_31,760_77,361_95,799_15,798_92,798_45,804_32,804_12,800_28,799_61,796_34
2000-01-03 16:00:00,711_19,758_88,753_8,753_17,761_59,361_8,800_38,800_13,799_59,805_54,805_31,801_01,800_26,796_58
2000-01-03 17:00:00,710_95,759_8,754_68,754_02,762_47,361_61,801_77,801_48,800_89,806_9,806_65,801_83,800_98,796_87
2000-01-03 18:00:00,710_61,760_65,755_54,754_86,763_38,361_39,803_27,802_96,802_31,808_4,808_12,802_75,801_79,797_21
2000-01-03 19:00:00,710_17,761_42,756_38,755_68,764_25,361_11,804_87,804_54,803_85,810_01,809_71,803_76,802_7,797_59
2000-01-03 20:00:00,709_63,762_11,757_2,756_48,765_15,360_82,806_53,806_19,805_46,811_7,811_38,804_88,803_71,798_03
2000-01-03 21:00:00,709_01,762_72,757_98,757_25,766_06,360_53,808_26,807_91,807_14,813_48,813_13,806_1,804_81,798_54
2000-01-03 22:00:00,708_3,763_26,758_74,758_01,766_99,360_22,810_05,809_68,808_88,815_32,814_95,807_41,806,799_1
2000-01-03 23:00:00,707_52,763_74,759_47,758_73,767_9,359_92,811_86,811_47,810_66,817_19,816_81,808_8,807_28,799_74
2000-01-04 00:00:00,706_66,764_08,760_15,759_42,768_81,359_61,813_72,813_32,812_48,819_12,818_73,810_26,808_64,800_45
2000-01-04 01:00:00,705_77,764_35,760_78,760_05,769_67,359_3,815_61,815_21,814_35,821_1,820_69,811_79,810_07,801_23
2000-01-04 02:00:00,704_81,764_53,761_37,760_64,770_51,359,817_53,817_12,816_24,823_11,822_69,813_39,811_57,802_08
2000-01-04 03:00:00,703_79,764_64,761_92,761_2,771_33,358_71,819_46,819_04,818_16,825_15,824_72,815_05,813_13,803
2000-01-04 04:00:00,702_72,764_67,762_41,761_71,772_12,358_44,821_4,820_98,820_09,827_2,826_77,816_76,814_76,803_99
2000-01-04 05:00:00,701_6,764_64,762_87,762_18,772_87,358_18,823_35,822_93,822_03,829_27,828_84,818_52,816_43,805_04
2000-01-04 06:00:00,700_47,764_55,763_27,762_61,773_59,357_94,825_29,824_87,823_98,831_35,830_91,820_31,818_15,806_17
2000-01-04 07:00:00,699_32,764_41,763_64,762_99,774_26,357_72,827_23,826_81,825_92,833_42,832_98,822_14,819_91,807_35
2000-01-04 08:00:00,698_19,764_23,763_95,763_33,774_91,357_53,829_15,828_73,827_84,835_49,835_05,823_99,821_71,808_6
2000-01-04 09:00:00,697_07,764_05,764_22,763_62,775_51,357_37,831_06,830_64,829_76,837_55,837_11,825_87,823_53,809_9
2000-01-04 10:00:00,695_96,763_87,764_46,763_87,776_07,357_23,832_95,832_53,831_66,839_59,839_15,827_76,825_38,811_25
2000-01-04 11:00:00,694_89,763_68,764_66,764_09,776_59,357_11,834_81,834_4,833_54,841_62,841_18,829_66,827_24,812_65
2000-01-04 12:00:00,693_85,763_5,764_83,764_28,777_07,357_03,836_65,836_25,835_4,843_62,843_19,831_57,829_11,814_09
2000-01-04 13:00:00,692_85,763_32,765_04,764_53,777_48,356_96,838_48,838_08,837_23,845_62,845_19,833_48,831,815_56
2000-01-04 14:00:00,691_89,763_16,765_23,764_74,777_84,356_92,840_28,839_88,839_05,847_6,847_17,835_38,832_88,817_07
2000-01-04 15:00:00,690_96,763_02,765_41,764_93,778_16,356_9,842_05,841_66,840_84,849_56,849_14,837_3,834_78,818_61
2000-01-04 16:00:00,690_08,762_9,765_57,765_11,778_45,356_91,843_81,843_42,842_61,851_51,851_09,839_22,836_67,820_18
2000-01-04 17:00:00,689_23,762_85,765_72,765_27,778_62,356_95,845_53,845_15,844_35,853_42,853_01,841_12,838_57,821_87
2000-01-04 18:00:00,688_4,762_84,765_85,765_41,778_79,357_04,847_26,846_88,846_09,855_32,854_91,843_02,840_46,823_54
2000-01-04 19:00:00,687_6,762_87,765_98,765_53,778_93,357_16,848_98,848_61,847_82,857_22,856_81,844_92,842_35,825_15
2000-01-04 20:00:00,686_84,762_93,766_11,765_66,779_09,357_32,850_71,850_34,849_56,859_11,858_7,846_81,844_23,826_77
2000-01-04 21:00:00,686_1,763_02,766_24,765_8,779_45,357_48,852_43,852_06,851_29,861,860_59,848_7,846_11,828_42
2000-01-04 22:00:00,685_4,763_14,766_43,766,779_78,357_62,854_1,853_74,852_98,862_87,862_46,850_58,847_99,830_09
2000-01-04 23:00:00,684_73,763_28,766_65,766_22,780_12,357_78,855_73,855_38,854_64,864_69,864_28,852_46,849_86,831_77
2000-01-05 00:00:00,684_08,763_44,766_89,766_47,780_44,357_95,857_31,856_97,856_24,866_47,866_07,854_31,851_72,833_47
2000-01-05 01:00:00,683_46,763_64,767_15,766_73,780_78,358_15,858_86,858_52,857_81,868_22,867_82,856_15,853_55,835_18
2000-01-05 02:00:00,682_87,763_86,767_43,767_01,781_13,358_37,860_37,860_04,859_35,869_92,869_52,857_96,855_37,836_91
2000-01-05 03:00:00,682_3,764_11,767_72,767_31,781_49,358_62,861_88,861_55,860_86,871_6,871_21,859_74,857_16,838_66
2000-01-05 04:00:00,681_75,764_39,768_03,767_62,781_78,358_89,863_37,863_05,862_36,873_27,872_88,861_5,858_93,840_4
2000-01-05 05:00:00,681_24,764_72,768_35,767_93,782_1,359_21,864_87,864_55,863_87,874_94,874_55,863_23,860_68,842_14
2000-01-05 06:00:00,680_74,765_09,768_68,768_26,782_44,359_56,866_39,866_06,865_39,876_61,876_22,864_95,862_41,843_87
2000-01-05 07:00:00,680_3,765_5,769_04,768_61,782_8,359_93,867_92,867_59,866_91,878_29,877_9,866_67,864_12,845_61
2000-01-05 08:00:00,679_91,765_95,769_42,768_98,783_18,360_32,869_46,869_13,868_45,879_98,879_59,868_37,865_82,847_34
2000-01-05 09:00:00,679_57,766_44,769_83,769_38,783_58,360_75,871_01,870_68,870,881_68,881_29,870_06,867_51,849_06
2000-01-05 10:00:00,679_3,766_88,770_27,769_81,783_97,361_2,872_58,872_25,871_57,883_4,883,871_75,869_19,850_77
2000-01-05 11:00:00,679_12,767_34,770_71,770_25,784_37,361_7,874_18,873_85,873_16,885_14,884_74,873_44,870_87,852_47
2000-01-05 12:00:00,679_01,767_82,771_17,770_7,784_82,362_23,875_82,875_48,874_78,886_91,886_5,875_13,872_55,854_16
2000-01-05 13:00:00,678_95,768_33,771_66,771_19,785_28,362_78,877_48,877_14,876_44,888_7,888_29,876_83,874_23,855_85
2000-01-05 14:00:00,678_96,768_88,772_18,771_7,785_75,363_35,879_17,878_82,878_12,890_52,890_11,878_55,875_93,857_54
2000-01-05 15:00:00,679_02,769_47,772_7,772_22,786_14,363_97,880_88,880_54,879_84,892_37,891_95,880_29,877_64,859_23
2000-01-05 16:00:00,679_14,770_1,773_23,772_74,786_55,364_63,882_65,882_3,881_6,894_25,893_82,882_04,879_36,860_93
2000-01-05 17:00:00,679_31,770_77,773_79,773_29,787,365_34,884_46,884_11,883_4,896_18,895_74,883_82,881_11,862_63
2000-01-05 18:00:00,679_52,771_49,774_37,773_86,787_49,366_09,886_32,885_96,885_25,898_15,897_7,885_62,882_87,864_34
2000-01-05 19:00:00,679_78,772_25,775,774_47,788_03,366_87,888_22,887_86,887_14,900_17,899_71,887_45,884_66,866_06
2000-01-05 20:00:00,680_08,773_05,775_66,775_13,788_6,367_67,890_15,889_79,889_07,902_22,901_75,889_31,886_48,867_79
2000-01-05 21:00:00,680_43,773_89,776_33,775_8,789_21,368_52,892_12,891_76,891_03,904_31,903_83,891_21,888_33,869_53
2000-01-05 22:00:00,680_8,774_77,777_04,776_5,789_84,369_39,894_13,893_76,893_04,906_44,905_95,893_14,890_22,871_28
2000-01-05 23:00:00,681_22,775_69,777_79,777_24,790_61,370_29,896_16,895_8,895_07,908_61,908_1,895_14,892_15,873_05
2000-01-06 00:00:00,681_66,776_65,778_6,778_05,791_4,371_16,898_2,897_84,897_12,910_8,910_28,897_18,894_13,874_86
2000-01-06 01:00:00,682_14,777_64,779_46,778_9,792_21,372_06,900_24,899_88,899_17,912_99,912_46,899_26,896_15,876_69
2000-01-06 02:00:00,682_65,778_68,780_36,779_8,793_06,372_99,902_29,901_93,901_23,915_18,914_65,901_38,898_21,878_54
2000-01-06 03:00:00,683_18,779_75,781_31,780_73,793_92,373_94,904_37,904_01,903_31,917_4,916_86,903_52,900_3,880_42
2000-01-06 04:00:00,683_75,780_86,782_29,781_71,794_83,374_93,906_48,906_13,905_42,919_65,919_1,905_69,902_42,882_32
2000-01-06 05:00:00,684_36,782,783_31,782_72,795_77,375_95,908_63,908_27,907_56,921_93,921_37,907_89,904_57,884_26
2000-01-06 06:00:00,685_04,783_21,784_37,783_77,796_76,376_99,910_8,910_44,909_73,924_24,923_67,910_15,906_76,886_22
2000-01-06 07:00:00,685_8,784_47,785_47,784_86,797_78,378_07,913,912_64,911_93,926_58,926,912_42,908_98,888_21
2000-01-06 08:00:00,686_65,785_8,786_61,785_99,798_84,379_17,915_23,914_87,914_17,928_95,928_36,914_72,911_22,890_23
2000-01-06 09:00:00,687_62,787_2,787_8,787_17,799_93,380_3,917_49,917_13,916_43,931_35,930_74,917_04,913_49,892_29
2000-01-06 10:00:00,688_7,788_68,789_03,788_39,801_07,381_46,919_78,919_42,918_72,933_78,933_16,919_39,915_79,894_38
2000-01-06 11:00:00,689_91,790_25,790_32,789_67,802_25,382_65,922_11,921_75,921_05,936_24,935_61,921_77,918_11,896_51
2000-01-06 12:00:00,691_24,791_92,791_66,790_99,803_46,383_88,924_47,924_11,923_41,938_73,938_1,924_17,920_45,898_67
2000-01-06 13:00:00,692_68,793_69,793_05,792_37,804_73,385_14,926_86,926_49,925_8,941_24,940_59,926_6,922_82,900_9
2000-01-06 14:00:00,694_25,795_62,794_51,793_81,806_04,386_41,929_29,928_92,928_22,943_77,943_11,929_05,925_21,903_15
2000-01-06 15:00:00,695_95,797_68,796_03,795_31,807_42,387_67,931_76,931_39,930_69,946_35,945_67,931_52,927_62,905_43
2000-01-06 16:00:00,697_84,799_88,797_64,796_9,808_86,388_98,934_27,933_9,933_2,948_96,948_27,934_02,930_06,907_74
2000-01-06 17:00:00,699_91,802_23,799_34,798_57,810_38,390_32,936_84,936_47,935_76,951_62,950_91,936_56,932_53,910_08
2000-01-06 18:00:00,702_12,804_74,801_14,800_34,811_97,391_71,939_46,939_08,938_37,954_34,953_61,939_15,935_04,912_42
2000-01-06 19:00:00,704_45,807_36,803_05,802_22,813_66,393_14,942_15,941_76,941_05,957_11,956_36,941_77,937_59,914_8
2000-01-06 20:00:00,706_9,810_1,805_07,804_21,815_45,394_61,944_89,944_5,943_78,959_94,959_16,944_42,940_17,917_21
2000-01-06 21:00:00,709_41,812_95,807_2,806_3,817_33,396_14,947_7,947_3,946_58,962_82,962_02,947_13,942_79,919_67
2000-01-06 22:00:00,711_97,815_91,809_42,808_5,819_3,397_71,950_58,950_18,949_44,965_77,964_94,949_89,945_47,922_19
2000-01-06 23:00:00,714_59,818_97,811_76,810_8,821_36,399_33,953_54,953_13,952_38,968_79,967_93,952_69,948_19,924_76
2000-01-07 00:00:00,717_24,822_11,814_19,813_2,823_04,401_05,956_59,956_17,955_41,971_89,971,955_55,950_95,927_38
2000-01-07 01:00:00,719_93,825_37,816_65,815_6,824_52,403_04,959_88,959_42,958_61,975_14,974_2,958_48,953_78,930_05
2000-01-07 02:00:00,722_63,828_71,819_15,818_03,826_23,405_28,963_5,963_01,962_14,978_68,977_68,961_55,956_75,932_78
2000-01-07 03:00:00,725_35,832_13,821_72,820_54,828_14,407_7,967_49,966_96,966_03,982_57,981_5,964_8,959_86,935_58
2000-01-07 04:00:00,728_09,835_61,824_38,823_15,830_16,410_27,971_83,971_26,970_28,986_8,985_65,968_31,963_19,938_48
2000-01-07 05:00:00,730_85,839_01,827_14,825_87,832_35,412_97,976_49,975_89,974_85,991_36,990_12,972_07,966_74,941_5
2000-01-07 06:00:00,733_66,842_41,829_99,828_67,834_68,415_79,981_45,980_82,979_74,996_23,994_89,976_11,970_5,944_65
2000-01-07 07:00:00,736_49,845_8,832_92,831_56,837_78,418_65,986_66,986_02,984_89,1001_4,999_93,980_42,974_53,947_94
2000-01-07 08:00:00,739_34,849_19,835_98,834_61,840_92,421_36,991_96,991_31,990_18,1006_7,1005_1,985_02,978_86,951_39
2000-01-07 09:00:00,742_2,852_58,839_12,837_73,844_07,424,997_25,996_6,995_47,1012,1010_4,989_87,983_49,955_02
2000-01-07 10:00:00,745_08,855_97,842_31,840_89,847_21,426_61,1002_5,1001_9,1000_7,1017_4,1015_7,994_92,988_37,958_83
2000-01-07 11:00:00,747_99,859_37,845_54,844_1,850_38,429_2,1007_8,1007_2,1006,1022_7,1020_9,1000_1,993_48,962_86
2000-01-07 12:00:00,750_92,862_8,848_81,847_35,853_57,431_77,1013_1,1012_4,1011_3,1028,1026_2,1005_5,998_74,967_08
2000-01-07 13:00:00,753_88,866_09,852_12,850_66,857_44,434_27,1018_2,1017_6,1016_5,1033_2,1031_3,1010_9,1004_1,971_59
2000-01-07 14:00:00,756_9,869_33,855_49,854_05,861_25,436_54,1023_1,1022_5,1021_4,1038_1,1036_2,1016_3,1009_5,976_25
2000-01-07 15:00:00,759_96,872_55,858_9,857_48,865_62,438_27,1028,1027_4,1026_4,1042_9,1041,1021_7,1014_9,981
2000-01-07 16:00:00,763_12,875_6,862_41,861_04,869_84,440_09,1032_3,1031_8,1030_8,1047_4,1045_5,1027,1020_3,985_81
2000-01-07 17:00:00,766_36,878_59,865_95,864_63,873_95,441_69,1036_1,1035_6,1034_8,1051_4,1049_6,1032_1,1025_6,990_74
2000-01-07 18:00:00,769_62,881_55,869_48,868_21,877_93,443_16,1039_5,1039,1038_3,1054_9,1053_2,1037,1030_5,995_73
2000-01-07 19:00:00,772_89,884_47,872_97,871_74,881_82,444_5,1042_5,1042_1,1041_4,1058_2,1056_6,1041_4,1035_2,1000_7
2000-01-07 20:00:00,776_16,887_38,876_4,875_21,885_61,445_74,1045_3,1045,1044_3,1061_1,1059_6,1045_5,1039_5,1005_7
2000-01-07 21:00:00,779_44,890_26,879_79,878_64,889_97,446_83,1047_9,1047_6,1047,1063_8,1062_4,1049_3,1043_5,1010_5
2000-01-07 22:00:00,782_73,893_13,883_21,882_12,894_14,447_66,1050_1,1049_8,1049_3,1066_2,1064_9,1052_7,1047_2,1015_2
2000-01-07 23:00:00,786_03,895_93,886_61,885_57,898_12,448_32,1051_8,1051_6,1051_1,1068_1,1066_9,1055_8,1050_5,1019_7
2000-01-08 00:00:00,789_37,898_7,889_98,888_98,901_9,448_84,1053_3,1053_1,1052_7,1069_7,1068_6,1058_5,1053_5,1024_1
2000-01-08 01:00:00,792_7,901_44,893_27,892_31,905_54,449_27,1054_4,1054_2,1053_9,1071,1070,1060_8,1056_2,1028_2
2000-01-08 02:00:00,796_04,904_16,896_5,895_57,909_12,449_63,1055_3,1055_2,1054_9,1072,1071_1,1062_9,1058_5,1032_2
2000-01-08 03:00:00,799_37,906_86,899_66,898_77,912_23,449_96,1056_1,1055_9,1055_7,1072_8,1072,1064_6,1060_5,1035_9
2000-01-08 04:00:00,802_7,909_49,902_73,901_84,914_74,450_38,1056_8,1056_7,1056_4,1073_6,1072_8,1066,1062_3,1039_3
2000-01-08 05:00:00,806_05,912_07,905_68,904_78,917_33,450_99,1057_7,1057_6,1057_3,1074_4,1073_7,1067_4,1063_9,1042_6
2000-01-08 06:00:00,809_42,914_61,908_53,907_63,920,451_69,1058_8,1058_7,1058_4,1075_4,1074_7,1068_6,1065_4,1045_6
2000-01-08 07:00:00,812_86,917_14,911_3,910_4,922_68,452_45,1060_1,1060,1059_7,1076_6,1075_9,1070,1066_8,1048_4
2000-01-08 08:00:00,816_39,919_68,914_01,913_12,925_37,453_24,1061_6,1061_4,1061_1,1077_9,1077_2,1071_4,1068_3,1051
2000-01-08 09:00:00,820_01,922_34,916_69,915_8,928_05,454_06,1063_1,1062_9,1062_6,1079_3,1078_6,1072_9,1069_9,1053_5
2000-01-08 10:00:00,823_71,925_08,919_34,918_46,930_69,454_89,1064_7,1064_5,1064_2,1080_8,1080_1,1074_4,1071_4,1055_9
2000-01-08 11:00:00,827_51,927_9,922,921_12,933_32,455_73,1066_4,1066_2,1065_8,1082_3,1081_6,1076,1073_1,1058_2
2000-01-08 12:00:00,831_44,930_81,924_68,923_79,935_96,456_58,1068,1067_9,1067_5,1083_9,1083_2,1077_6,1074_7,1060_3
2000-01-08 13:00:00,835_48,933_81,927_38,926_49,938_61,457_42,1069_7,1069_5,1069_2,1085_5,1084_8,1079_3,1076_4,1062_5
2000-01-08 14:00:00,839_65,936_92,930_13,929_23,941_28,458_28,1071_4,1071_2,1070_9,1087_1,1086_4,1081,1078_1,1064_6
2000-01-08 15:00:00,843_93,940_14,932_97,932_05,943_99,459_13,1073_1,1073,1072_6,1088_7,1088,1082_6,1079_8,1066_6
2000-01-08 16:00:00,848_33,943_47,935_86,934_92,946_73,460,1074_9,1074_7,1074_3,1090_3,1089_6,1084_3,1081_5,1068_6
2000-01-08 17:00:00,852_73,946_91,938_82,937_86,949_53,460_88,1076_6,1076_4,1076_1,1092,1091_3,1086,1083_2,1070_6
2000-01-08 18:00:00,857_18,950_43,941_85,940_87,952_39,461_78,1078_4,1078_2,1077_9,1093_6,1092_9,1087_8,1084_9,1072_5
2000-01-08 19:00:00,861_71,954_02,944_96,943_96,955_31,462_69,1080_3,1080_1,1079_7,1095_3,1094_7,1089_5,1086_6,1074_4
2000-01-08 20:00:00,866_33,957_69,948_14,947_12,958_28,463_63,1082_1,1081_9,1081_6,1097_1,1096_4,1091_3,1088_4,1076_3
2000-01-08 21:00:00,871_01,961_43,951_43,950_37,961_34,464_59,1084_1,1083_9,1083_5,1098_9,1098_2,1093,1090_1,1078_2
2000-01-08 22:00:00,875_73,965_25,954_81,953_73,964_48,465_58,1086_1,1085_8,1085_5,1100_7,1100,1094_9,1091_9,1080
2000-01-08 23:00:00,880_47,969_13,958_3,957_18,967_7,466_59,1088_1,1087_9,1087_5,1102_7,1101_9,1096_7,1093_7,1081_9
2000-01-09 00:00:00,885_23,973_07,961_87,960_72,971_02,467_64,1090_2,1090,1089_6,1104_6,1103_9,1098_6,1095_6,1083_7
2000-01-09 01:00:00,890_02,977_05,965_51,964_33,974_43,468_72,1092_4,1092_2,1091_8,1106_7,1105_9,1100_6,1097_5,1085_6
2000-01-09 02:00:00,894_86,981_07,969_23,968_01,977_91,469_84,1094_7,1094_5,1094_1,1108_8,1108,1102_6,1099_4,1087_4
2000-01-09 03:00:00,899_74,985_16,973_02,971_78,981_45,470_98,1097_1,1096_8,1096_4,1111,1110_2,1104_7,1101_4,1089_3
2000-01-09 04:00:00,904_64,989_31,976_87,975_61,985_08,472_16,1099_5,1099_3,1098_8,1113_3,1112_4,1106_8,1103_5,1091_2
2000-01-09 05:00:00,909_55,993_49,980_79,979_5,988_78,473_38,1102_1,1101_8,1101_4,1115_6,1114_8,1109_1,1105_6,1093_1
2000-01-09 06:00:00,914_42,997_72,984_77,983_45,992_56,474_63,1104_7,1104_4,1104,1118_1,1117_2,1111_4,1107_8,1095_1
2000-01-09 07:00:00,919_21,1002,988_8,987_46,996_39,475_9,1107_4,1107_1,1106_6,1120_6,1119_7,1113_7,1110_1,1097_1
2000-01-09 08:00:00,923_93,1006_2,992_9,991_53,1000_3,477_2,1110_2,1109_9,1109_4,1123_2,1122_3,1116_2,1112_4,1099_1
2000-01-09 09:00:00,928_67,1010_4,997_03,995_64,1004_3,478_53,1113,1112_7,1112_2,1125_9,1125,1118_8,1114_9,1101_2
2000-01-09 10:00:00,933_46,1014_6,1001_2,999_79,1008_3,479_88,1116,1115_7,1115_1,1128_7,1127_7,1121_5,1117_4,1103_4
2000-01-09 11:00:00,938_31,1018_8,1005_4,1004,1012_4,481_25,1119,1118_6,1118_1,1131_5,1130_5,1124_2,1120,1105_6
2000-01-09 12:00:00,943_22,1023,1009_6,1008_2,1016_5,482_63,1122,1121_7,1121_1,1134_4,1133_4,1127,1122_6,1107_8
2000-01-09 13:00:00,948_17,1027_3,1013_8,1012_4,1020_6,484_03,1125_1,1124_8,1124_2,1137_4,1136_3,1129_9,1125_3,1110_1
2000-01-09 14:00:00,953_14,1031_6,1018_1,1016_6,1024_8,485_45,1128_3,1128,1127_4,1140_4,1139_4,1132_8,1128_1,1112_5
2000-01-09 15:00:00,958_16,1035_9,1022_3,1020_9,1029,486_88,1131_6,1131_2,1130_6,1143_5,1142_5,1135_9,1131,1115
2000-01-09 16:00:00,963_2,1040_3,1026_6,1025_2,1033_2,488_32,1134_9,1134_5,1133_9,1146_7,1145_6,1138_9,1133_9,1117_5
2000-01-09 17:00:00,968_29,1044_6,1031,1029_5,1037_4,489_77,1138_2,1137_8,1137_2,1149_9,1148_8,1142_1,1136_8,1120_1
2000-01-09 18:00:00,973_41,1049,1035_3,1033_8,1041_7,491_22,1141_5,1141_2,1140_6,1153_1,1152,1145_2,1139_8,1122_7
2000-01-09 19:00:00,978_55,1053_5,1039_7,1038_1,1046,492_68,1144_9,1144_6,1143_9,1156_4,1155_2,1148_5,1142_9,1125_4
2000-01-09 20:00:00,983_72,1057_9,1044,1042_5,1050_3,494_14,1148_4,1148,1147_4,1159_7,1158_5,1151_7,1146,1128_1
2000-01-09 21:00:00,988_93,1062_4,1048_4,1046_9,1054_6,495_6,1151_8,1151_4,1150_8,1163,1161_8,1155,1149_2,1130_9
2000-01-09 22:00:00,994_18,1066_9,1052_9,1051_3,1059,497_06,1155_3,1154_9,1154_3,1166_3,1165_2,1158_4,1152_5,1133_8
2000-01-09 23:00:00,999_7,1071_5,1057_4,1055_8,1063_4,498_52,1158_8,1158_4,1157_7,1169_7,1168_6,1161_8,1155_8,1136_7
2000-01-10 00:00:00,1006,1076_1,1061_9,1060_3,1067_8,499_99,1162_3,1161_9,1161_2,1173_1,1172,1165_2,1159_2,1139_7
2000-01-10 01:00:00,1013,1081,1066_4,1064_8,1072_2,501_45,1165_8,1165_4,1164_8,1176_6,1175_4,1168_7,1162_6,1142_7
2000-01-10 02:00:00,1020_3,1086_3,1071,1069_3,1076_7,502_91,1169_4,1169,1168_3,1180,1178_9,1172_2,1166,1145_8
2000-01-10 03:00:00,1027_5,1091_9,1075_7,1074,1081_2,504_38,1173,1172_6,1171_9,1183_5,1182_4,1175_6,1169_5,1149
2000-01-10 04:00:00,1034_5,1097_8,1080_5,1078_8,1085_7,505_86,1176_6,1176_2,1175_5,1187,1185_9,1179_2,1173,1152_2
2000-01-10 05:00:00,1041_1,1103_7,1085_6,1083_8,1090_3,507_36,1180_2,1179_8,1179_2,1190_6,1189_4,1182_7,1176_5,1155_5
2000-01-10 06:00:00,1047_4,1109_6,1090_8,1089,1095_1,508_9,1184,1183_6,1182_9,1194_2,1193,1186_3,1180_1,1158_8
2000-01-10 07:00:00,1053_7,1115_4,1096_2,1094_3,1100,510_48,1187_8,1187_4,1186_7,1197_9,1196_7,1189_9,1183_7,1162_1
2000-01-10 08:00:00,1060_2,1121_2,1101_6,1099_7,1105,512_1,1191_8,1191_3,1190_6,1201_7,1200_5,1193_6,1187_3,1165_5
2000-01-10 09:00:00,1066_9,1127,1107,1105_1,1110,513_75,1195_8,1195_4,1194_6,1205_6,1204_4,1197_4,1191,1168_9
2000-01-10 10:00:00,1075_1,1132_9,1112_5,1110_5,1115_1,515_42,1200,1199_5,1198_8,1209_6,1208_4,1201_3,1194_8,1172_4
2000-01-10 11:00:00,1084_2,1139_2,1118,1116,1120_3,517_11,1204_2,1203_8,1203,1213_7,1212_5,1205_3,1198_7,1175_9
2000-01-10 12:00:00,1093_7,1146,1123_6,1121_6,1125_6,518_81,1208_6,1208_1,1207_3,1217_9,1216_6,1209_4,1202_8,1179_5
2000-01-10 13:00:00,1103_6,1153_4,1129_5,1127_4,1130_9,520_51,1212_9,1212_5,1211_6,1222_1,1220_9,1213_5,1206_9,1183_1
2000-01-10 14:00:00,1113_8,1161_1,1135_5,1133_4,1136_3,522_22,1217_4,1216_9,1216_1,1226_5,1225_2,1217_8,1211_2,1186_9
2000-01-10 15:00:00,1124_3,1169_2,1141_9,1139_7,1141_9,523_97,1221_9,1221_5,1220_6,1230_9,1229_6,1222_1,1215_5,1190_7
2000-01-10 16:00:00,1135,1177_7,1148_6,1146_2,1147_7,525_74,1226_6,1226_1,1225_2,1235_4,1234_1,1226_6,1220,1194_6
2000-01-10 17:00:00,1146,1186_3,1155_5,1153_1,1153_9,527_57,1231_4,1230_9,1230,1240,1238_7,1231_1,1224_5,1198_7
2000-01-10 18:00:00,1157_2,1195_2,1162_9,1160_4,1160_3,529_48,1236_4,1235_9,1234_9,1244_8,1243_5,1235_7,1229_1,1202_8
2000-01-10 19:00:00,1168_5,1204_2,1170_5,1168,1166_9,531_44,1241_6,1241_1,1240_1,1249_9,1248_5,1240_5,1233_9,1207
2000-01-10 20:00:00,1180_4,1213_2,1178_3,1175_7,1173_8,533_48,1247_1,1246_5,1245_5,1255_1,1253_7,1245_5,1238_8,1211_3
2000-01-10 21:00:00,1194_7,1222_5,1186_2,1183_7,1180_9,535_61,1252_9,1252_3,1251_2,1260_7,1259_2,1250_8,1243_9,1215_6
2000-01-10 22:00:00,1210_5,1232_7,1194_4,1191_8,1188_2,537_78,1259,1258_4,1257_2,1266_5,1264_9,1256_3,1249_2,1220_1
2000-01-10 23:00:00,1225,1243_7,1202_8,1200_3,1195_8,540,1265_2,1264_6,1263_4,1272_5,1270_9,1262,1254_7,1224_8
2000-01-11 00:00:00,1238,1255,1211_7,1209,1203_6,542_25,1271_7,1271_1,1269_8,1278_8,1277_1,1267_9,1260_5,1229_5
2000-01-11 01:00:00,1249_3,1266_2,1221,1218_3,1211_7,544_54,1278_5,1277_8,1276_5,1285_3,1283_6,1274,1266_4,1234_4
2000-01-11 02:00:00,1259_7,1276_5,1230_6,1227_9,1220_1,546_9,1285_5,1284_8,1283_4,1292,1290_3,1280_4,1272_6,1239_4
2000-01-11 03:00:00,1269,1286_6,1240_4,1237_6,1229,549_33,1293,1292_3,1290_9,1299_2,1297_3,1287,1279,1244_6
2000-01-11 04:00:00,1278,1296_1,1250_2,1247_5,1238_1,551_84,1300_8,1300_1,1298_6,1306_7,1304_8,1294,1285_9,1250
2000-01-11 05:00:00,1286_2,1305,1260_1,1257_3,1247_5,554_38,1308_9,1308_2,1306_6,1314_5,1312_5,1301_4,1293_1,1255_5
2000-01-11 06:00:00,1294_1,1313_5,1269_8,1267_1,1257_2,556_95,1317_3,1316_6,1314_9,1322_6,1320_5,1309,1300_6,1261_3
2000-01-11 07:00:00,1301_7,1321_7,1279_3,1276_7,1267_2,559_55,1326_1,1325_3,1323_5,1331,1328_8,1317,1308_3,1267_4
2000-01-11 08:00:00,1309_2,1329_6,1288_6,1286,1277_1,562_14,1335_1,1334_3,1332_4,1339_7,1337_5,1325_3,1316_4,1273_7
2000-01-11 09:00:00,1316_6,1337_4,1297_6,1295_1,1286_9,564_64,1344_2,1343_4,1341_5,1348_7,1346_4,1333_9,1324_8,1280_2
2000-01-11 10:00:00,1324,1345_3,1306_5,1304_1,1296_6,567_04,1353_4,1352_6,1350_6,1357_6,1355_3,1342_6,1333_5,1286_9
2000-01-11 11:00:00,1331_5,1353_2,1315_3,1312_9,1306_2,569_3,1362_5,1361_7,1359_6,1366_6,1364_3,1351_5,1342_2,1293_9
2000-01-11 12:00:00,1339,1361_1,1324,1321_6,1315_7,571_43,1371_6,1370_7,1368_6,1375_5,1373_1,1360_3,1351,1301_1
2000-01-11 13:00:00,1346_5,1368_9,1332_6,1330_4,1325,573_4,1380_5,1379_7,1377_5,1384_3,1382,1369_1,1359_7,1308_5
2000-01-11 14:00:00,1354_1,1376_8,1341_2,1339,1334_2,575_22,1389_4,1388_5,1386_3,1393,1390_7,1377_9,1368_4,1315_9
2000-01-11 15:00:00,1361_5,1384_5,1349_9,1347_7,1343_4,576_89,1398_2,1397_3,1395,1401_7,1399_4,1386_5,1377,1323_4
2000-01-11 16:00:00,1368_7,1392_2,1358_4,1356_3,1352_5,578_41,1406_9,1406,1403_7,1410_3,1408,1395_1,1385_6,1331
2000-01-11 17:00:00,1375_7,1399_8,1366_9,1364_8,1361_5,579_75,1415_5,1414_6,1412_2,1418_7,1416_4,1403_5,1393_9,1338_5
2000-01-11 18:00:00,1382_5,1407_1,1375_2,1373_2,1370_4,580_91,1424,1423_1,1420_6,1427_1,1424_8,1411_8,1402_2,1346_1
2000-01-11 19:00:00,1389_3,1415,1383_5,1381_5,1379_2,581_86,1432_3,1431_5,1428_9,1435_3,1433,1419_9,1410_3,1353_8
2000-01-11 20:00:00,1396_2,1423_5,1391_6,1389_6,1387_8,582_59,1440_6,1439_7,1437_1,1443_4,1441_1,1428,1418_2,1361_4
2000-01-11 21:00:00,1403_7,1432_6,1399_8,1397_8,1396_4,583_15,1448_8,1447_9,1445_3,1451_5,1449_1,1435_9,1426_1,1369
2000-01-11 22:00:00,1412_4,1442,1408_1,1406_1,1404_9,583_6,1456_9,1456,1453_3,1459_4,1457_1,1443_7,1433_7,1376_6
2000-01-11 23:00:00,1422,1451_8,1416_6,1414_6,1413_4,583_92,1464_8,1463_9,1461_1,1467_2,1464_8,1451_3,1441_1,1384_1
2000-01-12 00:00:00,1432_6,1461_9,1425_4,1423_3,1422_1,584_14,1472_7,1471_8,1469,1474_9,1472_4,1458_8,1448_3,1391_6
2000-01-12 01:00:00,1443_7,1472_4,1434_3,1432_2,1431,584_24,1480_6,1479_7,1476_7,1482_5,1480_1,1466_1,1455_5,1399_1
2000-01-12 02:00:00,1455_1,1482_7,1443_5,1441_4,1440_2,584_24,1488_6,1487_7,1484_6,1490_3,1487_7,1473_5,1462_8,1406_5
2000-01-12 03:00:00,1466_3,1493_4,1453,1450_8,1449_7,584_14,1496_7,1495_8,1492_5,1498,1495_4,1480_9,1470_1,1413_9
2000-01-12 04:00:00,1475_7,1504_4,1462_6,1460_3,1459_3,583_9,1504_9,1504,1500_6,1505_9,1503_2,1488_3,1477_4,1421_4
2000-01-12 05:00:00,1484_4,1514_9,1472_3,1470_1,1469_1,583_5,1513_1,1512_1,1508_6,1513_7,1511,1495_7,1484_6,1428_7
2000-01-12 06:00:00,1483_9,1525_1,1482_3,1480,1479_1,582_9,1521_7,1520_6,1517,1521_9,1519,1503_2,1491_9,1436_1
2000-01-12 07:00:00,1499,1533_5,1492_2,1489_9,1489_2,582_11,1530_6,1529_5,1525_7,1530_4,1527_3,1510_9,1499_4,1443_5
2000-01-12 08:00:00,1507_5,1542_2,1501_8,1499_6,1499_4,581_13,1539_6,1538_5,1534_5,1538_9,1535_8,1518_7,1507,1451
2000-01-12 09:00:00,1515,1551,1511_2,1509,1509_3,579_81,1548_6,1547_4,1543_3,1547_5,1544_3,1526_7,1514_8,1458_5
2000-01-12 10:00:00,1522_3,1559_3,1520_4,1518_2,1519_1,578_15,1557_4,1556_3,1552,1556,1552_7,1534_6,1522_6,1466_1
2000-01-12 11:00:00,1529_4,1567_2,1529_3,1527_2,1528_6,576_16,1566_1,1565,1560_5,1564_4,1561,1542_5,1530_5,1473_9
2000-01-12 12:00:00,1536_4,1574_9,1538,1535_9,1537_8,573_82,1574_6,1573_4,1568_8,1572_6,1569_1,1550_3,1538_2,1482_2
2000-01-12 13:00:00,1543_6,1582_3,1546_7,1544_7,1547,571_13,1583,1581_7,1577,1580_7,1577_1,1557_9,1545_7,1490_7
2000-01-12 14:00:00,1550_8,1589_5,1555,1553,1555_7,567_75,1591_1,1589_8,1584_9,1588_4,1584_8,1565_3,1553_1,1499_2
2000-01-12 15:00:00,1557_8,1596_6,1563,1561,1564_2,563_58,1598_9,1597_6,1592_6,1595_9,1592_3,1572_5,1560_5,1507_7
2000-01-12 16:00:00,1564_6,1603_6,1570_7,1568_8,1572_3,558_56,1606_5,1605_2,1600,1603_3,1599_5,1579_5,1567_8,1516_1
2000-01-12 17:00:00,1571_3,1610_5,1578_2,1576_4,1580_1,552_69,1613_9,1612_5,1607_2,1610_4,1606_6,1586_5,1575_1,1524_5
2000-01-12 18:00:00,1578,1617_2,1585_6,1583_7,1587_8,545_98,1621,1619_6,1614_2,1617_4,1613_6,1593_3,1582_3,1532_8
2000-01-12 19:00:00,1585_2,1623_7,1592_7,1590_9,1595_2,538_38,1628,1626_7,1621_3,1624_3,1620_4,1599_9,1589_5,1541_1
2000-01-12 20:00:00,1593_1,1630_3,1599_7,1597_9,1602_4,529_8,1635_2,1633_8,1628_3,1631_3,1627_5,1606_7,1596_7,1549_3
2000-01-12 21:00:00,1601_6,1637_2,1606_5,1604_7,1609_4,520_27,1641_8,1640_4,1634_8,1637_9,1634_1,1613_3,1603_8,1557_4
2000-01-12 22:00:00,1610_9,1644_6,1613_3,1611_5,1616_2,509_51,1648_1,1646_7,1641_1,1644_1,1640_4,1619_7,1610_8,1565_5
2000-01-12 23:00:00,1620_6,1652_4,1620_1,1618_3,1623,497_14,1654_2,1652_8,1647_2,1650_2,1646_5,1625_9,1617_5,1573_4
2000-01-13 00:00:00,1631_8,1660_7,1627,1625_2,1629_8,482_53,1660_3,1658_9,1653_2,1656_2,1652_5,1632_1,1624,1581_2
2000-01-13 01:00:00,1644_7,1669_8,1634_2,1632_4,1636_6,464_52,1666_5,1665_1,1659_3,1662_4,1658_7,1638_4,1630_4,1588_8
2000-01-13 02:00:00,1659_1,1680,1641_7,1639_8,1643_7,440_59,1673,1671_5,1665_6,1668_6,1665,1644_8,1636_8,1596_2
2000-01-13 03:00:00,1674_9,1691_4,1649_7,1647_6,1651,404_19,1680_2,1678_6,1672_5,1675_3,1671_6,1651_2,1643_3,1603_4
2000-01-13 04:00:00,1691_9,1703_9,1658_3,1656,1658_7,334_69,1689_1,1687_3,1680_7,1683_1,1679_2,1658,1649_9,1610_5
2000-01-13 05:00:00,1710_3,1717_7,1667_5,1665_1,1666_8,188_63,1698_8,1697_1,1690_3,1692_4,1688_2,1665_6,1657_2,1617_4
2000-01-13 06:00:00,1729_4,1732_7,1677_6,1674_9,1675_5,6_0139,1701_7,1700_3,1694_8,1697_8,1694_2,1673_4,1665,1624_5
2000-01-13 07:00:00,1748_8,1748_7,1688_7,1685_7,1685_1,-119_03,1707_3,1705_7,1699_7,1702_5,1698_9,1679_2,1671_3,1631_7
2000-01-13 08:00:00,1768_2,1764_9,1701_1,1697_7,1695_8,-164_21,1714_7,1713_1,1707_1,1709_6,1705_9,1685_4,1677_5,1638_8
2000-01-13 09:00:00,1788_4,1782,1714_6,1710_8,1707_5,-176_99,1722_4,1720_6,1714_5,1716_8,1713,1692_2,1684_2,1645_7
2000-01-13 10:00:00,1809_2,1799_8,1729_2,1725_1,1720_2,-181_7,1731_1,1729_1,1722_7,1724_7,1720_7,1699_3,1691_1,1652_6
2000-01-13 11:00:00,1830_9,1819_7,1744_8,1740_4,1733_9,-184_68,1740_7,1738_3,1731_7,1733_4,1729_2,1706_9,1698_6,1659_5
2000-01-13 12:00:00,1853_9,1839_2,1761_9,1756_9,1748_5,-187_35,1751_1,1748_4,1741_4,1742_7,1738_3,1715_1,1706_4,1666_5
2000-01-13 13:00:00,1878_3,1859_3,1780_1,1774_8,1764_3,-189_92,1762_6,1759_5,1752,1752_9,1748_3,1723_8,1714_7,1673_6
2000-01-13 14:00:00,1903_4,1880_1,1799_2,1793_5,1781_1,-192_49,1775_1,1771_4,1763_3,1763_8,1758_9,1733_1,1723_6,1681
2000-01-13 15:00:00,1933_9,1901_2,1818_5,1812_4,1798_3,-195_1,1788_2,1784_1,1775_4,1775_5,1770_3,1743_1,1733_1,1688_7
2000-01-13 16:00:00,1972_8,1924_6,1838_1,1831_3,1815_3,-197_5,1801,1796_4,1787_5,1787_3,1781_9,1753_6,1743_2,1696_8
2000-01-13 17:00:00,2029,1948_8,1859,1851_5,1832_9,-199_7,1814_3,1809,1800,1799_4,1793_9,1764_4,1753_6,1705_3
2000-01-13 18:00:00,2101_9,1973_4,1881_1,1872_8,1851_8,-201_74,1827_9,1821_9,1812_9,1812,1806_3,1775_8,1764_5,1714_3
2000-01-13 19:00:00,2181_4,2013_5,1903_9,1894_9,1871_9,-203_67,1842_3,1835_6,1826_3,1825_1,1819_1,1787_5,1775_8,1723_6
2000-01-13 20:00:00,2246_9,2075_6,1930_8,1920_2,1893_4,-205_42,1858,1850_4,1840_9,1839_2,1832_9,1799_8,1787_7,1733_8
2000-01-13 21:00:00,2302_2,2120,1966_6,1953_4,1918_9,-206_94,1875,1866_2,1856_5,1854_3,1847_7,1813_1,1800_4,1744_6
2000-01-13 22:00:00,2352_2,2155,2005_9,1991_5,1950_1,-208_42,1894_7,1884_4,1874_3,1871_3,1864_3,1827_4,1814_1,1756_1
2000-01-13 23:00:00,2396_6,2187,2044_6,2030_2,1986_6,-210_19,1918_1,1905_9,1895,1891,1883_3,1843_3,1829_1,1768_2
2000-01-14 00:00:00,2441_8,2220,2081_3,2067_8,2024_7,-211_99,1950_1,1936_3,1923_7,1917_5,1908_2,1861_6,1846,1781_2
2000-01-14 01:00:00,2487_8,2255_6,2117_8,2105,2063,-214_37,1981_4,1968_1,1954,1946_5,1936_4,1884_5,1866_9,1795_2
2000-01-14 02:00:00,2536_9,2294_9,2154_6,2143_1,2101_1,-216_95,2013_3,2001,1984_1,1975_7,1965,1909_2,1889_9,1810_4
2000-01-14 03:00:00,2589,2334,2192_9,2181_2,2138_3,-219_83,2045_6,2034_7,2014_6,2005_5,1994_2,1935_2,1914_5,1827
2000-01-14 04:00:00,2641_9,2370_8,2231_5,2219_6,2175_5,-223_04,2077_3,2067_9,2044_6,2035,2023_3,1961_9,1940_1,1845_2
2000-01-14 05:00:00,2692_6,2403_4,2269_9,2258,2213_2,-227_11,2110_1,2102_4,2075_7,2065_5,2053_5,1989_6,1966_7,1865_3
2000-01-14 06:00:00,2738,2434,2307_3,2295_7,2250_8,-232_03,2142_7,2136_6,2106_7,2096_2,2083_9,2018_4,1994_6,1886_4
2000-01-14 07:00:00,2779_1,2466_6,2343_2,2332,2287_2,-238_17,2175_4,2169_2,2137_4,2126_5,2114_1,2047_5,2023_3,1908_5
2000-01-14 08:00:00,2816_6,2503_8,2378_9,2367_5,2321_8,-245_92,2204_5,2198_2,2169_4,2158_4,2145_7,2077_7,2052_8,1931_4
2000-01-14 09:00:00,2850_3,2542,2415,2403_6,2355_8,-254_35,2233_4,2227_2,2201_3,2190_1,2177_3,2108_4,2083,1954_7
2000-01-14 10:00:00,2880_5,2576_4,2451_2,2439_7,2390_6,-263_55,2263_1,2256_8,2233_8,2222_4,2209_5,2139_5,2113_7,1978_3
2000-01-14 11:00:00,2906_3,2601_7,2486_2,2474_9,2425_9,-273_47,2291_7,2285_3,2265_8,2254_4,2241_6,2171_2,2145,2001_8
2000-01-14 12:00:00,2922_6,2662,2517_9,2507_2,2460_4,-283_48,2320_8,2314_2,2298_1,2286_5,2273_6,2202_8,2176_4,2026_5
2000-01-14 13:00:00,2936_1,2702_9,2558_1,2546,2494,-293_8,2347_4,2339_9,2325_9,2315_1,2302_7,2234,2207_9,2050_9
2000-01-14 14:00:00,2948_1,2739,2598_6,2586_1,2530_9,-303_66,2379_1,2370_7,2356_3,2345_4,2332_9,2264_3,2238_5,2074_3
2000-01-14 15:00:00,2959_6,2775_2,2636_4,2624_1,2570,-314_29,2413_3,2403_8,2388_9,2377_7,2365_1,2295_6,2269_9,2098_1
2000-01-14 16:00:00,2970_8,2808_4,2672_5,2660_8,2611_7,-325_49,2450_9,2440_2,2424_5,2412_6,2399_6,2328_3,2302_4,2122_7
2000-01-14 17:00:00,2981_7,2831_3,2706_7,2696_1,2653_7,-336_8,2490_7,2478_7,2462_4,2450,2436_6,2363_1,2336_5,2147_5
2000-01-14 18:00:00,2992_2,2847_4,2736_6,2727_1,2693_1,-347_32,2530_9,2517_7,2500_8,2488,2474_4,2399_2,2372,2172_8
2000-01-14 19:00:00,3001_7,2860_7,2762_7,2754_1,2726_3,-357_15,2571_7,2557_6,2540_4,2527_2,2513_4,2436_3,2408_5,2199_1
2000-01-14 20:00:00,3010_9,2872_1,2785_7,2777_9,2752_6,-365_61,2604_1,2589_4,2573_5,2561_7,2548_5,2473_9,2446_3,2229_7
2000-01-14 21:00:00,3019_8,2882_2,2805_6,2798_6,2776_1,-372_31,2646_7,2617_4,2602_3,2591_6,2579_2,2508_6,2482_2,2266_1
2000-01-14 22:00:00,3028_4,2891_2,2823_3,2816_9,2797_5,-378_39,2671_9,2632_5,2618_4,2606_2,2593_3,2539_3,2515_6,2305_9
2000-01-14 23:00:00,3037_1,2900_3,2839,2833_3,2816_7,-384_9,2709_4,2663_7,2650,2641,2630,2567_4,2544_1,2347_4
2000-01-15 00:00:00,3047_5,2910_9,2853_3,2848_1,2833_5,-390_67,2733_9,2684_6,2672_2,2664_6,2654_6,2596_7,2574_6,2385_3
2000-01-15 01:00:00,3057_9,2922_8,2867,2862,2848_9,-396_15,2756_5,2703_6,2692,2685_3,2676_1,2622_6,2602_1,2420_8
2000-01-15 02:00:00,3068_2,2936,2880_5,2875_7,2863_1,-401_39,2777_6,2721_7,2710_9,2705_1,2696_5,2646_5,2627_2,2449_7
2000-01-15 03:00:00,3078_3,2950_4,2894_1,2889_3,2876_8,-406_39,2797_6,2737_7,2727_6,2722_6,2714_6,2668_5,2650_4,2477_3
2000-01-15 04:00:00,3088_2,2970_1,2908,2903_3,2890_5,-411_36,2815_7,2753_6,2744_1,2739_7,2732_2,2688_6,2671_5,2505_5
2000-01-15 05:00:00,3097_8,2988_8,2923_8,2918_6,2904_4,-416_29,2833,2768_8,2759_7,2755_8,2748_8,2707_5,2691_2,2532_8
2000-01-15 06:00:00,3107,3005_5,2940_3,2934_9,2919,-421_05,2850,2783_5,2774_8,2771_3,2764_6,2725_1,2709_5,2558_8
2000-01-15 07:00:00,3115_9,3021_6,2956_5,2951,2934_4,-426,2866_5,2798_5,2789_9,2786_6,2780,2741_9,2726_7,2583_1
2000-01-15 08:00:00,3124_4,3037_3,2972_5,2967,2949_9,-431_19,2879_9,2814_3,2805_8,2802_5,2796,2758_2,2743_2,2605_3
2000-01-15 09:00:00,3132_5,3053,2988_3,2982_7,2965_1,-436_29,2893_1,2830_5,2821_9,2818_6,2812_1,2774_4,2759_5,2623_2
2000-01-15 10:00:00,3140_3,3068_7,3003_9,2998_2,2979_8,-441_32,2906_4,2847,2838_3,2834_9,2828_4,2790_6,2775_7,2639_2
2000-01-15 11:00:00,3147_8,3084_5,3019_3,3013_6,2994_3,-446_31,2919_9,2864_2,2855_4,2851_9,2845_3,2807_1,2792_1,2656_8
2000-01-15 12:00:00,3154_9,3100_2,3034_5,3028_7,3008_5,-451_27,2933_4,2881_7,2872_8,2869_1,2862_5,2824,2808_9,2672_9
2000-01-15 13:00:00,3161_7,3114_2,3049_6,3043_6,3022_5,-456_2,2947_1,2899_9,2890_7,2886_9,2880_2,2841_2,2826,2688_5
2000-01-15 14:00:00,3168_3,3126_5,3063_9,3057_9,3036_1,-461_09,2960_9,2918_7,2909_3,2905_3,2898_4,2858_5,2843,2705
2000-01-15 15:00:00,3174_6,3137_4,3077_2,3071_2,3049_1,-465_93,2974_3,2937_8,2928_3,2924_1,2917,2876_2,2860_2,2722
2000-01-15 16:00:00,3180_7,3147_5,3089_5,3083_7,3061_5,-470_45,2986_9,2957,2947_3,2942_9,2935_7,2894_1,2877_6,2739_6
2000-01-15 17:00:00,3186_6,3156_8,3101,3095_2,3073_1,-474_68,2999_2,2976_2,2966_4,2961_9,2954_6,2912_2,2895_4,2757_8
2000-01-15 18:00:00,3192_3,3165_5,3111_6,3105_8,3083_7,-478_52,3010_7,2995_3,2985_5,2980_8,2973_4,2930_5,2913_4,2776_7
2000-01-15 19:00:00,3197_8,3173_7,3121_4,3115_7,3093_6,-481_87,3024_4,3012_7,3003_2,2998_8,2991_5,2948_8,2931_5,2796_2
2000-01-15 20:00:00,3203_1,3181_4,3130_6,3125,3103_6,-485_16,3039_5,3028_2,3019,3014_9,3007_9,2966_1,2949,2816_3
2000-01-15 21:00:00,3208_3,3188_7,3139_6,3134_2,3113_7,-488_36,3053_5,3042_6,3033_8,3030,3023_2,2982_4,2965_6,2836_6
2000-01-15 22:00:00,3213_4,3195_7,3148_3,3143_1,3123_8,-491_46,3066_9,3056_4,3047_8,3044_2,3037_6,2997_9,2981_4,2857_1
2000-01-15 23:00:00,3218_4,3202_4,3156_9,3151_8,3133_5,-494_48,3079_8,3069_6,3061_3,3057_9,3051_5,3012_8,2996_5,2877_2
2000-01-16 00:00:00,3223_5,3209,3165_1,3160_2,3142_9,-497_41,3092,3082_2,3074_1,3071,3064_7,3027,3011,2897_1
2000-01-16 01:00:00,3228_4,3215_5,3173_1,3168_4,3151_8,-500_25,3103_8,3094_2,3086_4,3083_5,3077_4,3040_5,3024_9,2916_7
2000-01-16 02:00:00,3233_2,3222_1,3180_8,3176_2,3160_5,-502_96,3115,3105_7,3098_2,3095_5,3089_5,3053_6,3038_3,2934_5
2000-01-16 03:00:00,3238,3228_3,3188_3,3183_9,3168_9,-505_59,3125_9,3116_8,3109_5,3107,3101_2,3066_2,3051_4,2951_1
2000-01-16 04:00:00,3242_7,3234_4,3195_7,3191_4,3177_1,-508_14,3136_4,3127_6,3120_5,3118_2,3112_6,3078_6,3064_2,2967_1
2000-01-16 05:00:00,3247_1,3240_3,3202_8,3198_7,3185,-510_61,3146_7,3138_1,3131_2,3129_1,3123_7,3090_7,3076_7,2982_6
2000-01-16 06:00:00,3251,3245_9,3209_7,3205_7,3192_7,-513_01,3156_6,3148_3,3141_6,3139_7,3134_5,3102_5,3088_9,2997_6
2000-01-16 07:00:00,3254_4,3251_1,3216_4,3212_5,3200_2,-515_33,3166_3,3158_3,3151_7,3150,3144_9,3113_9,3100_7,3012_3
2000-01-16 08:00:00,3257_3,3256,3222_7,3219,3207_3,-517_57,3175_6,3167_9,3161_5,3160,3155_1,3125,3112_3,3026_5
2000-01-16 09:00:00,3259_6,3260_5,3228_8,3225_2,3214_2,-519_73,3184_7,3177_2,3171,3169_7,3164_9,3135_8,3123_5,3040_3
2000-01-16 10:00:00,3261_5,3264_5,3234_5,3231,3220_7,-521_82,3193_5,3186_2,3180_2,3179_1,3174_5,3146_3,3134_3,3053_7
2000-01-16 11:00:00,3262_9,3268_1,3239_8,3236_5,3227,-523_83,3201_9,3194_9,3189_1,3188_2,3183_7,3156_4,3144_8,3066_7
2000-01-16 12:00:00,3263_8,3271_3,3244_8,3241_6,3232_8,-525_75,3210,3203_2,3197_7,3196_9,3192_6,3166_2,3155,3079_2
2000-01-16 13:00:00,3264_4,3274_1,3249_4,3246_3,3238_3,-527_58,3217_8,3211_2,3205_9,3205_3,3201_1,3175_6,3164_8,3091_4
2000-01-16 14:00:00,3264_7,3276_5,3253_6,3250_7,3243_5,-529_33,3225_2,3218_9,3213_7,3213_4,3209_3,3184_7,3174_2,3103_1
2000-01-16 15:00:00,3264_6,3278_6,3257_4,3254_6,3248_2,-530_98,3232_2,3226_2,3221_2,3221_1,3217_2,3193_4,3183_3,3114_5
2000-01-16 16:00:00,3264_2,3280_3,3260_8,3258_2,3252_6,-532_54,3238_9,3233_1,3228_3,3228_4,3224_6,3201_8,3192,3125_5
2000-01-16 17:00:00,3263_6,3281_6,3263_8,3261_4,3256_6,-534,3245_2,3239_7,3235_1,3235_4,3231_8,3209_8,3200_4,3136_1
2000-01-16 18:00:00,3262_8,3282_6,3266_5,3264_2,3260_2,-535_37,3251_2,3245_8,3241_5,3241_9,3238_5,3217_4,3208_4,3146_4
2000-01-16 19:00:00,3261_7,3283_4,3268_9,3266_7,3263_5,-536_65,3256_7,3251_6,3247_5,3248_2,3244_8,3224_6,3216,3156_2
2000-01-16 20:00:00,3260_5,3283_8,3270_9,3268_9,3266_4,-537_83,3261_9,3257_1,3253_1,3254,3250_8,3231_5,3223_2,3165_7
2000-01-16 21:00:00,3259,3284,3272_6,3270_7,3269,-538_93,3266_7,3262_2,3258_4,3259_5,3256_5,3238,3230_1,3174_9
2000-01-16 22:00:00,3257_5,3284,3274,3272_3,3271_3,-539_94,3271_2,3266_9,3263_3,3264_6,3261_7,3244_2,3236_6,3183_7
2000-01-16 23:00:00,3255_8,3283_8,3275_1,3273_6,3273_2,-540_87,3275_4,3271_3,3267_9,3269_4,3266_7,3250,3242_8,3192
2000-01-17 00:00:00,3253_9,3283_3,3276,3274_6,3274_9,-541_72,3279_2,3275_4,3272_2,3273_8,3271_3,3255_4,3248_6,3200_1
2000-01-17 01:00:00,3252,3282_7,3276_6,3275_3,3276_3,-542_49,3282_8,3279_1,3276_1,3277_9,3275_5,3260_5,3254,3207_7
2000-01-17 02:00:00,3249_9,3281_9,3277,3275_8,3277_5,-543_19,3286,3282_5,3279_7,3281_7,3279_4,3265_3,3259_1,3215
2000-01-17 03:00:00,3247_8,3280_9,3277_2,3276_1,3278_4,-543_82,3288_9,3285_7,3283,3285_2,3283_1,3269_7,3263_8,3221_9
2000-01-17 04:00:00,3245_5,3279_8,3277_2,3276_2,3279_1,-544_39,3291_5,3288_5,3286,3288_4,3286_4,3273_8,3268_3,3228_5
2000-01-17 05:00:00,3242_9,3278_5,3277,3276_1,3279_6,-544_89,3293_9,3291_1,3288_8,3291_3,3289_4,3277_6,3272_4,3234_7
2000-01-17 06:00:00,3240,3276_9,3276_6,3275_8,3279_8,-545_33,3296,3293_4,3291_2,3293_9,3292_2,3281_1,3276_2,3240_5
2000-01-17 07:00:00,3236_7,3275_2,3276,3275_3,3279_9,-545_7,3297_8,3295_4,3293_4,3296_3,3294_6,3284_3,3279_7,3246
2000-01-17 08:00:00,3233_2,3273_1,3275_1,3274_6,3279_7,-546_02,3299_4,3297_2,3295_3,3298_4,3296_8,3287_2,3282_9,3251_2
2000-01-17 09:00:00,3229_4,3270_8,3274_1,3273_6,3279_3,-546_28,3300_7,3298_7,3297,3300_2,3298_8,3289_9,3285_9,3256
2000-01-17 10:00:00,3225_3,3268_2,3272_7,3272_4,3278_7,-546_48,3301_8,3299_9,3298_4,3301_7,3300_4,3292_3,3288_5,3260_6
2000-01-17 11:00:00,3220_9,3265_4,3271_1,3270_9,3277_8,-546_62,3302_6,3300_9,3299_6,3303,3301_9,3294_3,3290_9,3264_8
2000-01-17 12:00:00,3216_2,3262_3,3269_3,3269_2,3276_6,-546_7,3303_2,3301_7,3300_4,3304_1,3303,3296_2,3293,3268_7
2000-01-17 13:00:00,3211_3,3258_9,3267_2,3267_2,3275_2,-546_71,3303_4,3302_1,3301,3304_8,3303_9,3297_7,3294_8,3272_3
2000-01-17 14:00:00,3206_3,3255_3,3264_8,3264_9,3273_5,-546_66,3303_5,3302_3,3301_4,3305_3,3304_5,3299,3296_3,3275_6
2000-01-17 15:00:00,3201_2,3251_5,3262_2,3262_4,3271_6,-546_55,3303_2,3302_3,3301_5,3305_6,3304_8,3300,3297_6,3278_6
2000-01-17 16:00:00,3195_8,3247_4,3259_3,3259_7,3269_4,-546_37,3302_7,3301_9,3301_3,3305_5,3304_9,3300_7,3298_6,3281_3
2000-01-17 17:00:00,3190_2,3243_2,3256_3,3256_7,3267,-546_13,3301_9,3301_3,3300_8,3305_2,3304_7,3301_1,3299_3,3283_7
2000-01-17 18:00:00,3184_5,3238_8,3253,3253_5,3264_3,-545_83,3300_9,3300_5,3300_1,3304_6,3304_2,3301_3,3299_7,3285_8
2000-01-17 19:00:00,3178_6,3234_1,3249_4,3250_1,3261_4,-545_47,3299_6,3299_4,3299_1,3303_8,3303_5,3301_2,3299_9,3287_6
2000-01-17 20:00:00,3172_7,3229_3,3245_7,3246_5,3258_3,-545_05,3298_1,3298,3297_9,3302_7,3302_5,3300_9,3299_8,3289_1
2000-01-17 21:00:00,3166_6,3224_4,3241_8,3242_6,3255,-544_57,3296_3,3296_4,3296_5,3301_4,3301_3,3300_2,3299_4,3290_4
2000-01-17 22:00:00,3160_4,3219_3,3237_7,3238_6,3251_5,-544_04,3294_3,3294_6,3294_7,3299_8,3299_8,3299_4,3298_8,3291_4
2000-01-17 23:00:00,3154_1,3214,3233_4,3234_4,3247_8,-543_45,3292_1,3292_5,3292_8,3298,3298_1,3298_3,3297_9,3292_1
2000-01-18 00:00:00,3147_7,3208_6,3228_9,3230,3243_9,-542_81,3289_6,3290_2,3290_6,3296,3296_2,3296_9,3296_8,3292_5
2000-01-18 01:00:00,3141_2,3203,3224_3,3225_5,3239_8,-542_13,3287,3287_7,3288_3,3293_7,3294,3295_3,3295_5,3292_7
2000-01-18 02:00:00,3134_7,3197_4,3219_5,3220_8,3235_5,-541_39,3284_1,3285,3285_7,3291_2,3291_6,3293_5,3293_9,3292_6
2000-01-18 03:00:00,3128_1,3191_6,3214_5,3215_9,3231_1,-540_61,3281,3282_1,3282_8,3288_6,3289,3291_4,3292_1,3292_2
2000-01-18 04:00:00,3121_3,3185_8,3209_5,3210_9,3226_5,-539_78,3277_8,3278_9,3279_8,3285_7,3286_3,3289_2,3290,3291_6
2000-01-18 05:00:00,3114_4,3179_8,3204_3,3205_8,3221_8,-538_91,3274_3,3275_6,3276_6,3282_6,3283_3,3286_7,3287_7,3290_7
2000-01-18 06:00:00,3107_1,3173_6,3198_9,3200_5,3216_9,-538,3270_7,3272_1,3273_3,3279_3,3280_1,3284,3285_3,3289_6
2000-01-18 07:00:00,3099_5,3167_2,3193_4,3195_1,3211_9,-537_06,3266_9,3268_5,3269_7,3275_9,3276_7,3281_2,3282_6,3288_3
2000-01-18 08:00:00,3091_4,3160_6,3187_8,3189_5,3206_7,-536_07,3262_9,3264_6,3266,3272_2,3273_2,3278_1,3279_7,3286_7
2000-01-18 09:00:00,3083,3153_7,3181_9,3183_7,3201_4,-535_04,3258_8,3260_6,3262_1,3268_4,3269_4,3274_8,3276_7,3285
2000-01-18 10:00:00,3074_1,3146_5,3175_8,3177_7,3195_8,-533_98,3254_5,3256_4,3258,3264_4,3265_5,3271_4,3273_4,3283
2000-01-18 11:00:00,3064_9,3139,3169_5,3171_5,3190_1,-532_86,3249_9,3252,3253_7,3260_3,3261_4,3267_8,3270,3280_7
2000-01-18 12:00:00,3055_3,3131_1,3162_9,3165,3184,-531_7,3245_2,3247_4,3249_2,3255_9,3257_1,3263_9,3266_3,3278_3
2000-01-18 13:00:00,3045_5,3123,3156,3158_2,3177_8,-530_48,3240_2,3242_6,3244_5,3251_3,3252_6,3259_9,3262_5,3275_7
2000-01-18 14:00:00,3036_1,3114_7,3148_9,3151_2,3171_3,-529_21,3235_1,3237_5,3239_5,3246_5,3247_9,3255_6,3258_4,3272_8
2000-01-18 15:00:00,3027_8,3106_4,3141_5,3143_9,3164_5,-527_88,3229_6,3232_3,3234_4,3241_4,3242_9,3251_2,3254_2,3269_7
2000-01-18 16:00:00,3019_5,3098_3,3134_1,3136_5,3157_5,-526_49,3224,3226_8,3229,3236_1,3237_7,3246_5,3249_7,3266_5
2000-01-18 17:00:00,3011_1,3090_3,3126_5,3129_1,3150_4,-525_06,3218_2,3221_1,3223_4,3230_6,3232_3,3241_6,3245,3263
2000-01-18 18:00:00,3002_5,3082_3,3119,3121_6,3143_3,-523_58,3212_2,3215_2,3217_6,3225,3226_7,3236_5,3240_1,3259_3
2000-01-18 19:00:00,2993_7,3074_1,3111_4,3114,3136,-522_08,3206,3209_2,3211_7,3219_2,3221,3231_2,3235,3255_4
2000-01-18 20:00:00,2984_1,3065_8,3103_7,3106_4,3128_7,-520_55,3199_7,3203,3205_6,3213_2,3215_1,3225_7,3229_7,3251_2
2000-01-18 21:00:00,2974_3,3057_2,3095_9,3098_7,3121_3,-518_99,3193_3,3196_7,3199_4,3207_1,3209,3220_1,3224_2,3246_9
2000-01-18 22:00:00,2964_4,3048_3,3088,3090_8,3113_8,-517_41,3186_8,3190_3,3193_1,3200_8,3202_9,3214_3,3218_6,3242_4
2000-01-18 23:00:00,2954_5,3039_3,3079_8,3082_7,3106_1,-515_8,3180_2,3183_7,3186_6,3194_5,3196_6,3208_4,3212_9,3237_7
2000-01-19 00:00:00,2944_8,3030_2,3071_5,3074_5,3098_2,-514_15,3173_3,3177,3180,3187_9,3190_1,3202_3,3207,3232_9
2000-01-19 01:00:00,2934_8,3021,3063_1,3066_1,3090_2,-512_47,3166_3,3170_2,3173_2,3181_2,3183_5,3196_1,3200_9,3227_9
2000-01-19 02:00:00,2924_7,3011_7,3054_5,3057_6,3082_1,-510_74,3159_2,3163_1,3166_3,3174_4,3176_7,3189_7,3194_7,3222_7
2000-01-19 03:00:00,2911_3,3002_3,3045_8,3049,3073_8,-508_98,3151_9,3156,3159_2,3167_4,3169_7,3183_2,3188_3,3217_3
2000-01-19 04:00:00,2892_1,2991_1,3036_9,3040_2,3065_4,-507_19,3144_5,3148_6,3152,3160_2,3162_7,3176_5,3181_8,3211_8
2000-01-19 05:00:00,2871,2977_5,3027_3,3030_8,3056_6,-505_36,3136_9,3141_2,3144_6,3152_9,3155_4,3169_7,3175_1,3206_1
2000-01-19 06:00:00,2848_6,2962_1,3016_5,3020_2,3047_2,-503_49,3129_1,3133_4,3137,3145_4,3148,3162_7,3168_2,3200_2
2000-01-19 07:00:00,2825_2,2945_1,3004_4,3008_5,3036_9,-501_5,3120_7,3125_3,3129,3137_6,3140_2,3155_4,3161_2,3194_2
2000-01-19 08:00:00,2801,2926_8,2991,2995_4,3025_4,-499_35,3111_8,3116_6,3120_5,3129_3,3132,3147_9,3153_8,3188
2000-01-19 09:00:00,2775_7,2907_3,2976_5,2981_2,3012_9,-497_01,3102_2,3107_3,3111_3,3120_3,3123_3,3139_9,3146_1,3181_5
2000-01-19 10:00:00,2749_6,2886_6,2960_7,2965_8,2999_2,-494_48,3091_8,3097_2,3101_5,3110_8,3113_9,3131_4,3137_9,3174_9
2000-01-19 11:00:00,2722_6,2864_8,2943_9,2949_4,2984_5,-491_73,3080_6,3086_3,3091,3100_5,3103_8,3122_3,3129_2,3167_9
2000-01-19 12:00:00,2694_2,2841_8,2925_9,2931_8,2968_8,-488_78,3068_6,3074_7,3079_6,3089_4,3092_9,3112_7,3120,3160_6
2000-01-19 13:00:00,2664_9,2817_6,2906_9,2913_1,2952,-485_62,3055_7,3062_3,3067_5,3077_6,3081_4,3102_3,3110_1,3152_8
2000-01-19 14:00:00,2636_3,2792_2,2886_7,2893_4,2934_2,-482_26,3042_1,3049_1,3054_6,3065,3069,3091_3,3099_5,3144_7
2000-01-19 15:00:00,2608_7,2766_2,2865_4,2872_5,2915_3,-478_68,3027_5,3035,3040_9,3051_6,3055_9,3079_6,3088_3,3136
2000-01-19 16:00:00,2581_8,2746_6,2844,2851_2,2895_5,-474_9,3012_1,3020,3026_3,3037_4,3041_9,3067_1,3076_3,3126_8
2000-01-19 17:00:00,2554_9,2723_4,2823_2,2830_6,2875_6,-470_91,2996,3004_3,3011,3022_4,3027_2,3053_8,3063_7,3117_1
2000-01-19 18:00:00,2528_1,2698_8,2802,2809_6,2855_7,-466_84,2979_5,2988_2,2995_1,3006_9,3011_9,3039_9,3050_3,3106_9
2000-01-19 19:00:00,2501_1,2672_7,2780,2787_9,2835_4,-462_7,2962_6,2971_7,2978_9,2991,2996_2,3025_5,3036_4,3096
2000-01-19 20:00:00,2474_8,2644_9,2756_6,2765,2814_4,-458_48,2945_3,2954_7,2962_2,2974_5,2979_9,3010_6,3022,3084_7
2000-01-19 21:00:00,2448_6,2617_3,2732,2740_9,2792_4,-454_17,2927_3,2937_1,2944_9,2957_6,2963_2,2995_1,3007,3072_8
2000-01-19 22:00:00,2422_3,2589_8,2706_3,2715_5,2769_4,-449_67,2908_5,2918_7,2926_9,2939_9,2945_8,2979_1,2991_6,3060_3
2000-01-19 23:00:00,2395_8,2562_7,2680_5,2689_9,2745_4,-444_95,2889,2899_6,2908_2,2921_5,2927_7,2962_5,2975_5,3047_4
2000-01-20 00:00:00,2369_3,2535_9,2654_7,2664_3,2720_7,-440_05,2868_7,2879_8,2888_7,2902_5,2908_9,2945_2,2958_7,3033_9
2000-01-20 01:00:00,2342_9,2509_8,2629,2638_6,2695_2,-434_98,2847_6,2859_3,2868_5,2882_6,2889_3,2927_2,2941_4,3019_9
2000-01-20 02:00:00,2316_6,2484_2,2603_7,2613_3,2670_3,-429_72,2826_2,2838_2,2847_8,2862_3,2869_2,2908_6,2923_4,3005_3
2000-01-20 03:00:00,2290_5,2459_4,2578_6,2588_2,2644_5,-424_41,2803_7,2816_4,2826_4,2841_2,2848_5,2889_5,2904_8,2990_2
2000-01-20 04:00:00,2264_7,2435_2,2553_5,2562_9,2618_1,-418_41,2779_4,2792_7,2803_2,2818_6,2826_3,2869_4,2885_4,2974_4
2000-01-20 05:00:00,2239_6,2411_4,2528_5,2537_9,2592_4,-412_33,2755_4,2769_4,2780_2,2795_9,2803_7,2848_3,2865_1,2958_1
2000-01-20 06:00:00,2214_9,2388_8,2504_1,2513_3,2567_3,-406_34,2731_1,2746,2757,2773,2781_1,2827,2844_4,2941
2000-01-20 07:00:00,2190_7,2370_7,2480_2,2489_3,2542_3,-400_28,2705_8,2721_6,2733_1,2749_4,2757_7,2805,2822_8,2923_4
2000-01-20 08:00:00,2166_7,2359,2458_7,2467_2,2517_6,-394_08,2679_4,2695_8,2707_6,2724_4,2733_1,2782_1,2800_4,2905_1
2000-01-20 09:00:00,2142_9,2339_7,2438_9,2446_8,2494_2,-387_67,2653_2,2670_2,2682_1,2699_2,2708,2758_2,2777_2,2886_2
2000-01-20 10:00:00,2119_3,2318_6,2418,2425_6,2471_1,-381_26,2627_4,2645,2657_1,2674_3,2683_3,2734_5,2753_9,2866_6
2000-01-20 11:00:00,2095_8,2296_6,2396_3,2403_6,2447_6,-374_79,2601_1,2619_3,2631_6,2649_1,2658_3,2710_7,2730_6,2846_5
2000-01-20 12:00:00,2072_5,2272_5,2373_9,2381,2423_7,-368_18,2574_3,2592_8,2605_5,2623_4,2632_8,2686_5,2706_9,2826
2000-01-20 13:00:00,2049_9,2247_2,2350_3,2357_3,2399_1,-361_54,2545_8,2564_5,2577_7,2596_1,2605_9,2661_6,2682_7,2805_1
2000-01-20 14:00:00,2029_1,2220_1,2325_7,2332_6,2373_8,-354_94,2516_1,2535,2548_6,2567_5,2577_7,2635_5,2657_4,2783_8
2000-01-20 15:00:00,2009_9,2192_3,2300_1,2307,2347_6,-348_29,2486_6,2505_6,2519_5,2538_8,2549_2,2608_8,2631_4,2761_7
2000-01-20 16:00:00,1991_5,2164,2273_5,2280_4,2320_7,-341_59,2458_5,2477_5,2491_3,2510_6,2521_2,2581_8,2604_9,2739
2000-01-20 17:00:00,1974_1,2136_7,2246_2,2253,2293,-335_06,2430_5,2449_9,2463_9,2483_4,2494_1,2555_2,2578_6,2715_7
2000-01-20 18:00:00,1957_8,2111_3,2218_8,2225_5,2265_1,-328_62,2402_8,2422_5,2436_5,2456_1,2466_9,2528_6,2552_4,2692
2000-01-20 19:00:00,1942_8,2087_1,2191_8,2198_4,2237_4,-322_26,2376,2396_2,2410,2429_6,2440_4,2502_3,2526_2,2668
2000-01-20 20:00:00,1928_9,2066,2165_5,2171_9,2210_2,-316_1,2350_4,2371_2,2384_7,2404_1,2414_8,2476_5,2500_5,2643_8
2000-01-20 21:00:00,1916_3,2046_6,2140_5,2146_5,2183_8,-310_03,2327_5,2348_9,2361_7,2380_7,2391_1,2451_5,2475_4,2619_3
2000-01-20 22:00:00,1905_5,2030_1,2116_8,2122_5,2158_6,-304_17,2306_5,2328_8,2340_9,2359_4,2369_4,2428_1,2451_5,2594_5
2000-01-20 23:00:00,1895_5,2015_7,2095_3,2100_6,2135_2,-298_44,2287_4,2310_3,2321_9,2339_9,2349_6,2406_1,2428_8,2569_3
2000-01-21 00:00:00,1887_2,2002_1,2075_9,2080_9,2114_3,-293_1,2268_4,2291_1,2302_4,2320_1,2329_6,2384_9,2407,2543_6
2000-01-21 01:00:00,1877_3,1989_5,2058,2062_8,2095_2,-287_89,2251,2273_2,2283_9,2301_2,2310_4,2364,2385_4,2518_1
2000-01-21 02:00:00,1866_6,1977,2041_6,2046_2,2077_9,-282_84,2234_9,2256_6,2266_8,2283_7,2292_5,2343_9,2364_5,2493
2000-01-21 03:00:00,1855,1963_4,2026_1,2030_6,2062,-278_07,2218_3,2239_9,2249_7,2266_3,2274_9,2324_6,2344_4,2468_6
2000-01-21 04:00:00,1840,1947_5,2010_9,2015_3,2046_9,-273_37,2202_2,2223_4,2233,2249_2,2257_5,2305_6,2324_7,2444
2000-01-21 05:00:00,1824_5,1930_7,1995_3,1999_8,2032_2,-268_71,2186_8,2207_7,2216_8,2232_7,2240_7,2287,2305_3,2419_6
2000-01-21 06:00:00,1808_6,1913_6,1979_3,1984,2017_6,-264_1,2171_9,2192_4,2201_2,2216_7,2224_4,2269,2286_4,2395_7
2000-01-21 07:00:00,1791_6,1896,1962_8,1967_7,2002_3,-259_39,2156_5,2177,2185_6,2200_8,2208_3,2251_3,2268,2372_6
2000-01-21 08:00:00,1774_3,1878,1945_8,1950_9,1986_1,-254_44,2140_4,2161_1,2169_4,2184_5,2191_9,2233_7,2249_8,2350_4
2000-01-21 09:00:00,1757_1,1859_9,1928_4,1933_6,1969_5,-249_34,2124,2144_9,2153_1,2168,2175_3,2216_2,2231_8,2328_8
2000-01-21 10:00:00,1740_5,1841_9,1910_4,1915_8,1952_4,-244_16,2107_6,2128_6,2136_7,2151_5,2158_7,2198_8,2214,2308_3
2000-01-21 11:00:00,1724_7,1824_2,1892,1897_5,1934_7,-238_93,2091_1,2112_4,2120_5,2135_1,2142_2,2181_6,2196_5,2288
2000-01-21 12:00:00,1709_5,1807_7,1873_8,1879_3,1916_9,-233_7,2073_4,2094_6,2103_1,2118_1,2125_3,2164_5,2179_1,2267_8
2000-01-21 13:00:00,1694_6,1791_4,1856_1,1861_6,1899_4,-228_57,2054_1,2075_5,2084_1,2099_1,2106_4,2146_4,2161_1,2247_9
2000-01-21 14:00:00,1680_1,1775_5,1838_7,1844_2,1882_2,-223_41,2035_2,2057_4,2066,2081_1,2088_4,2128_2,2142_8,2228_5
2000-01-21 15:00:00,1666_5,1760_1,1821_6,1827_1,1865_3,-218_34,2016_5,2038_9,2047_6,2062_6,2070,2109_9,2124_6,2209_6
2000-01-21 16:00:00,1654,1745_3,1804_8,1810_2,1848_6,-213_36,1998_6,2021_3,2030,2044_9,2052_2,2091_8,2106_4,2191_2
2000-01-21 17:00:00,1642_4,1730_5,1788_8,1794_2,1832_5,-208_51,1981_1,2004_1,2012_7,2027_6,2034_8,2074_1,2088_6,2172_8
2000-01-21 18:00:00,1631_5,1716_5,1773_3,1778_6,1817,-203_82,1964,1987_2,1995_9,2010_7,2017_8,2056_7,2071_1,2155_3
2000-01-21 19:00:00,1621_3,1703_5,1758_3,1763_3,1801_5,-199_53,1947_3,1970_4,1979_1,1993_8,2001,2039_7,2054_1,2138_9
2000-01-21 20:00:00,1612,1691_3,1743_9,1748_8,1786_5,-195_67,1931,1953_6,1962_3,1977_1,1984_2,2022_9,2037_3,2124_1
2000-01-21 21:00:00,1603_4,1680,1730_5,1735_3,1772,-192_36,1915_2,1937_2,1946,1960_7,1967_8,2006_5,2021_1,2109_3
2000-01-21 22:00:00,1595_6,1669_4,1717_8,1722_4,1758_1,-189_58,1899_4,1920_9,1929_7,1944_4,1951_6,1990_5,2005_3,2093_5
2000-01-21 23:00:00,1588_4,1659_6,1705_9,1710_2,1744_9,-187_22,1884_1,1905_1,1913_9,1928_6,1935_7,1974_6,1989_4,2077_2
2000-01-22 00:00:00,1581_5,1650_6,1694_6,1698_8,1732,-185_31,1869_4,1889_8,1898_6,1913_3,1920_3,1959,1973_8,2060_5
2000-01-22 01:00:00,1575_3,1642_2,1684_1,1688,1719_6,-183_8,1855,1874_8,1883_6,1898_3,1905_3,1943_7,1958_4,2043_3
2000-01-22 02:00:00,1569_7,1634_3,1674_1,1677_8,1707_8,-182_63,1841,1860_2,1869,1883_6,1890_5,1928_7,1943_2,2026_5
2000-01-22 03:00:00,1564_7,1627_1,1664_8,1668_2,1696_5,-181_77,1827_3,1846,1854_8,1869_2,1876_1,1913_7,1928_1,2009_9
2000-01-22 04:00:00,1560,1620_5,1656_1,1659_2,1686,-181_2,1813_9,1832,1840_7,1855_1,1861_9,1899_1,1913_2,1993_5
2000-01-22 05:00:00,1555_6,1614_4,1647_9,1650_8,1676_1,-180_87,1801_1,1818_5,1827_2,1841_4,1848_1,1884_7,1898_7,1977_2
2000-01-22 06:00:00,1551_4,1608_7,1640_3,1643,1666_9,-180_75,1788_7,1805_4,1813_9,1828,1834_6,1870_7,1884_5,1961_2
2000-01-22 07:00:00,1547_4,1603_5,1633_3,1635_7,1658_3,-180_8,1776_9,1792_9,1801_3,1815_2,1821_7,1857_3,1870_9,1945_7
2000-01-22 08:00:00,1543_6,1598_6,1626_7,1628_9,1650_3,-180_97,1765_8,1781,1789_4,1803_1,1809_4,1844_2,1857_6,1930_5
2000-01-22 09:00:00,1539_9,1593_9,1620_5,1622_6,1642_8,-181_22,1755_3,1769_9,1778,1791_5,1797_7,1831_6,1844_7,1916_1
2000-01-22 10:00:00,1536_2,1589_5,1614_7,1616_6,1636,-181_43,1746_8,1759_8,1767_5,1780_6,1786_6,1819_5,1832_4,1902_1
2000-01-22 11:00:00,1532_5,1585_3,1609_4,1611_1,1629_7,-181_36,1740_1,1752_4,1759_8,1772_3,1777_9,1808_6,1820_9,1888_4
2000-01-22 12:00:00,1528_9,1581_1,1604_3,1605_9,1624_1,-181_42,1732_1,1743_8,1751_1,1763_4,1768_8,1798_5,1810_3,1875
2000-01-22 13:00:00,1525_2,1577_1,1599_5,1601,1618_7,-181_49,1724_2,1735_4,1742_5,1754_6,1759_8,1788_7,1800_1,1862_2
2000-01-22 14:00:00,1521_5,1573_2,1594_9,1596_4,1613_6,-181_53,1716_5,1727_1,1734_1,1746,1751_1,1779_1,1790_1,1850
2000-01-22 15:00:00,1517_8,1569_4,1590_5,1591_9,1608_7,-181_43,1708_9,1719_1,1725_9,1737_6,1742_6,1769_8,1780_5,1838_2
2000-01-22 16:00:00,1513_9,1565_6,1586_1,1587_5,1604,-181_16,1701_7,1711_3,1717_9,1729_6,1734_4,1760_8,1771_2,1826_9
2000-01-22 17:00:00,1509_9,1561_7,1581_9,1583_3,1599_5,-180_72,1694_6,1703_8,1710_3,1721_7,1726_4,1752,1762_1,1816_1
2000-01-22 18:00:00,1505_7,1557_9,1577_8,1579_1,1595_1,-180_14,1687_8,1696_4,1702_8,1714_1,1718_6,1743_6,1753_4,1805_7
2000-01-22 19:00:00,1501_4,1553_9,1573_8,1575,1590_7,-179_42,1681_1,1689_3,1695_5,1706_6,1711_1,1735_3,1744_9,1795_8
2000-01-22 20:00:00,1496_6,1549_9,1569_7,1570_9,1586_4,-178_53,1674_5,1682_3,1688_4,1699_3,1703_6,1727_3,1736_6,1786_1
2000-01-22 21:00:00,1491_5,1545_7,1565_6,1566_8,1582_2,-177_55,1668_2,1675_5,1681_5,1692_3,1696_5,1719_5,1728_6,1776_6
2000-01-22 22:00:00,1487_1,1541_3,1561_5,1562_7,1577_9,-176_46,1662_2,1669_2,1675,1685_7,1689_7,1712,1720_8,1767_6
2000-01-22 23:00:00,1482_7,1536_9,1557_4,1558_5,1573_7,-175_26,1656_4,1663,1668_7,1679_2,1683_2,1704_8,1713_3,1758_9
2000-01-23 00:00:00,1477_9,1532_6,1553_1,1554_3,1569_4,-173_96,1650_6,1657,1662_6,1672_9,1676_7,1697_8,1706,1750_6
2000-01-23 01:00:00,1472_9,1528_1,1548_8,1550,1565_1,-172_55,1645,1651_2,1656_6,1666_8,1670_5,1691,1699,1742_6
2000-01-23 02:00:00,1467_8,1523_6,1544_5,1545_7,1560_7,-171_04,1639_5,1645_4,1650_7,1660_8,1664_4,1684_4,1692_2,1734_9
2000-01-23 03:00:00,1462_4,1519,1540_2,1541_4,1556_4,-169_43,1634_1,1639_8,1645,1655,1658_5,1678,1685_6,1727_5
2000-01-23 04:00:00,1457,1514_2,1535_7,1537,1552,-167_85,1628_9,1634_3,1639_4,1649_3,1652_7,1671_8,1679_2,1720_3
2000-01-23 05:00:00,1451_5,1509_4,1531_3,1532_5,1547_5,-166_22,1623_6,1628_8,1633_8,1643_6,1647,1665_7,1673,1713_3
2000-01-23 06:00:00,1446_1,1504_5,1526_7,1528,1543,-164_5,1618_4,1623_4,1628_4,1638,1641_4,1659_7,1666_9,1706_6
2000-01-23 07:00:00,1440_6,1499_4,1522,1523_3,1538_4,-162_69,1613_3,1618_1,1623,1632_6,1635_8,1653_8,1660_9,1700_1
2000-01-23 08:00:00,1435_3,1494_4,1517_3,1518_5,1533_7,-160_83,1608_2,1612_9,1617_7,1627_2,1630_4,1648_1,1655,1693_9
2000-01-23 09:00:00,1430_1,1489_4,1512_5,1513_8,1529,-158_9,1603_2,1607_7,1612_4,1621_9,1625_1,1642_5,1649_3,1688
2000-01-23 10:00:00,1425,1484_4,1507_6,1508_9,1524_2,-156_88,1598_1,1602_5,1607_1,1616_6,1619_7,1637,1643_7,1682_4
2000-01-23 11:00:00,1420,1479_5,1502_8,1504_1,1519_4,-154_78,1593,1597_3,1601_9,1611_3,1614_4,1631_5,1638_2,1676_9
2000-01-23 12:00:00,1414_9,1474_6,1498,1499_3,1514_6,-152_6,1588,1592_1,1596_7,1606_1,1609_2,1626_2,1632_8,1671_6
2000-01-23 13:00:00,1409_5,1469_8,1493_2,1494_5,1509_8,-150_33,1582_9,1587,1591_5,1600_9,1603_9,1620_8,1627_5,1666_2
2000-01-23 14:00:00,1404,1464_9,1488_4,1489_7,1505_1,-147_97,1577_9,1581_9,1586_4,1595_7,1598_8,1615_5,1622_1,1660_9
2000-01-23 15:00:00,1398_4,1460_1,1483_7,1485,1500_4,-145_53,1572_9,1576_8,1581_2,1590_5,1593_6,1610_3,1616_9,1655_5
2000-01-23 16:00:00,1392_1,1454_8,1479,1480_3,1495_8,-143_01,1567_9,1571_6,1576,1585_3,1588_4,1605_1,1611_6,1650_1
2000-01-23 17:00:00,1382_4,1449_5,1474_2,1475_6,1491_1,-140_41,1562_8,1566_5,1570_8,1580_2,1583_2,1599_8,1606_4,1644_7
2000-01-23 18:00:00,1371_3,1443_4,1469_3,1470_7,1486_4,-137_73,1557_8,1561_3,1565_6,1575,1578,1594_6,1601_1,1639_3
2000-01-23 19:00:00,1360_5,1436_6,1464_2,1465_6,1481_6,-134_97,1552_7,1556_2,1560_5,1569_8,1572_8,1589_4,1595_9,1633_9
2000-01-23 20:00:00,1350_6,1429_3,1458_6,1460_2,1476_6,-132_12,1547_6,1551,1555_2,1564_6,1567_6,1584_2,1590_6,1628_4
2000-01-23 21:00:00,1341_7,1421_9,1452_7,1454_4,1471_2,-129_15,1542_4,1545_6,1549_9,1559_3,1562_3,1578_9,1585_3,1623_1
2000-01-23 22:00:00,1333_8,1414_7,1446_5,1448_2,1465_6,-126_05,1537,1540_2,1544_4,1553_8,1556_9,1573_6,1580,1617_7
2000-01-23 23:00:00,1326_6,1407_9,1440_1,1441_9,1459_7,-122_78,1531_4,1534_6,1538_8,1548_3,1551_4,1568_1,1574_6,1612_3
2000-01-24 00:00:00,1320_1,1401_7,1433_8,1435_6,1453_7,-119_3,1526,1529_1,1533_4,1542_9,1546,1562_6,1569_1,1606_9
2000-01-24 01:00:00,1313_9,1396,1427_6,1429_4,1447_7,-115_64,1520_3,1523_4,1527_7,1537_2,1540_4,1557_2,1563_6,1601_4
2000-01-24 02:00:00,1307_8,1391,1421_6,1423_4,1441_8,-111_87,1514_3,1517_4,1521_8,1531_3,1534_5,1551_5,1558,1596
2000-01-24 03:00:00,1301_9,1386_3,1415_9,1417_6,1436_1,-107_98,1508_2,1511_2,1515_6,1525_3,1528_5,1545_7,1552_2,1590_5
2000-01-24 04:00:00,1296_1,1381_9,1410_5,1412_2,1430_5,-104_01,1502_2,1505_1,1509_5,1519_2,1522_4,1539_6,1546_2,1585
2000-01-24 05:00:00,1290_4,1377_4,1405_4,1407,1425_3,-99_996,1496_1,1499,1503_4,1513_1,1516_3,1533_5,1540_1,1579_3
2000-01-24 06:00:00,1284_7,1373,1400_5,1402_1,1420_2,-95_961,1490_2,1493,1497_3,1507,1510_2,1527_3,1533_9,1573_6
2000-01-24 07:00:00,1279_2,1368_8,1395_8,1397_3,1415_4,-91_939,1484_5,1487_1,1491_3,1500_9,1504_1,1521_1,1527_7,1567_8
2000-01-24 08:00:00,1273_6,1364_2,1391_2,1392_7,1410_7,-87_924,1478_8,1481_3,1485_4,1495,1498_1,1514_9,1521_4,1561_9
2000-01-24 09:00:00,1268_1,1359_6,1386_6,1388_1,1406_1,-83_925,1473_2,1475_6,1479_6,1489_1,1492_2,1508_6,1515_1,1555_9
2000-01-24 10:00:00,1262_6,1354_9,1382,1383_5,1401_5,-79_939,1467_7,1470_1,1473_9,1483_3,1486_3,1502_5,1508_9,1549_9
2000-01-24 11:00:00,1257,1350_2,1377_5,1378_9,1396_9,-75_958,1462_4,1464_6,1468_3,1477_6,1480_6,1496_3,1502_7,1543_9
2000-01-24 12:00:00,1251_3,1345_4,1372_9,1374_3,1392_3,-71_975,1457_1,1459_2,1462_8,1472,1474_9,1490_2,1496_4,1537_8
2000-01-24 13:00:00,1245_5,1340_5,1368_3,1369_7,1387_8,-67_985,1451_8,1453_8,1457_3,1466_4,1469_2,1484_1,1490_3,1531_8
2000-01-24 14:00:00,1239_6,1335_6,1363_7,1365_1,1383_2,-63_982,1446_6,1448_6,1451_9,1460_9,1463_6,1478_1,1484_1,1525_8
2000-01-24 15:00:00,1233_8,1330_7,1359_1,1360_5,1378_7,-59_95,1441_5,1443_4,1446_7,1455_6,1458_2,1472_2,1478,1519_9
2000-01-24 16:00:00,1227_8,1325_7,1354_4,1355_9,1374_1,-55_872,1436_4,1438_2,1441_4,1450_2,1452_7,1466_3,1472,1513_9
2000-01-24 17:00:00,1221_6,1320_6,1349_7,1351_2,1369_5,-51_762,1431_3,1433,1436_1,1444_7,1447_2,1460_4,1465_9,1508
2000-01-24 18:00:00,1215_2,1315_5,1344_9,1346_4,1364_9,-47_614,1426_1,1427_8,1430_7,1439_3,1441_7,1454_5,1459_9,1502_1
2000-01-24 19:00:00,1208_7,1310_3,1340_1,1341_6,1360_3,-43_421,1421,1422_6,1425_4,1433_9,1436_2,1448_6,1453_9,1496_2
2000-01-24 20:00:00,1202_1,1305,1335_2,1336_8,1355_6,-39_167,1415_9,1417_4,1420_1,1428_5,1430_8,1442_8,1447_9,1490_4
2000-01-24 21:00:00,1195_5,1299_8,1330_4,1331_9,1350_9,-34_834,1410_7,1412_2,1414_8,1423_1,1425_3,1437_1,1442,1484_6
2000-01-24 22:00:00,1189,1294_4,1325_5,1327,1346_1,-30_415,1405_6,1407,1409_5,1417_8,1419_9,1431_4,1436_2,1478_8
2000-01-24 23:00:00,1182_4,1289_1,1320_5,1322_1,1341_4,-25_89,1400_5,1401_8,1404_3,1412_4,1414_5,1425_7,1430_4,1473_2
2000-01-25 00:00:00,1175_9,1283_7,1315_5,1317_1,1336_6,-21_235,1395_4,1396_7,1399,1407_1,1409_2,1420,1424_6,1467_6
2000-01-25 01:00:00,1169_5,1278_3,1310_5,1312_1,1331_8,-16_422,1390_3,1391_6,1393_8,1401_8,1403_8,1414_4,1418_9,1462
2000-01-25 02:00:00,1163_2,1272_9,1305_5,1307_1,1327,-11_42,1385_2,1386_4,1388_6,1396_5,1398_5,1408_8,1413_2,1456_6
2000-01-25 03:00:00,1156_9,1267_6,1300_5,1302_1,1322_2,-6_1927,1380_1,1381_3,1383_4,1391_3,1393_2,1403_2,1407_5,1451_2
2000-01-25 04:00:00,1150_7,1262_3,1295_5,1297_1,1317_3,-0_68916,1375,1376_2,1378_2,1386,1387_9,1397_6,1401_8,1445_9
2000-01-25 05:00:00,1144_6,1256_9,1290_4,1292_1,1312_5,5_1329,1369_9,1371,1373,1380_7,1382_6,1392_1,1396_2,1440_7
2000-01-25 06:00:00,1138_7,1251_2,1285_2,1286_9,1307_5,11_192,1364_8,1365_9,1367_8,1375_5,1377_3,1386_6,1390_6,1435_3
2000-01-25 07:00:00,1133_1,1245_6,1279_9,1281_7,1302_5,17_803,1359_6,1360_7,1362_6,1370_2,1372,1381_1,1385,1430
2000-01-25 08:00:00,1127_5,1240,1274_6,1276_4,1297_5,25_31,1354_5,1355_5,1357_4,1364_9,1366_7,1375_6,1379_4,1424_6
2000-01-25 09:00:00,1122,1234_5,1269_2,1271,1292_4,34_32,1349_3,1350_3,1352_1,1359_6,1361_3,1370_1,1373_9,1419_2
2000-01-25 10:00:00,1116_6,1229,1263_7,1265_6,1287_2,46_113,1344,1345_1,1346_8,1354_3,1356,1364_6,1368_4,1413_8
2000-01-25 11:00:00,1111_5,1223_5,1258_2,1260_2,1282_1,64_159,1338_7,1339_7,1341_5,1348_9,1350_6,1359_1,1362_8,1408_4
2000-01-25 12:00:00,1106_4,1218,1252_8,1254_7,1276_9,104_6,1332_9,1334,1335_8,1343_3,1345,1353_5,1357_1,1402_9
2000-01-25 13:00:00,1101_5,1212_2,1247_3,1249_3,1272_3,489_04,1310_2,1309_3,1314_1,1328_1,1332_9,1347_4,1351_1,1397_4
2000-01-25 14:00:00,1096_7,1206_7,1242,1244_1,1268_1,552_41,1316_7,1317_5,1319,1326_2,1327_7,1335_6,1339_5,1391_9
2000-01-25 15:00:00,1092_1,1201_2,1236_6,1238_7,1261_3,552_09,1314_3,1315,1316_2,1323,1324_2,1331,1334_5,1385_7
2000-01-25 16:00:00,1087_5,1195_8,1231,1233_1,1255_8,550_73,1310_3,1311,1312_2,1319,1320_3,1326_8,1329_9,1379_4
2000-01-25 17:00:00,1083_1,1190_5,1225_4,1227_6,1250_5,549_32,1305_6,1306_4,1307_6,1314_5,1315_8,1322_3,1325_3,1373_4
2000-01-25 18:00:00,1079_1,1185_2,1219_9,1222_1,1245_1,547_88,1300_7,1301_5,1302_8,1309_7,1311,1317_6,1320_6,1367_6
2000-01-25 19:00:00,1075_1,1180,1214_4,1216_6,1239_7,546_4,1295_6,1296_4,1297_7,1304_6,1306,1312_7,1315_6,1362
2000-01-25 20:00:00,1071_1,1174_8,1208_9,1211_1,1234_3,544_88,1290_5,1291_2,1292_6,1299_5,1300_9,1307_6,1310_6,1356_5
2000-01-25 21:00:00,1067_1,1169_7,1203_4,1205_7,1229,543_32,1285_2,1286,1287_4,1294_3,1295_6,1302_5,1305_4,1351_1
2000-01-25 22:00:00,1063_1,1164_6,1198,1200_3,1223_6,541_73,1279_9,1280_7,1282_1,1289,1290_4,1297_2,1300_2,1345_6
2000-01-25 23:00:00,1059_1,1159_6,1192_6,1194_9,1218_2,540_11,1274_6,1275_4,1276_8,1283_7,1285_1,1292,1294_9,1340_2
2000-01-26 00:00:00,1055_1,1154_5,1187_2,1189_6,1212_8,538_46,1269_3,1270_1,1271_5,1278_4,1279_8,1286_7,1289_6,1334_7
2000-01-26 01:00:00,1051_2,1149_3,1181_8,1184_2,1207_4,536_8,1264,1264_8,1266_2,1273_1,1274_4,1281_3,1284_3,1329_3
2000-01-26 02:00:00,1047_2,1144_1,1176_4,1178_8,1202_1,535_11,1258_8,1259_6,1261,1267_9,1269_2,1276,1279,1323_9
2000-01-26 03:00:00,1043_2,1139,1171,1173_5,1196_7,533_4,1253_5,1254_3,1255_7,1262_6,1263_9,1270_7,1273_7,1318_6
2000-01-26 04:00:00,1039_4,1134,1165_6,1168_2,1191_3,531_66,1248_2,1249,1250_4,1257_3,1258_6,1265_3,1268_4,1313_2
2000-01-26 05:00:00,1035_6,1129_1,1160_3,1162_9,1186,529_9,1242_9,1243_7,1245_1,1251_9,1253_2,1260,1263,1307_8
2000-01-26 06:00:00,1032,1124_2,1155,1157_6,1180_6,528_15,1237_6,1238_4,1239_8,1246_6,1247_9,1254_6,1257_7,1302_4
2000-01-26 07:00:00,1028_4,1119_4,1149_8,1152_5,1175_3,526_37,1232_3,1233_1,1234_5,1241_3,1242_6,1249_3,1252_4,1296_9
2000-01-26 08:00:00,1025,1114_7,1144_7,1147_4,1170_1,524_55,1227,1227_8,1229_2,1236,1237_3,1244,1247_2,1291_5
2000-01-26 09:00:00,1021_7,1110_1,1139_7,1142_4,1165,522_72,1221_7,1222_5,1223_9,1230_7,1232,1238_7,1242,1286_1
2000-01-26 10:00:00,1018_5,1105_5,1134_8,1137_5,1159_9,520_91,1216_5,1217_3,1218_7,1225_4,1226_7,1233_5,1236_8,1280_7
2000-01-26 11:00:00,1015_6,1101_1,1130,1132_6,1154_8,519_08,1211_3,1212_1,1213_4,1220_2,1221_5,1228_3,1231_7,1275_3
2000-01-26 12:00:00,1012_8,1096_8,1125_2,1127_8,1149_8,517_24,1206_1,1206_9,1208_3,1215,1216_3,1223_1,1226_6,1270
2000-01-26 13:00:00,1010,1092_6,1120_5,1123,1144_8,515_39,1201,1201_8,1203_1,1209_8,1211_1,1218,1221_5,1264_7
2000-01-26 14:00:00,1007_2,1088_5,1115_8,1118_3,1139_9,513_53,1195_8,1196_7,1198,1204_7,1206,1212_9,1216_4,1259_3
2000-01-26 15:00:00,1004_4,1084_5,1111_3,1113_8,1135,511_68,1190_8,1191_6,1192_9,1199_6,1200_9,1207_8,1211_3,1254
2000-01-26 16:00:00,1001_5,1080_5,1106_9,1109_3,1130_2,509_84,1185_8,1186_6,1187_8,1194_5,1195_8,1202_7,1206_3,1248_8
2000-01-26 17:00:00,998_7,1076_6,1102_5,1104_9,1125_5,508_01,1180_8,1181_6,1182_9,1189_5,1190_8,1197_7,1201_3,1243_5
2000-01-26 18:00:00,995_88,1072_8,1098_2,1100_5,1120_9,506_2,1176,1176_7,1178,1184_6,1185_8,1192_7,1196_4,1238_3
2000-01-26 19:00:00,993_05,1069,1094,1096_3,1116_4,504_4,1171_2,1171_9,1173_2,1179_8,1181,1187_8,1191_6,1233_1
2000-01-26 20:00:00,990_22,1065_3,1089_9,1092_1,1112,502_63,1166_5,1167_2,1168_4,1175,1176_2,1183,1186_8,1228
2000-01-26 21:00:00,987_32,1061_6,1085_9,1088,1107_6,500_89,1161_9,1162_6,1163_8,1170_4,1171_6,1178_3,1182_2,1222_9
2000-01-26 22:00:00,984_42,1058,1081_9,1084,1103_4,499_17,1157_3,1158_1,1159_2,1165_8,1167,1173_7,1177_6,1217_9
2000-01-26 23:00:00,981_51,1054_4,1078,1080,1099_2,497_47,1152_9,1153_6,1154_8,1161_3,1162_5,1169_2,1173_1,1213
2000-01-27 00:00:00,978_61,1050_8,1074_1,1076_1,1095_1,495_8,1148_6,1149_3,1150_4,1156_9,1158_1,1164_8,1168_8,1208_1
2000-01-27 01:00:00,975_71,1047_2,1070_3,1072_3,1091_1,494_14,1144_3,1145,1146_1,1152_6,1153_7,1160_4,1164_5,1203_3
2000-01-27 02:00:00,972_81,1043_7,1066_5,1068_5,1087_1,492_5,1140_1,1140_8,1141_9,1148_3,1149_5,1156_2,1160_3,1198_5
2000-01-27 03:00:00,969_93,1040_2,1062_8,1064_8,1083_2,490_88,1136,1136_7,1137_8,1144_2,1145_3,1152,1156_2,1193_9
2000-01-27 04:00:00,967_05,1036_8,1059_2,1061_1,1079_4,489_28,1132,1132_6,1133_7,1140_1,1141_3,1148,1152_2,1189_3
2000-01-27 05:00:00,964_18,1033_4,1055_6,1057_5,1075_6,487_69,1128,1128_7,1129_7,1136_1,1137_2,1143_9,1148_2,1184_7
2000-01-27 06:00:00,961_33,1030,1052_1,1053_9,1071_9,486_12,1124_1,1124_7,1125_8,1132_2,1133_3,1140,1144_2,1180_3
2000-01-27 07:00:00,960_23,1026_7,1048_6,1050_4,1068_2,484_56,1120_2,1120_9,1121_9,1128_3,1129_4,1136_1,1140_4,1175_8
2000-01-27 08:00:00,956_45,1023_7,1045_1,1046_9,1064_5,483_02,1116_4,1117_1,1118_1,1124_4,1125_5,1132_2,1136_5,1171_4
2000-01-27 09:00:00,953_24,1020_4,1041_7,1043_5,1061,481_49,1112_7,1113_3,1114_3,1120_6,1121_7,1128_4,1132_8,1167_1
2000-01-27 10:00:00,950_17,1017_2,1038_4,1040_1,1057_4,479_97,1109,1109_6,1110_6,1116_9,1118,1124_7,1129_1,1162_9
2000-01-27 11:00:00,947_14,1013_9,1035_1,1036_8,1054,478_47,1105_4,1106,1106_9,1113_2,1114_3,1121,1125_4,1158_7
2000-01-27 12:00:00,944_13,1010_7,1031_8,1033_5,1050_6,476_99,1101_8,1102_4,1103_3,1109_6,1110_7,1117_4,1121_8,1154_6
2000-01-27 13:00:00,941_11,1007_4,1028_6,1030_2,1047_2,475_52,1098_3,1098_9,1099_8,1106_1,1107_1,1113_8,1118_3,1150_6
2000-01-27 14:00:00,938_07,1004_2,1025_3,1026_9,1043_9,474_06,1094_8,1095_4,1096_3,1102_6,1103_6,1110_4,1114_8,1146_7
2000-01-27 15:00:00,934_96,1001,1022_1,1023_7,1040_5,472_43,1091_5,1092_1,1092_8,1098_8,1099_8,1106_9,1111_4,1142_8
2000-01-27 16:00:00,931_81,997_72,1018_9,1020_4,1037_2,471_18,1088,1088_6,1089_5,1095_7,1096_7,1103_5,1107_9,1139
2000-01-27 17:00:00,928_62,994_48,1015_7,1017_2,1034,469_74,1084_6,1085_2,1086_1,1092_3,1093_3,1100_1,1104_5,1135_2
2000-01-27 18:00:00,925_41,991_21,1012_5,1014,1030_7,468_3,1081_3,1081_8,1082_7,1088_9,1089_9,1096_7,1101_1,1131_4
2000-01-27 19:00:00,922_17,987_94,1009_3,1010_8,1027_5,466_86,1078,1078_5,1079_4,1085_6,1086_6,1093_4,1097_8,1127_7
2000-01-27 20:00:00,918_9,984_66,1006_1,1007_6,1024_2,465_42,1074_7,1075_2,1076_1,1082_3,1083_3,1090_1,1094_5,1124
2000-01-27 21:00:00,915_59,981_37,1002_9,1004_4,1021,463_98,1071_4,1072,1072_8,1079,1080,1086_9,1091_3,1120_4
2000-01-27 22:00:00,912_25,978_06,999_74,1001_3,1017_8,462_53,1068_2,1068_7,1069_6,1075_7,1076_8,1083_7,1088_1,1116_8
2000-01-27 23:00:00,908_86,974_73,996_56,998_09,1014_6,461_09,1065,1065_5,1066_4,1072_5,1073_6,1080_5,1084_9,1113_2
2000-01-28 00:00:00,905_44,971_39,993_4,994_91,1011_4,459_64,1061_8,1062_3,1063_2,1069_3,1070_4,1077_3,1081_7,1109_7
2000-01-28 01:00:00,901_98,968_02,990_23,991_74,1008_2,458_19,1058_6,1059_1,1060,1066_1,1067_2,1074_1,1078_5,1106_2
2000-01-28 02:00:00,898_47,964_63,987_04,988_56,1005_1,456_73,1055_4,1056,1056_8,1063,1064,1071,1075_4,1102_8
2000-01-28 03:00:00,894_91,961_22,983_84,985_36,1001_9,455_27,1052_3,1052_8,1053_7,1059_8,1060_8,1067_8,1072_2,1099_4
2000-01-28 04:00:00,891_31,957_77,980_64,982_16,998_74,453_81,1049_1,1049_7,1050_5,1056_7,1057_7,1064_7,1069_1,1096
2000-01-28 05:00:00,887_67,954_3,977_42,978_95,995_56,452_34,1046,1046_5,1047_4,1053_5,1054_5,1061_6,1066,1092_6
2000-01-28 06:00:00,884,950_81,974_17,975_7,992_38,450_86,1042_9,1043_4,1044_3,1050_4,1051_4,1058_5,1062_9,1089_3
2000-01-28 07:00:00,880_3,947_28,970_92,972_45,989_19,449_36,1039_7,1040_3,1041_1,1047_3,1048_3,1055_4,1059_8,1086
2000-01-28 08:00:00,876_6,943_73,967_66,969_2,985_99,447_86,1036_6,1037_1,1038,1044_1,1045_2,1052_3,1056_7,1082_7
2000-01-28 09:00:00,872_91,940_16,964_4,965_94,982_78,446_34,1033_4,1034,1034_9,1041,1042,1049_3,1053_6,1079_5
2000-01-28 10:00:00,869_25,936_58,961_15,962_69,979_58,444_81,1030_3,1030_9,1031_7,1037_9,1038_9,1046_2,1050_6,1076_2
2000-01-28 11:00:00,865_63,932_99,957_88,959_44,976_38,443_27,1027_2,1027_7,1028_6,1034_7,1035_8,1043_1,1047_5,1073_1
2000-01-28 12:00:00,862_05,929_39,954_57,956_14,973_17,441_72,1024,1024_6,1025_5,1031_6,1032_6,1040,1044_4,1069_9
2000-01-28 13:00:00,858_54,925_8,951_22,952_8,969_97,440_16,1020_9,1021_4,1022_3,1028_5,1029_5,1036_9,1041_3,1066_7
2000-01-28 14:00:00,855_1,922_19,947_86,949_46,966_74,438_59,1017_7,1018_3,1019_2,1025_3,1026_4,1033_8,1038_2,1063_6
2000-01-28 15:00:00,851_73,918_61,944_48,946_1,963_48,437,1014_6,1015_2,1016,1022_2,1023_2,1030_6,1035_1,1060_5
2000-01-28 16:00:00,848_43,915_07,941_14,942_76,960_2,435_39,1011_4,1012,1012_9,1019,1020_1,1027_5,1032,1057_4
2000-01-28 17:00:00,845_22,911_56,937_79,939_41,956_92,433_75,1008_3,1008_8,1009_7,1015_9,1016_9,1024_3,1028_8,1054_3
2000-01-28 18:00:00,842_08,908_09,934_45,936_08,953_64,432_11,1005_1,1005_6,1006_6,1012_7,1013_7,1021_2,1025_6,1051_2
2000-01-28 19:00:00,838_95,904_67,931_11,932_74,950_36,430_44,1001_9,1002_5,1003_4,1009_5,1010_6,1018,1022_5,1048_1
2000-01-28 20:00:00,835_86,901_29,927_76,929_39,947_07,428_76,998_69,999_26,1000_2,1006_4,1007_4,1014_9,1019_3,1045
2000-01-28 21:00:00,832_83,897_91,924_41,926_05,943_82,427_07,995_49,996_07,997,1003_2,1004_2,1011_8,1016_2,1042
2000-01-28 22:00:00,829_87,894_57,921_08,922_72,940_56,425_37,992_3,992_88,993_82,1000,1001,1008_6,1013_1,1038_9
2000-01-28 23:00:00,827,891_27,917_76,919_4,937_29,423_66,989_11,989_69,990_64,996_83,997_87,1005_5,1010,1035_8
2000-01-29 00:00:00,824_19,888_03,914_49,916_12,934_03,421_94,985_93,986_51,987_47,993_67,994_7,1002_4,1006_9,1032_8
2000-01-29 01:00:00,821_45,884_85,911_25,912_88,930_78,420_22,982_75,983_34,984_3,990_5,991_53,999_27,1003_8,1029_8
2000-01-29 02:00:00,818_77,881_72,908_02,909_65,927_56,418_49,979_58,980_17,981_13,987_34,988_36,996_12,1000_6,1026_7
2000-01-29 03:00:00,816_15,878_64,904_82,906_44,924_35,416_75,976_42,977_01,977_97,984_18,985_2,992_97,997_54,1023_7
2000-01-29 04:00:00,813_58,875_63,901_64,903_26,921_16,415_01,973_27,973_86,974_83,981_03,982_05,989_83,994_42,1020_6
2000-01-29 05:00:00,811_06,872_66,898_5,900_1,917_96,413_26,970_14,970_73,971_7,977_9,978_9,986_69,991_31,1017_6
2000-01-29 06:00:00,808_62,869_75,895_41,896_99,914_78,411_5,967_01,967_6,968_58,974_78,975_78,983_56,988_21,1014_5
2000-01-29 07:00:00,806_25,866_9,892_35,893_91,911_61,409_75,963_9,964_5,965_48,971_68,972_66,980_45,985_12,1011_4
2000-01-29 08:00:00,803_98,864_1,889_34,890_86,908_46,408,960_81,961_4,962_39,968_59,969_56,977_34,982_04,1008_3
2000-01-29 09:00:00,801_8,861_38,886_37,887_87,905_36,406_26,957_73,958_32,959_31,965_51,966_47,974_24,978_97,1005_2
2000-01-29 10:00:00,799_72,858_73,883_46,884_93,902_33,404_53,954_68,955_27,956_26,962_46,963_41,971_16,975_92,1002_1
2000-01-29 11:00:00,797_76,856_16,880_61,882_06,899_35,402_82,951_66,952_25,953_24,959_43,960_37,968_11,972_88,999_02
2000-01-29 12:00:00,795_91,853_67,877_83,879_25,896_44,401_14,948_68,949_27,950_26,956_44,957_36,965_07,969_87,995_94
2000-01-29 13:00:00,794_15,851_27,875_12,876_51,893_59,399_48,945_76,946_34,947_32,953_5,954_4,962_07,966_9,992_87
2000-01-29 14:00:00,792_38,848_96,872_48,873_84,890_8,397_86,942_88,943_45,944_43,950_59,951_48,959_11,963_97,989_83
2000-01-29 15:00:00,790_93,846_68,869_91,871_24,888_08,396_27,940_05,940_62,941_58,947_74,948_61,956_19,961_07,986_8
2000-01-29 16:00:00,789_47,844_56,867_41,868_71,885_42,394_72,937_27,937_84,938_8,944_94,945_79,953_32,958_23,983_8
2000-01-29 17:00:00,788_13,842_52,864_98,866_25,882_84,393_21,934_56,935_12,936_07,942_2,943_03,950_5,955_43,980_82
2000-01-29 18:00:00,786_87,840_58,862_62,863_86,880_31,391_73,931_91,932_46,933_4,939_51,940_32,947_73,952_69,977_88
2000-01-29 19:00:00,785_7,838_72,860_35,861_55,877_85,390_31,929_32,929_86,930_79,936_89,937_68,945_03,950,974_96
2000-01-29 20:00:00,784_61,836_95,858_15,859_32,875_48,388_92,926_79,927_32,928_24,934_33,935_1,942_37,947_36,972_07
2000-01-29 21:00:00,783_59,835_26,856_02,857_16,873_17,387_59,924_32,924_85,925_76,931_82,932_57,939_78,944_78,969_23
2000-01-29 22:00:00,782_63,833_64,853_97,855_08,870_94,386_3,921_92,922_44,923_34,929_39,930_12,937_26,942_28,966_43
2000-01-29 23:00:00,781_74,832_11,851_99,853_07,868_78,385_03,919_59,920_1,920_98,927_01,927_73,934_81,939_85,963_68
2000-01-30 00:00:00,780_91,830_65,850_09,851_13,866_69,383_76,917_32,917_82,918_69,924_71,925_4,932_42,937_47,960_98
2000-01-30 01:00:00,780_13,829_26,848_26,849_27,864_67,382_54,915_11,915_6,916_46,922_47,923_15,930_09,935_12,958_32
2000-01-30 02:00:00,779_41,827_94,846_5,847_48,862_72,381_36,912_98,913_46,914_31,920_3,920_96,927_81,932_82,955_7
2000-01-30 03:00:00,778_73,826_68,844_8,845_76,860_84,380_23,910_91,911_38,912_22,918_19,918_83,925_6,930_6,953_1
2000-01-30 04:00:00,778_09,825_49,843_18,844_1,859_03,379_15,908_91,909_37,910_19,916_15,916_78,923_46,928_42,950_56
2000-01-30 05:00:00,777_47,824_36,841_62,842_52,857_29,378_12,906_97,907_42,908_23,914_17,914_78,921_36,926_26,948_06
2000-01-30 06:00:00,776_87,823_29,840_13,841,855_61,377_13,905_1,905_54,906_34,912_26,912_86,919_32,924_15,945_61
2000-01-30 07:00:00,776_26,822_27,838_7,839_54,854,376_18,903_29,903_72,904_5,910_41,910_99,917_33,922_09,943_21
2000-01-30 08:00:00,775_62,821_29,837_34,838_15,852_46,375_28,901_55,901_97,902_73,908_62,909_18,915_4,920_08,940_85
2000-01-30 09:00:00,774_94,820_34,836_03,836_81,850_97,374_41,899_86,900_27,901_02,906_89,907_43,913_54,918_12,938_53
2000-01-30 10:00:00,774_22,819_41,834_77,835_53,849_54,373_59,898_23,898_63,899_36,905_21,905_74,911_73,916_21,936_25
2000-01-30 11:00:00,773_44,818_48,833_56,834_3,848_17,372_81,896_66,897_05,897_77,903_6,904_11,909_96,914_35,934_02
2000-01-30 12:00:00,772_61,817_57,832_4,833_11,846_85,372_07,895_13,895_51,896_22,902_03,902_53,908_25,912_55,931_83
2000-01-30 13:00:00,771_72,816_64,831_27,831_96,845_58,371_36,893_64,894_02,894_71,900_51,900_99,906_59,910_79,929_68
2000-01-30 14:00:00,770_8,815_71,830_16,830_84,844_36,370_69,892_21,892_57,893_25,899_04,899_5,904_98,909_07,927_59
2000-01-30 15:00:00,769_83,814_77,829_07,829_74,843_16,370_05,890_81,891_17,891_84,897_6,898_06,903_4,907_4,925_54
2000-01-30 16:00:00,768_81,813_81,828_01,828_66,842,369_42,889_46,889_81,890_47,896_21,896_65,901_87,905_77,923_53
2000-01-30 17:00:00,767_74,812_84,826_97,827_61,840_86,368_83,888_14,888_49,889_13,894_86,895_29,900_39,904_2,921_57
2000-01-30 18:00:00,766_62,811_84,825_93,826_56,839_75,368_26,886_86,887_2,887_83,893_55,893_96,898_95,902_66,919_66
2000-01-30 19:00:00,765_46,810_82,824_9,825_52,838_66,367_71,885_61,885_95,886_57,892_27,892_67,897_54,901_17,917_8
2000-01-30 20:00:00,764_25,809_77,823_88,824_49,837_59,367_18,884_4,884_73,885_34,891_03,891_42,896_18,899_72,915_98
2000-01-30 21:00:00,763,808_69,822_85,823_46,836_53,366_68,883_22,883_54,884_15,889_82,890_2,894_86,898_31,914_2
2000-01-30 22:00:00,761_71,807_59,821_82,822_43,835_47,366_18,882_06,882_38,882_98,888_64,889_01,893_57,896_94,912_46
2000-01-30 23:00:00,760_38,806_46,820_79,821_4,834_43,365_71,880_93,881_24,881_83,887_48,887_84,892_31,895_6,910_77
2000-01-31 00:00:00,759_02,805_3,819_75,820_36,833_39,365_25,879_82,880_13,880_71,886_35,886_7,891_08,894_29,909_12
