Time [yyyy-MM-dd HH:mm:ss],Discharge at (29_A_A_ 1743_394) [m³/s],Discharge at (29_B_A_ 2002_367) [m³/s],Discharge at (29_B_B_ 761_6985) [m³/s],Discharge at (29_B_C_A_ 2020_122) [m³/s],Discharge at (31_A_A_ 273_397) [m³/s],Discharge at (31_A_A_ 820_191) [m³/s],Discharge at (31_A_B_A_A_ 1984_244) [m³/s],Discharge at (31_A_B_A_B_ 1596_558) [m³/s],Discharge at (31_A_B_B_ 3196_43) [m³/s],Discharge at (31_B_ 1768_658) [m³/s],Discharge at (51_A_A_ 3520_258) [m³/s]
1999-12-27 00:00:00,6078_3,6083_6,6083_7,5454_5,5133_9,6084_2,6084_3,4705_1,6086_8,6087_1,4681_1
1999-12-27 01:00:00,5270_2,4010_5,3921_7,3706_6,2771_7,2715_8,2515_7,2327_5,2134_3,1799,1734
1999-12-27 02:00:00,5289_1,4414_3,4358_3,4212_7,3564_9,3521_3,3359_4,3117,2805_5,2437_1,2173_8
1999-12-27 03:00:00,5303_2,4637_4,4599_1,4493_6,4017_3,3980_9,3746_2,3557_4,3312_1,2997_4,2764_5
1999-12-27 04:00:00,5312_7,4775_8,4744_5,4651_6,4222_8,4190_8,4074_7,3900_3,3671_1,3407_8,3214_5
1999-12-27 05:00:00,5318_3,4876_8,4851_5,4772_9,4419_7,4394,4301_9,4164_7,3965_2,3738_3,3577_9
1999-12-27 06:00:00,5322_2,4956_5,4935_7,4869_8,4575_9,4555_4,4482_9,4375_3,4221_3,4033_9,3898_3
1999-12-27 07:00:00,5325_4,5024_3,5007_8,4934,4699_6,4683_6,4627,4540_8,4417_8,4260_8,4144_5
1999-12-27 08:00:00,5328_1,5082_1,5069_1,4982,4792_4,4779_6,4734_1,4662_7,4559_5,4426_2,4327_7
1999-12-27 09:00:00,5330_5,5129_5,5118_9,5019_4,4863_1,4852_6,4814_9,4755_1,4667_6,4554_2,4471_8
1999-12-27 10:00:00,5332_5,5167_7,5158_9,5049_3,4919_3,4910_5,4878_7,4828_1,4753_3,4655_6,4585_8
1999-12-27 11:00:00,5334_2,5194_8,5186_9,5065_7,4973_4,4965_3,4936_2,4891_4,4824_5,4737_9,4677_5
1999-12-27 12:00:00,5335_5,5213_9,5206_9,5074_2,5027_4,5020_1,4993_1,4952_5,4890_8,4811_3,4757
1999-12-27 13:00:00,5336_8,5231_8,5225_8,5081,5073_8,5067_4,5043_2,5007_1,4951_4,4878_6,4829_8
1999-12-27 14:00:00,5337_2,5246_3,5241_1,5083_2,5109_8,5104_1,5082_3,5050_4,5000_4,4934_5,4890_3
1999-12-27 15:00:00,5337_9,5259_4,5254_8,5083_8,5138_9,5133_7,5114,5086,5041_9,4982_9,4943_4
1999-12-27 16:00:00,5338_5,5270_4,5266_4,5082_5,5163_4,5158_7,5140_6,5115_4,5076_2,5023_4,4988_2
1999-12-27 17:00:00,5339,5279_7,5276_1,5080_1,5184_3,5180,5163_5,5140_8,5105_4,5057_9,5026_3
1999-12-27 18:00:00,5339_4,5288_2,5285_1,5078_3,5200_9,5197_2,5182_6,5162_4,5130_8,5087_8,5059_1
1999-12-27 19:00:00,5339_8,5295_4,5292_6,5075_8,5215_6,5212_2,5198_8,5180_6,5152_1,5113,5087_1
1999-12-27 20:00:00,5340,5301_3,5298_7,5073,5229,5225_9,5213_6,5197,5171,5135_1,5111_2
1999-12-27 21:00:00,5340_3,5306_3,5304,5069_9,5240_7,5237_9,5226_6,5211_4,5187_5,5154_1,5131_8
1999-12-27 22:00:00,5340_5,5310_7,5308_6,5066_8,5250_9,5248_3,5237_9,5224,5202,5171,5150_3
1999-12-27 23:00:00,5340_7,5314_5,5312_6,5063_6,5259_9,5257_5,5247_9,5235_1,5214_9,5186_2,5167_1
1999-12-28 00:00:00,5340_9,5317_8,5316_1,5060_5,5267_9,5265_7,5256_8,5245,5226_5,5199_9,5182_2
1999-12-28 01:00:00,5341,5320_7,5319_1,5057_4,5274_9,5272_9,5264_7,5253_9,5236_9,5212_2,5195_9
1999-12-28 02:00:00,5341_1,5323_3,5321_9,5054_4,5281_3,5279_4,5271_8,5261_8,5246_2,5223_4,5208_3
1999-12-28 03:00:00,5341_3,5325_6,5324_3,5051_6,5286_9,5285_2,5278_2,5269,5254_7,5233_6,5219_7
1999-12-28 04:00:00,5341_4,5327_7,5326_5,5048_8,5292_1,5290_5,5284,5275_5,5262_4,5242_9,5230
1999-12-28 05:00:00,5341_5,5329_6,5328_4,5046_3,5296_8,5295_3,5289_3,5281_5,5269_5,5251_3,5239_3
1999-12-28 06:00:00,5341_5,5331_3,5330_2,5043_8,5301,5299_6,5294_1,5286_8,5275_8,5258_9,5247_9
1999-12-28 07:00:00,5341_6,5332_8,5331_8,5041_5,5304_8,5303_6,5298_4,5291_7,5281_7,5266,5255_7
1999-12-28 08:00:00,5341_7,5334_2,5333_3,5039_3,5308_3,5307_2,5302_4,5296_2,5287_1,5272_5,5263
1999-12-28 09:00:00,5341_8,5335_5,5334_6,5037_3,5311_6,5310_5,5306_1,5300_3,5292,5278_5,5269_7
1999-12-28 10:00:00,5341_8,5336_6,5335_9,5035_4,5314_5,5313_5,5309_4,5304_1,5296_6,5284,5275_9
1999-12-28 11:00:00,5341_9,5337_7,5337,5033_6,5317_2,5316_3,5312_5,5307_6,5300_7,5289_1,5281_5
1999-12-28 12:00:00,5341_9,5338_7,5338,5031_9,5319_7,5318_9,5315_4,5310_8,5304_6,5293_7,5286_6
1999-12-28 13:00:00,5342,5339_6,5339,5030_3,5322,5321_2,5318,5313_7,5308,5297_9,5291_2
1999-12-28 14:00:00,5342,5340_4,5339_8,5028_8,5324_1,5323_4,5320_3,5316_4,5311_2,5301_7,5295_5
1999-12-28 15:00:00,5342_1,5341_2,5340_6,5027_4,5326,5325_3,5322_5,5318_8,5314_1,5305_2,5299_4
1999-12-28 16:00:00,5342_1,5341_8,5341_4,5026_1,5327_8,5327_1,5324_5,5321,5316_8,5308_5,5303
1999-12-28 17:00:00,5342_1,5342_5,5342,5024_9,5329_4,5328_8,5326_3,5323_1,5319_3,5311_5,5306_3
1999-12-28 18:00:00,5342_2,5343_1,5342_6,5023_7,5330_8,5330_3,5328,5325,5321_5,5314_3,5309_4
1999-12-28 19:00:00,5342_2,5343_6,5343_2,5022_6,5332_2,5331_7,5329_5,5326_7,5323_6,5316_8,5312_2
1999-12-28 20:00:00,5342_2,5344_1,5343_7,5021_6,5333_4,5333,5330_9,5328_3,5325_6,5319_2,5314_9
1999-12-28 21:00:00,5342_2,5344_5,5344_2,5020_6,5334_6,5334_1,5332_2,5329_8,5327_3,5321_3,5317_3
1999-12-28 22:00:00,5342_3,5345,5344_6,5019_7,5335_6,5335_2,5333_5,5331_2,5329,5323_3,5319_5
1999-12-28 23:00:00,5342_3,5345_3,5345_1,5018_8,5336_6,5336_2,5334_6,5332_4,5330_5,5325_2,5321_6
1999-12-29 00:00:00,5342_3,5345_7,5345_4,5018,5337_5,5337_2,5335_6,5333_6,5331_9,5326_9,5323_5
1999-12-29 01:00:00,5342_3,5346,5345_8,5017_2,5338_4,5338,5336_6,5334_7,5333_2,5328_5,5325_3
1999-12-29 02:00:00,5342_3,5346_3,5346_1,5016_4,5339_2,5338_8,5337_5,5335_7,5334_4,5330,5327
1999-12-29 03:00:00,5342_3,5346_6,5346_4,5015_7,5339_9,5339_6,5338_3,5336_6,5335_6,5331_4,5328_5
1999-12-29 04:00:00,5342_4,5346_9,5346_7,5015_1,5340_6,5340_3,5339,5337_5,5336_6,5332_6,5330
1999-12-29 05:00:00,5342_4,5347_1,5346_9,5014_5,5341_2,5340_9,5339_8,5338_3,5337_6,5333_8,5331_3
1999-12-29 06:00:00,5342_4,5347_4,5347_2,5013_9,5341_8,5341_5,5340_4,5339,5338_5,5335,5332_6
1999-12-29 07:00:00,5342_4,5347_6,5347_4,5013_3,5342_3,5342,5341,5339_7,5339_3,5336,5333_7
1999-12-29 08:00:00,5342_4,5347_8,5347_6,5012_8,5342_8,5342_6,5341_6,5340_4,5340_1,5337,5334_8
1999-12-29 09:00:00,5342_4,5347_9,5347_8,5012_3,5343_3,5343,5342_1,5341,5340_8,5337_9,5335_9
1999-12-29 10:00:00,5342_4,5348_1,5348,5011_8,5343_7,5343_5,5342_6,5341_5,5341_5,5338_7,5336_8
1999-12-29 11:00:00,5342_4,5348_3,5348_1,5011_4,5344_1,5343_9,5343_1,5342_1,5342_2,5339_5,5337_7
1999-12-29 12:00:00,5342_4,5348_4,5348_3,5010_9,5344_5,5344_3,5343_6,5342_6,5342_8,5340_3,5338_6
1999-12-29 13:00:00,5342_4,5348_6,5348_4,5010_5,5344_9,5344_7,5344,5343,5343_4,5341,5339_4
1999-12-29 14:00:00,5342_5,5348_7,5348_6,5010_2,5345_2,5345,5344_3,5343_5,5343_9,5341_6,5340_1
1999-12-29 15:00:00,5342_5,5348_8,5348_7,5009_8,5345_5,5345_4,5344_7,5343_9,5344_4,5342_3,5340_8
1999-12-29 16:00:00,5342_5,5348_9,5348_8,5009_4,5345_8,5345_7,5345,5344_3,5344_9,5342_8,5341_5
1999-12-29 17:00:00,5342_5,5349,5348_9,5009_1,5346_1,5345_9,5345_4,5344_6,5345_3,5343_4,5342_1
1999-12-29 18:00:00,5342_5,5349_1,5349,5008_8,5346_3,5346_2,5345_7,5345,5345_7,5343_9,5342_6
1999-12-29 19:00:00,5342_5,5349_2,5349_1,5008_5,5346_6,5346_5,5345_9,5345_3,5346_1,5344_4,5343_2
1999-12-29 20:00:00,5342_5,5349_3,5349_2,5008_2,5346_8,5346_7,5346_2,5345_6,5346_5,5344_8,5343_7
1999-12-29 21:00:00,5342_5,5349_4,5349_3,5008,5347,5346_9,5346_5,5345_9,5346_8,5345_3,5344_2
1999-12-29 22:00:00,5342_5,5349_5,5349_4,5007_7,5347_2,5347_1,5346_7,5346_1,5347_1,5345_7,5344_6
1999-12-29 23:00:00,5342_5,5349_5,5349_5,5007_5,5347_4,5347_3,5346_9,5346_4,5347_4,5346,5345_1
1999-12-30 00:00:00,5342_5,5349_6,5349_5,5007_3,5347_6,5347_5,5347_1,5346_6,5347_7,5346_4,5345_5
1999-12-30 01:00:00,5342_5,5349_7,5349_6,5007,5347_8,5347_7,5347_3,5346_8,5348,5346_7,5345_9
1999-12-30 02:00:00,5342_5,5349_7,5349_7,5006_8,5347_9,5347_8,5347_5,5347,5348_2,5347,5346_2
1999-12-30 03:00:00,5342_5,5349_8,5349_7,5006_6,5348_1,5348,5347_7,5347_2,5348_5,5347_3,5346_6
1999-12-30 04:00:00,5342_5,5349_8,5349_8,5006_5,5348_2,5348_1,5347_8,5347_4,5348_7,5347_6,5346_9
1999-12-30 05:00:00,5342_5,5349_9,5349_8,5006_3,5348_4,5348_3,5348,5347_6,5348_9,5347_9,5347_2
1999-12-30 06:00:00,5342_5,5349_9,5349_9,5006_1,5348_5,5348_4,5348_1,5347_8,5349_1,5348_2,5347_5
1999-12-30 07:00:00,5342_5,5350,5349_9,5006,5348_6,5348_5,5348_3,5347_9,5349_3,5348_4,5347_8
1999-12-30 08:00:00,5342_5,5350,5350,5005_8,5348_7,5348_7,5348_4,5348_1,5349_5,5348_6,5348
1999-12-30 09:00:00,5342_5,5350_1,5350,5005_7,5348_8,5348_8,5348_5,5348_2,5349_7,5348_9,5348_3
1999-12-30 10:00:00,5342_5,5350_1,5350_1,5005_5,5348_9,5348_9,5348_6,5348_3,5349_9,5349_1,5348_5
1999-12-30 11:00:00,5342_5,5350_2,5350_1,5005_4,5349,5349,5348_8,5348_5,5350,5349_3,5348_7
1999-12-30 12:00:00,5342_5,5350_2,5350_2,5005_3,5349_1,5349_1,5348_9,5348_6,5350_2,5349_5,5349
1999-12-30 13:00:00,5342_5,5350_2,5350_2,5005_2,5349_2,5349_2,5349,5348_7,5350_4,5350,5349_8
1999-12-30 14:00:00,5342_5,5350_3,5350_2,5005_1,5349_4,5349_3,5349_2,5349,5350_8,5350_3,5350
1999-12-30 15:00:00,5342_5,5350_3,5350_3,5005,5349_5,5349_5,5349_3,5349_1,5350_9,5350_3,5349_9
1999-12-30 16:00:00,5342_5,5350_4,5350_3,5004_9,5349_6,5349_6,5349_4,5349_2,5350_9,5350_4,5350
1999-12-30 17:00:00,5342_5,5350_4,5350_4,5004_9,5349_6,5349_6,5349_5,5349_3,5351,5350_4,5350
1999-12-30 18:00:00,5342_5,5350_4,5350_4,5004_8,5349_7,5349_6,5349_5,5349_3,5351,5350_5,5350_1
1999-12-30 19:00:00,5342_5,5350_4,5350_4,5004_7,5349_7,5349_7,5349_5,5349_4,5351_1,5350_6,5350_2
1999-12-30 20:00:00,5342_5,5350_4,5350_4,5004_6,5349_8,5349_7,5349_6,5349_4,5351_1,5350_7,5350_3
1999-12-30 21:00:00,5342_5,5350_5,5350_4,5004_5,5349_8,5349_8,5349_6,5349_5,5351_2,5350_7,5350_4
1999-12-30 22:00:00,5342_5,5350_5,5350_5,5004_4,5349_8,5349_8,5349_7,5349_5,5351_3,5350_8,5350_5
1999-12-30 23:00:00,5342_5,5350_5,5350_5,5004_4,5349_9,5349_9,5349_7,5349_6,5351_4,5350_9,5350_6
1999-12-31 00:00:00,5342_6,5350_5,5350_5,5004_3,5349_9,5349_9,5349_8,5349_6,5351_4,5351,5350_7
1999-12-31 01:00:00,5342_6,5350_5,5350_5,5004_2,5350,5349_9,5349_8,5349_7,5351_5,5351_1,5350_8
1999-12-31 02:00:00,5342_6,5350_5,5350_5,5004_1,5350,5350,5349_9,5349_7,5351_6,5351_2,5350_9
1999-12-31 03:00:00,5342_6,5350_5,5350_5,5004_1,5350,5350,5349_9,5349_8,5351_6,5351_3,5351
1999-12-31 04:00:00,5342_6,5350_6,5350_5,5004,5350_1,5350_1,5350,5349_8,5351_7,5351_4,5351_1
1999-12-31 05:00:00,5342_6,5350_6,5350_6,5004,5350_1,5350_1,5350,5349_9,5351_7,5351_4,5351_2
1999-12-31 06:00:00,5342_6,5350_6,5350_6,5003_9,5350_1,5350_1,5350,5349_9,5351_8,5351_5,5351_3
1999-12-31 07:00:00,5342_6,5350_6,5350_6,5003_9,5350_2,5350_2,5350_1,5350,5351_9,5351_6,5351_4
1999-12-31 08:00:00,5342_6,5350_6,5350_6,5003_8,5350_2,5350_2,5350_1,5350,5351_9,5351_7,5351_5
1999-12-31 09:00:00,5342_6,5350_6,5350_6,5003_8,5350_2,5350_2,5350_2,5350_1,5352,5351_7,5351_5
1999-12-31 10:00:00,5342_6,5350_6,5350_6,5003_7,5350_3,5350_3,5350_2,5350_1,5352,5351_8,5351_6
1999-12-31 11:00:00,5342_6,5350_6,5350_6,5003_7,5350_3,5350_3,5350_2,5350_1,5352_1,5351_8,5351_7
1999-12-31 12:00:00,5342_6,5350_7,5350_6,5003_7,5350_3,5350_3,5350_3,5350_2,5352_1,5351_9,5351_7
1999-12-31 13:00:00,5342_6,5350_7,5350_7,5003_6,5350_4,5350_3,5350_3,5350_2,5352_2,5351_9,5351_8
1999-12-31 14:00:00,5342_6,5350_7,5350_7,5003_6,5350_4,5350_4,5350_3,5350_2,5352_2,5352,5351_9
1999-12-31 15:00:00,5342_6,5350_7,5350_7,5003_6,5350_4,5350_4,5350_3,5350_3,5352_2,5352,5351_9
1999-12-31 16:00:00,5342_6,5350_7,5350_7,5003_5,5350_4,5350_4,5350_4,5350_3,5352_3,5352_1,5352
1999-12-31 17:00:00,5342_6,5350_7,5350_7,5003_5,5350_5,5350_4,5350_4,5350_3,5352_3,5352_1,5352
1999-12-31 18:00:00,5342_6,5350_7,5350_7,5003_5,5350_5,5350_5,5350_4,5350_4,5352_3,5352_2,5352_1
1999-12-31 19:00:00,5342_6,5350_7,5350_7,5003_5,5350_5,5350_5,5350_4,5350_4,5352_4,5352_2,5352_1
1999-12-31 20:00:00,5342_6,5350_7,5350_7,5003_4,5350_5,5350_5,5350_5,5350_4,5352_4,5352_3,5352_2
1999-12-31 21:00:00,5342_6,5350_7,5350_7,5003_4,5350_5,5350_5,5350_5,5350_4,5352_4,5352_3,5352_2
1999-12-31 22:00:00,5342_6,5350_7,5350_7,5003_4,5350_5,5350_5,5350_5,5350_5,5352_4,5352_3,5352_2
1999-12-31 23:00:00,5342_6,5350_7,5350_7,5003_4,5350_6,5350_6,5350_5,5350_5,5352_5,5352_4,5352_3
2000-01-01 00:00:00,5342_6,5350_7,5350_7,5003_4,5350_6,5350_6,5350_5,5350_5,5352_5,5352_4,5352_3
2000-01-01 01:00:00,5336_4,5350_2,5350_2,5003_1,5350_6,5350_6,5350_5,5350_5,5352_5,5352_3,5352_2
2000-01-01 02:00:00,5329_6,5347_6,5347_7,5001_7,5349_8,5349_9,5350,5350_1,5352_3,5352_2,5352_1
2000-01-01 03:00:00,5322_8,5343_8,5344_1,4999_5,5348_1,5348_2,5348_6,5348_9,5351_5,5351_7,5351_7
2000-01-01 04:00:00,5316,5339_4,5339_7,4996_9,5345_5,5345_7,5346_4,5347,5350,5350_6,5350_8
2000-01-01 05:00:00,5309_1,5334_5,5334_9,4994_2,5342_3,5342_6,5343_5,5344_4,5347_8,5348_9,5349_3
2000-01-01 06:00:00,5302_2,5329_3,5329_8,4991_4,5338_6,5338_9,5340_1,5341_2,5345_1,5346_6,5347_2
2000-01-01 07:00:00,5295_2,5324,5324_5,4988_5,5334_5,5334_9,5336_2,5337_6,5341_9,5343_8,5344_6
2000-01-01 08:00:00,5288_3,5318_4,5319,4985_7,5330_1,5330_5,5332,5333_6,5338_3,5340_5,5341_6
2000-01-01 09:00:00,5281_3,5312_7,5313_3,4982_8,5325_4,5325_8,5327_5,5329_2,5334_3,5336_9,5338_2
2000-01-01 10:00:00,5274_4,5307,5307_6,4980,5320_5,5320_9,5322_7,5324_6,5330,5332_9,5334_4
2000-01-01 11:00:00,5267_4,5301_1,5301_7,4977_2,5315_3,5315_8,5317_8,5319_8,5325_5,5328_7,5330_4
2000-01-01 12:00:00,5260_5,5295_2,5295_8,4974_3,5310_1,5310_6,5312_6,5314_8,5320_8,5324_2,5326
2000-01-01 13:00:00,5253_5,5289_1,5289_8,4971_5,5304_6,5305_2,5307_3,5309_6,5315_8,5319_5,5321_5
2000-01-01 14:00:00,5246_5,5283_1,5283_8,4968_7,5299_1,5299_7,5301_9,5304_3,5310_7,5314_6,5316_7
2000-01-01 15:00:00,5239_5,5277,5277_7,4966,5293_4,5294,5296_3,5298_8,5305_5,5309_6,5311_8
2000-01-01 16:00:00,5232_6,5270_8,5271_6,4963_2,5287_7,5288_3,5290_7,5293_3,5300_1,5304_4,5306_8
2000-01-01 17:00:00,5225_6,5264_7,5265_4,4960_4,5281_9,5282_5,5285,5287_6,5294_7,5299_1,5301_6
2000-01-01 18:00:00,5218_6,5258_5,5259_2,4957_7,5276,5276_7,5279_2,5281_9,5289_1,5293_7,5296_2
2000-01-01 19:00:00,5211_6,5252_2,5253,4954_9,5270_1,5270_8,5273_3,5276_1,5283_4,5288_2,5290_8
2000-01-01 20:00:00,5204_6,5246,5246_8,4952_2,5264_1,5264_8,5267_4,5270_2,5277_7,5282_6,5285_3
2000-01-01 21:00:00,5197_7,5239_7,5240_5,4949_4,5258_1,5258_8,5261_4,5264_3,5271_9,5276_9,5279_7
2000-01-01 22:00:00,5190_7,5233_4,5234_2,4946_7,5252,5252_7,5255_4,5258_3,5266_1,5271_2,5274
2000-01-01 23:00:00,5183_7,5227_1,5227_9,4943_9,5245_9,5246_6,5249_3,5252_3,5260_2,5265_4,5268_3
2000-01-02 00:00:00,5176_7,5220_8,5221_6,4941_2,5239_8,5240_5,5243_2,5246_2,5254_3,5259_6,5262_5
2000-01-02 01:00:00,5185_9,5216_2,5216_8,4939_1,5233_7,5234_4,5237_1,5240_2,5248_3,5253_7,5256_7
2000-01-02 02:00:00,5196_5,5217_2,5217_5,4940_6,5229_7,5230_2,5232_5,5235_2,5242_9,5248_1,5251_1
2000-01-02 03:00:00,5207_4,5221_2,5221_3,4944_1,5228_3,5228_7,5230_3,5232_3,5239_2,5243_6,5246_2
2000-01-02 04:00:00,5218_3,5227_1,5227,4948_6,5229_1,5229_3,5230_2,5231_5,5237_3,5240_7,5242_9
2000-01-02 05:00:00,5229_4,5234_1,5233_8,4953_6,5231_6,5231_6,5231_9,5232_5,5237_3,5239_5,5241_1
2000-01-02 06:00:00,5240_5,5241_9,5241_4,4958_8,5235_5,5235_4,5235,5235,5238_7,5239_9,5240_9
2000-01-02 07:00:00,5251_7,5250_3,5249_7,4964_2,5240_5,5240_2,5239_3,5238_7,5241_4,5241_6,5242
2000-01-02 08:00:00,5262_9,5259_2,5258_5,4969_6,5246_3,5246,5244_6,5243_4,5245_3,5244_4,5244_3
2000-01-02 09:00:00,5274_1,5268_5,5267_7,4975_1,5253,5252_5,5250_7,5249,5250_1,5248_3,5247_7
2000-01-02 10:00:00,5285_3,5278_1,5277_2,4980_5,5260_2,5259_7,5257_5,5255_4,5255_7,5253_1,5252
2000-01-02 11:00:00,5296_5,5287_9,5286_9,4985_8,5268,5267_4,5264_9,5262_4,5262_1,5258_7,5257_1
2000-01-02 12:00:00,5307_7,5297_9,5296_9,4991_1,5276_3,5275_5,5272_8,5269_9,5269,5264_9,5263
2000-01-02 13:00:00,5319,5308_2,5307_1,4996_4,5284_9,5284_1,5281_1,5277_8,5276_4,5271_7,5269_4
2000-01-02 14:00:00,5330_3,5318_5,5317_3,5001_4,5293_8,5293,5289_7,5286_2,5284_3,5279,5276_3
2000-01-02 15:00:00,5341_5,5328_9,5327_7,5006_3,5303,5302_1,5298_6,5294_9,5292_5,5286_7,5283_7
2000-01-02 16:00:00,5352_8,5339_4,5338_2,5011_2,5312_4,5311_4,5307_7,5303_8,5301_1,5294_8,5291_4
2000-01-02 17:00:00,5364_1,5350_1,5348_9,5016,5322,5321,5317_2,5313,5309_9,5303_2,5299_5
2000-01-02 18:00:00,5375_3,5360_9,5359_6,5020_7,5331_9,5330_8,5326_8,5322_4,5319,5311_8,5308
2000-01-02 19:00:00,5386_6,5371_7,5370_4,5025_4,5341_9,5340_8,5336_6,5332_1,5328_4,5320_8,5316_7
2000-01-02 20:00:00,5397_9,5382_6,5381_3,5030,5352_1,5350_9,5346_6,5341_9,5337_9,5330,5325_6
2000-01-02 21:00:00,5409_2,5393_6,5392_2,5034_5,5362_3,5361_2,5356_7,5351_9,5347_6,5339_4,5334_8
2000-01-02 22:00:00,5420_5,5404_6,5403_2,5038_9,5372_7,5371_5,5367,5362,5357_5,5348_9,5344_2
2000-01-02 23:00:00,5431_8,5415_6,5414_2,5043_2,5383_2,5382,5377_3,5372_3,5367_5,5358_7,5353_7
2000-01-03 00:00:00,5443_1,5426_7,5425_2,5047_5,5393_8,5392_5,5387_8,5382_6,5377_7,5368_5,5363_4
2000-01-03 01:00:00,5434_7,5435_5,5434_2,5050_8,5404_3,5403,5398_3,5393,5387_9,5378_5,5373_3
2000-01-03 02:00:00,5424_5,5437_2,5436_4,5049_8,5412_3,5411_3,5407_1,5402_3,5397_5,5388_4,5383_1
2000-01-03 03:00:00,5414,5435_1,5434_6,5046_6,5417_1,5416_3,5412_9,5408_9,5405_1,5396_8,5391_9
2000-01-03 04:00:00,5403_4,5430_7,5430_5,5042_1,5419_1,5418_5,5416,5412_8,5410_3,5403_3,5398_9
2000-01-03 05:00:00,5392_7,5424_8,5424_8,5037_2,5418_9,5418_5,5416_8,5414_6,5413_4,5407_7,5404
2000-01-03 06:00:00,5381_9,5417_9,5418,5032,5416_9,5416_7,5415_8,5414_4,5414_5,5410_2,5407_2
2000-01-03 07:00:00,5371,5410_2,5410_5,5026_7,5413_6,5413_6,5413_3,5412_7,5413_9,5410_9,5408_7
2000-01-03 08:00:00,5360_1,5401_9,5402_4,5021_4,5409_1,5409_2,5409_6,5409_6,5411_9,5410_2,5408_7
2000-01-03 09:00:00,5349_2,5393_2,5393_8,5016_2,5403_6,5403_9,5404_8,5405_4,5408_7,5408_2,5407_3
2000-01-03 10:00:00,5338_3,5384_1,5384_8,5011,5397_4,5397_8,5399_2,5400_3,5404_5,5405,5404_8
2000-01-03 11:00:00,5327_3,5374_7,5375_5,5005_8,5390_5,5391,5392_8,5394_4,5399_4,5400_9,5401_2
2000-01-03 12:00:00,5316_4,5365,5365_9,5000_7,5383,5383_6,5385_8,5387_9,5393_5,5395_9,5396_8
2000-01-03 13:00:00,5305_4,5355_1,5356,4995_5,5375,5375_7,5378_2,5380_7,5387,5390_2,5391_6
2000-01-03 14:00:00,5294_4,5345,5346,4990_4,5366_6,5367_4,5370_2,5373,5379_9,5383_8,5385_6
2000-01-03 15:00:00,5283_4,5334_7,5335_8,4985_4,5357_9,5358_7,5361_8,5364_9,5372_3,5376_9,5379_1
2000-01-03 16:00:00,5272_4,5324_3,5325_5,4980_4,5348_8,5349_7,5353,5356_4,5364_3,5369_5,5372_1
2000-01-03 17:00:00,5261_3,5313_9,5315,4975_4,5339_6,5340_5,5344,5347_6,5355_9,5361_6,5364_6
2000-01-03 18:00:00,5250_3,5303_3,5304_5,4970_5,5330_1,5331,5334_7,5338_6,5347_2,5353_5,5356_7
2000-01-03 19:00:00,5239_3,5292_6,5293_9,4965_7,5320_4,5321_4,5325_2,5329_3,5338_3,5344_9,5348_5
2000-01-03 20:00:00,5228_2,5281_9,5283_2,4960_8,5310_5,5311_5,5315_5,5319_8,5329_1,5336_1,5339_9
2000-01-03 21:00:00,5217_2,5271_1,5272_4,4955_9,5300_4,5301_5,5305_6,5310_1,5319_6,5327_1,5331_1
2000-01-03 22:00:00,5206_2,5260_2,5261_6,4951_1,5290_3,5291_4,5295_6,5300_2,5310,5317_8,5322_1
2000-01-03 23:00:00,5195_1,5249_3,5250_7,4946_3,5280,5281_2,5285_5,5290_3,5300_3,5308_4,5312_8
2000-01-04 00:00:00,5184_1,5238_4,5239_8,4941_5,5269_7,5270_8,5275_3,5280_1,5290_3,5298_7,5303_4
2000-01-04 01:00:00,5182_8,5228_6,5229_9,4937_1,5259_3,5260_4,5264_9,5269_9,5280_3,5288_9,5293_7
2000-01-04 02:00:00,5182_5,5222_3,5223_4,4935,5250_2,5251_2,5255_5,5260_3,5270_5,5279_2,5284
2000-01-04 03:00:00,5182_2,5217_9,5218_8,4934_1,5242_6,5243_6,5247_5,5252,5261_8,5270_1,5274_8
2000-01-04 04:00:00,5182_1,5214_6,5215_4,4933_9,5236_4,5237_3,5240_8,5244_9,5254_1,5261_9,5266_5
2000-01-04 05:00:00,5182,5211_9,5212_7,4933_9,5231_3,5232_1,5235_2,5238_9,5247_5,5254_8,5259
2000-01-04 06:00:00,5182,5209_8,5210_4,4934_1,5226_9,5227_6,5230_4,5233_8,5241_8,5248_5,5252_4
2000-01-04 07:00:00,5181_9,5208,5208_5,4934_4,5223_2,5223_8,5226_3,5229_4,5236_9,5243,5246_7
2000-01-04 08:00:00,5181_9,5206_4,5206_9,4934_7,5220,5220_6,5222_8,5225_6,5232_6,5238_2,5241_6
2000-01-04 09:00:00,5181_9,5205_1,5205_6,4935,5217_3,5217_8,5219_8,5222_3,5228_9,5234,5237_2
2000-01-04 10:00:00,5181_9,5204,5204_4,4935_4,5214_9,5215_3,5217_2,5219_4,5225_6,5230_3,5233_3
2000-01-04 11:00:00,5181_9,5203,5203_4,4935_7,5212_8,5213_2,5214_9,5216_9,5222_8,5227_1,5229_8
2000-01-04 12:00:00,5181_9,5202_1,5202_5,4936_1,5211,5211_4,5212_9,5214_7,5220_2,5224_2,5226_7
2000-01-04 13:00:00,5181_9,5201_4,5201_7,4936_4,5209_4,5209_7,5211_1,5212_8,5218,5221_7,5224
2000-01-04 14:00:00,5182,5200_7,5200_9,4936_7,5207_9,5208_3,5209_5,5211_1,5216,5219_4,5221_5
2000-01-04 15:00:00,5182,5200_1,5200_3,4937,5206_7,5207,5208_1,5209_5,5214_2,5217_4,5219_4
2000-01-04 16:00:00,5182,5199_5,5199_7,4937_2,5205_5,5205_8,5206_9,5208_2,5212_7,5215_6,5217_4
2000-01-04 17:00:00,5182_1,5199,5199_2,4937_5,5204_5,5204_8,5205_7,5206_9,5211_2,5213_9,5215_6
2000-01-04 18:00:00,5182_1,5198_5,5198_7,4937_7,5203_6,5203_8,5204_7,5205_8,5209_9,5212_4,5214
2000-01-04 19:00:00,5182_2,5198_1,5198_3,4937_9,5202_8,5203,5203_8,5204_8,5208_8,5211_1,5212_6
2000-01-04 20:00:00,5182_2,5197_7,5197_8,4938_2,5202,5202_2,5203,5203_9,5207_7,5209_9,5211_2
2000-01-04 21:00:00,5182_3,5197_3,5197_5,4938_3,5201_3,5201_5,5202_2,5203_1,5206_7,5208_7,5210
2000-01-04 22:00:00,5182_3,5197,5197_1,4938_5,5200_7,5200_9,5201_5,5202_3,5205_9,5207_7,5208_9
2000-01-04 23:00:00,5182_4,5196_7,5196_8,4938_7,5200_1,5200_3,5200_9,5201_6,5205,5206_8,5207_9
2000-01-05 00:00:00,5182_4,5196_4,5196_5,4938_8,5199_6,5199_7,5200_3,5201,5204_3,5205_9,5206_9
2000-01-05 01:00:00,5188_8,5196_8,5196_9,4939_3,5199_1,5199_2,5199_7,5200_4,5203_6,5205_1,5206_1
2000-01-05 02:00:00,5195_8,5199_6,5199_5,4941_2,5199_5,5199_6,5199_9,5200_3,5203_2,5204_5,5205_3
2000-01-05 03:00:00,5203,5203_6,5203_4,4943_9,5201_1,5201_1,5201,5201_1,5203_6,5204_4,5205
2000-01-05 04:00:00,5210_1,5208_4,5208_1,4947,5203_6,5203_5,5203_1,5202_8,5204_8,5205,5205_4
2000-01-05 05:00:00,5217_3,5213_7,5213_3,4950_3,5206_8,5206_6,5205_9,5205_3,5206_7,5206_5,5206_5
2000-01-05 06:00:00,5224_5,5219_3,5218_9,4953_7,5210_6,5210_3,5209_4,5208_5,5209_4,5208_5,5208_3
2000-01-05 07:00:00,5231_8,5225_2,5224_7,4957_1,5214_9,5214_6,5213_4,5212_2,5212_6,5211_2,5210_7
2000-01-05 08:00:00,5239,5231_3,5230_7,4960_6,5219_6,5219_2,5217_8,5216_3,5216_3,5214_5,5213_7
2000-01-05 09:00:00,5246_2,5237_5,5236_9,4964,5224_6,5224_1,5222_5,5220_8,5220_5,5218_2,5217_1
2000-01-05 10:00:00,5253_5,5243_9,5243_2,4967_4,5229_9,5229_4,5227_6,5225_7,5224_9,5222_2,5220_9
2000-01-05 11:00:00,5260_8,5250_3,5249_6,4970_8,5235_4,5234_8,5232_9,5230_8,5229_8,5226_7,5225_1
2000-01-05 12:00:00,5268,5256_9,5256_1,4974_1,5241_1,5240_5,5238_4,5236_2,5234_8,5231_4,5229_7
2000-01-05 13:00:00,5275_3,5263_5,5262_7,4977_4,5247,5246_4,5244_2,5241_7,5240_1,5236_4,5234_5
2000-01-05 14:00:00,5282_6,5270_2,5269_4,4980_7,5253,5252_4,5250,5247_5,5245_6,5241_6,5239_5
2000-01-05 15:00:00,5289_9,5276_9,5276_1,4983_9,5259_1,5258_5,5256,5253_4,5251_3,5247,5244_7
2000-01-05 16:00:00,5297_1,5283_7,5282_9,4987_1,5265_4,5264_7,5262_2,5259_4,5257_1,5252_6,5250_2
2000-01-05 17:00:00,5304_4,5290_5,5289_7,4990_3,5271_7,5271,5268_4,5265_5,5263_1,5258_3,5255_8
2000-01-05 18:00:00,5311_7,5297_4,5296_5,4993_4,5278_2,5277_5,5274_8,5271_8,5269_2,5264_2,5261_5
2000-01-05 19:00:00,5319,5304_3,5303_4,4996_4,5284_7,5283_9,5281_2,5278_1,5275_3,5270_2,5267_4
2000-01-05 20:00:00,5326_3,5311_2,5310_3,4999_4,5291_2,5290_5,5287_7,5284_5,5281_6,5276_3,5273_3
2000-01-05 21:00:00,5333_6,5318_1,5317_2,5002_3,5297_8,5297_1,5294_2,5291,5287_9,5282_4,5279_4
2000-01-05 22:00:00,5340_9,5325,5324_1,5005_2,5304_4,5303_7,5300_7,5297_5,5294_3,5288_7,5285_5
2000-01-05 23:00:00,5348_2,5332,5331_1,5008_1,5311_1,5310_3,5307_3,5304,5300_8,5295,5291_8
2000-01-06 00:00:00,5355_5,5339,5338,5010_9,5317_8,5317_1,5314,5310_6,5307_3,5301_4,5298
2000-01-06 01:00:00,5378_3,5347_7,5346_6,5014_3,5324_7,5323_9,5320_8,5317_3,5313_8,5307_8,5304_4
2000-01-06 02:00:00,5402_6,5362,5360_6,5021_1,5333_6,5332_6,5328_9,5325,5321,5314_5,5310_9
2000-01-06 03:00:00,5427,5379_4,5377_7,5029_6,5345_1,5343_9,5339_5,5334_9,5329_9,5322_5,5318_4
2000-01-06 04:00:00,5451_7,5398_5,5396_6,5039,5358_8,5357_5,5352_3,5346_9,5340_7,5332,5327_4
2000-01-06 05:00:00,5476_3,5418_8,5416_7,5048_7,5374_3,5372_8,5366_9,5360_7,5353_3,5343_3,5338
2000-01-06 06:00:00,5501_1,5440,5437_7,5058_5,5391_2,5389_5,5382_9,5376,5367_4,5356_2,5350_1
2000-01-06 07:00:00,5525_9,5461_8,5459_3,5068_2,5409_2,5407_4,5400_2,5392_6,5382_9,5370_5,5363_7
2000-01-06 08:00:00,5550_7,5484,5481_5,5077_9,5428_2,5426_2,5418_5,5410_3,5399_6,5386,5378_5
2000-01-06 09:00:00,5575_8,5506_7,5504,5087_3,5447_9,5445_8,5437_6,5428_9,5417_2,5402_5,5394_4
2000-01-06 10:00:00,5600_8,5530,5527_2,5096_8,5468_3,5466_1,5457_4,5448_2,5435_7,5419_9,5411_2
2000-01-06 11:00:00,5625_9,5556_6,5553_5,5107_3,5489_8,5487_4,5478_2,5468_4,5455,5438_2,5428_9
2000-01-06 12:00:00,5651,5583_8,5580_7,5118_6,5514_5,5512,5501_9,5490_9,5475_9,5457_7,5447_6
2000-01-06 13:00:00,5676_1,5609_8,5606_8,5129_7,5543_1,5540_8,5531_4,5520_5,5503_1,5481_1,5469_1
2000-01-06 14:00:00,5701_1,5636_1,5633_1,5141_4,5571_3,5569_1,5559_8,5549,5531_3,5507_9,5494_8
2000-01-06 15:00:00,5726_2,5662_1,5659_2,5152_6,5597_9,5595_7,5586_4,5575_6,5557_6,5533_8,5520_5
2000-01-06 16:00:00,5751_2,5687_4,5684_3,5163,5623_8,5621_6,5612_3,5601_5,5583_5,5559_5,5545_8
2000-01-06 17:00:00,5776_2,5712_7,5709_2,5173,5648_9,5646_7,5637_5,5626_8,5608_8,5584_5,5570_6
2000-01-06 18:00:00,5801_2,5737_8,5734,5182_8,5673_8,5671_6,5662_4,5651_7,5633_6,5609_2,5595_1
2000-01-06 19:00:00,5826_1,5762_7,5758_7,5192_3,5698_5,5696_3,5687_1,5676_3,5658_2,5633_6,5619_3
2000-01-06 20:00:00,5851_1,5787_6,5783_4,5201_7,5723,5720_8,5711_6,5700_8,5682_6,5657_8,5643_3
2000-01-06 21:00:00,5876_1,5812_5,5808_3,5211,5747_6,5745_4,5736_1,5725_4,5707,5682,5667_3
2000-01-06 22:00:00,5901,5837_4,5833_2,5220_1,5772_2,5770,5760_7,5749_9,5731_5,5706_2,5691_4
2000-01-06 23:00:00,5926,5862_3,5858,5229_1,5796_8,5794_6,5785_2,5774_4,5755_9,5730_4,5715_4
2000-01-07 00:00:00,5951,5887_2,5882_9,5237_9,5821_4,5819_2,5809_8,5799,5780_3,5754_6,5739_5
2000-01-07 01:00:00,5977_7,5912_4,5908_1,5246_8,5846_1,5843_9,5834_4,5823_6,5804_8,5778_9,5763_6
2000-01-07 02:00:00,6004_5,5938_4,5934,5256,5871_2,5868_9,5859_4,5848_5,5829_5,5803_3,5787_8
2000-01-07 03:00:00,6031_3,5964_8,5960_3,5265_2,5896_7,5894_4,5884_8,5873_7,5854_6,5828,5812_3
2000-01-07 04:00:00,6058_2,5991_2,5986_7,5274_4,5922_5,5920_2,5910_5,5899_3,5879_9,5853,5837_1
2000-01-07 05:00:00,6085,6017_7,6013_2,5283_5,5948_6,5946_3,5936_5,5925_2,5905_6,5878_3,5862_1
2000-01-07 06:00:00,6111_9,6044_4,6039_8,5292_8,5974_9,5972_6,5962_7,5951_4,5931_5,5903_8,5887_5
2000-01-07 07:00:00,6138_8,6070_9,6066_3,5301_8,6001_3,5999,5989,5977_6,5957_6,5929_6,5913
2000-01-07 08:00:00,6165_6,6097_6,6093_1,5311,6027_9,6025_5,6015_4,6004,5983_8,5955_5,5938_7
2000-01-07 09:00:00,6192_2,6124_5,6119_9,5320_2,6054_5,6052_1,6042,6030_5,6010_2,5981_6,5964_6
2000-01-07 10:00:00,6219_4,6151_1,6146_5,5329_1,6081_2,6078_8,6068_7,6057_1,6036_7,6007_8,5990_6
2000-01-07 11:00:00,6246_3,6178_1,6173_6,5338_3,6107_9,6105_5,6095_3,6083_8,6063_2,6034_1,6016_8
2000-01-07 12:00:00,6273_2,6205_1,6200_5,5347_4,6134_8,6132_4,6122_2,6110_5,6089_8,6060_6,6043_1
2000-01-07 13:00:00,6300_1,6232,6227_4,5356_4,6161_7,6159_3,6149,6137_4,6116_5,6087,6069_4
2000-01-07 14:00:00,6326_9,6259,6254_4,5365_3,6188_7,6186_2,6175_9,6164_3,6143_3,6113_6,6095_9
2000-01-07 15:00:00,6353_8,6285_9,6281_3,5374_3,6215_6,6213_2,6202_9,6191_3,6170_2,6140_4,6122_3
2000-01-07 16:00:00,6380_7,6312_9,6308_3,5383_2,6242_7,6240_3,6229_9,6218_3,6197_2,6167_2,6148_8
2000-01-07 17:00:00,6407_6,6339_7,6335_1,5392,6269_7,6267_3,6257,6245_3,6224_1,6194,6175_4
2000-01-07 18:00:00,6434_5,6365_9,6361_3,5400_4,6296_4,6294,6283_7,6272_1,6250_9,6220_7,6202
2000-01-07 19:00:00,6461_3,6392_4,6387_9,5408_9,6322_9,6320_5,6310_2,6298_7,6277_5,6247_2,6228_5
2000-01-07 20:00:00,6488_2,6419_1,6414_5,5417_5,6349_5,6347_1,6336_8,6325_2,6304,6273_7,6255
2000-01-07 21:00:00,6515,6445_9,6440_9,5425_9,6376_1,6373_8,6363_4,6351_9,6330_7,6300_3,6281_7
2000-01-07 22:00:00,6541_8,6472_6,6466_5,5433_7,6402_4,6400,6389_8,6378_4,6357_3,6327,6308_4
2000-01-07 23:00:00,6568_6,6498_7,6491_5,5441_2,6428_3,6425_9,6415_8,6404_5,6383_5,6353_5,6335
2000-01-08 00:00:00,6595_5,6524_6,6516_2,5448_6,6453_7,6451_4,6441_4,6430_3,6409_5,6379_7,6361_3
2000-01-08 01:00:00,6646_8,6554_6,6544,5457_2,6479_2,6476_9,6466_9,6455_8,6435_2,6405_7,6387_5
2000-01-08 02:00:00,6700_3,6592_4,6579_2,5470_1,6508_7,6506_2,6495_5,6483_9,6462_4,6432_2,6413_7
2000-01-08 03:00:00,6754_1,6635_2,6618_3,5484_5,6541_7,6539_1,6527_8,6515_5,6492_7,6461,6441_8
2000-01-08 04:00:00,6808_2,6681_9,6661_2,5500_8,6578_7,6575_9,6563_8,6550_6,6526_1,6492_4,6472_2
2000-01-08 05:00:00,6862_5,6731_9,6706_7,5518,6618_7,6615_7,6602_8,6588_8,6562_5,6526_6,6505_2
2000-01-08 06:00:00,6916_8,6784_6,6754_8,5536,6661_6,6658_3,6644_6,6629_8,6601_6,6563_5,6540_8
2000-01-08 07:00:00,6971_2,6838_7,6804_8,5555_1,6707,6703_6,6689_1,6673_4,6643_3,6603,6578_9
2000-01-08 08:00:00,7025_6,6893,6857_5,5575_4,6754_3,6750_7,6735_5,6719_1,6687_2,6644_8,6619_5
2000-01-08 09:00:00,7080,6949_1,6915_1,5598_1,6805_4,6801_6,6785_4,6768,6733_9,6689,6662_3
2000-01-08 10:00:00,7134_4,7006_2,6973_5,5620_9,6859_2,6855_2,6838_2,6820,6783_6,6736_1,6707_8
2000-01-08 11:00:00,7188_9,7063_9,7032_6,5643_3,6914_4,6910_3,6892_5,6873_6,6835_2,6785_4,6755_5
2000-01-08 12:00:00,7243_6,7122,7092_4,5665_7,6970_9,6966_6,6948_2,6928_6,6888_4,6836_3,6805
2000-01-08 13:00:00,7298_3,7179_6,7151_5,5687_2,7028,7023_7,7004_8,6984_6,6942_7,6888_7,6856_1
2000-01-08 14:00:00,7352_9,7235_6,7209_9,5707_9,7085,7080_6,7061_4,7040_8,6997_5,6942,6908_3
2000-01-08 15:00:00,7407_4,7289_9,7267_3,5728,7142_3,7137_8,7118_1,7097_2,7052_7,6995_8,6961_2
2000-01-08 16:00:00,7461_8,7344_1,7325,5748_9,7202_1,7197_6,7177_4,7155_9,7109_7,7050_9,7015_1
2000-01-08 17:00:00,7516_3,7398_1,7381_8,5769_1,7259_8,7255_3,7234_9,7213_3,7166_2,7106_5,7070
2000-01-08 18:00:00,7570_7,7448_5,7432_4,5785_9,7314_1,7309_7,7289_7,7268_3,7221_3,7161_5,7124_6
2000-01-08 19:00:00,7625_1,7501,7485_1,5803_6,7367_1,7362_7,7342_7,7321_4,7274_4,7214_8,7177_8
2000-01-08 20:00:00,7679_5,7554_3,7538_8,5821_8,7420_4,7415_9,7396,7374_7,7327_4,7267_7,7230_6
2000-01-08 21:00:00,7734,7608_6,7594_2,5841_4,7475,7470_6,7450_4,7429,7381_1,7320_9,7283_6
2000-01-08 22:00:00,7788_4,7662,7648_9,5860_4,7529_7,7525_2,7505,7483_5,7435_2,7374_7,7337_2
2000-01-08 23:00:00,7842_7,7711_1,7698_9,5876_9,7582_5,7578_2,7558_1,7536_9,7488_8,7428_4,7390_9
2000-01-09 00:00:00,7896_9,7763_8,7751_4,5894_6,7634_7,7630_3,7610_3,7589_1,7541_1,7481,7443_6
2000-01-09 01:00:00,7951_6,7817_4,7805,5912_9,7687_7,7683_4,7663_2,7642,7593_5,7533_1,7495
2000-01-09 02:00:00,8006_7,7874_5,7861_8,5932_7,7740_4,7735_8,7714_8,7693_9,7645_7,7585_5,7547_1
2000-01-09 03:00:00,8062_7,7930_3,7917_1,5950_3,7790,7785_1,7762_8,7740_4,7693_3,7635_9,7596_5
2000-01-09 04:00:00,8118,7988_5,7974_7,5968_2,7841_7,7836_6,7813_4,7790_5,7742_5,7685_7,7642_7
2000-01-09 05:00:00,8172_9,8045_6,8031_7,5985_8,7896_4,7891_3,7867_4,7844,7794_6,7736_5,7689
2000-01-09 06:00:00,8227_7,8101_7,8087_6,6002_4,7951_2,7946,7921_7,7898,7848_1,7790,7739_4
2000-01-09 07:00:00,8282_4,8155_8,8141_7,6017_6,8005_3,8000_2,7976,7952_6,7903_6,7847_2,7793_5
2000-01-09 08:00:00,8337_3,8210_9,8196_7,6033_3,8060_4,8055_3,8031_3,8008_2,7960_5,7905_9,7847_7
2000-01-09 09:00:00,8392,8266_6,8252_5,6049_8,8116_8,8111_8,8087_8,8064_9,8018,7964_4,7901_9
2000-01-09 10:00:00,8446_8,8322_7,8308_6,6066_6,8173_6,8168_6,8144_7,8122_1,8075_7,8023_1,7956_3
2000-01-09 11:00:00,8501_5,8379,8365,6083_7,8230_7,8225_7,8201_9,8179_4,8133_6,8081_6,8011_6
2000-01-09 12:00:00,8556_3,8435_4,8421_4,6100_9,8287_8,8282_9,8259,8236_6,8190_9,8138_9,8067_5
2000-01-09 13:00:00,8611,8491_8,8477_9,6118_3,8344_8,8339_9,8316,8293_6,8247_7,8195_5,8122_5
2000-01-09 14:00:00,8665_7,8547_9,8534,6135_5,8401_5,8396_6,8372_6,8350_2,8303_9,8251_6,8177_4
2000-01-09 15:00:00,8720_3,8603_7,8589_9,6152_5,8457_7,8452_8,8428_7,8406_3,8359_7,8307_1,8232_1
2000-01-09 16:00:00,8774_9,8659_1,8645_4,6169_4,8513_6,8508_7,8484_5,8462,8415_1,8362_2,8286_6
2000-01-09 17:00:00,8829_6,8714_2,8700_6,6186_4,8571_4,8566_8,8543_5,8521_4,8471_2,8415_5,8342_9
2000-01-09 18:00:00,8884_4,8770_4,8757_2,6205_1,8631_8,8627_3,8604_5,8582_8,8531_7,8472_4,8402_5
2000-01-09 19:00:00,8939_1,8826_1,8813_1,6223_7,8689_5,8685,8662_2,8640_5,8588_7,8530_6,8462_8
2000-01-09 20:00:00,8993_9,8881_4,8868_5,6242_2,8746_9,8742_6,8720_4,8699_6,8650,8595_2,8534_2
2000-01-09 21:00:00,9048_6,8937_3,8924_6,6261_4,8805_5,8801_2,8779_6,8759_4,8711,8658_1,8603_5
2000-01-09 22:00:00,9103_4,8993_5,8981,6281_2,8864,8859_8,8838_5,8818_7,8770_7,8718_6,8668_8
2000-01-09 23:00:00,9158_3,9049_8,9037_5,6301_2,8922,8918,8897_1,8878,8826,8775_8,8731_4
2000-01-10 00:00:00,9213_1,9106_3,9094_1,6321_7,8981_4,8977_5,8957_2,8938_7,8876_6,8827_8,8788_5
2000-01-10 01:00:00,9277_8,9165_3,9153,6343_6,9040_7,9036_8,9016_8,8998_6,8926_6,8879,8840_6
2000-01-10 02:00:00,9343_1,9228_3,9215_8,6367_8,9102_3,9098_4,9078_3,9060_2,8976_4,8929_2,8891_1
2000-01-10 03:00:00,9408_2,9292_4,9279_9,6392_7,9165_7,9161_7,9141_5,9123_2,9027,8979_7,8941_7
2000-01-10 04:00:00,9473_6,9357_1,9344_5,6417_8,9229_6,9225_7,9205_3,9187,9078_3,9030_9,8992_9
2000-01-10 05:00:00,9540_1,9432_5,9419_1,6447_5,9296_7,9292_6,9271_4,9252_6,9130_5,9082_8,9044_8
2000-01-10 06:00:00,9605_9,9502_2,9489,6475_5,9368_4,9364_4,9343_4,9324_7,9184_9,9136_9,9098_8
2000-01-10 07:00:00,9671_4,9568_3,9555_3,6500_7,9436_3,9432_4,9411_9,9393_7,9236_7,9189_3,9151_9
2000-01-10 08:00:00,9736_9,9634_7,9621_8,6526_4,9504_3,9500_4,9479_9,9461_6,9290,9242_2,9205_7
2000-01-10 09:00:00,9802_5,9700_9,9688_1,6551_9,9570_3,9566_4,9545_5,9527,9350_4,9301_6,9265
2000-01-10 10:00:00,9867_9,9766_6,9753_8,6577,9637_2,9633_3,9612_9,9594_9,9409_7,9361_8,9326_3
2000-01-10 11:00:00,9933_4,9832_3,9819_7,6602_4,9704_5,9700_7,9680_6,9663,9470_4,9421_3,9387
2000-01-10 12:00:00,9998_9,9899_1,9886_5,6628_5,9772_2,9768_5,9748_7,9731_5,9532_7,9481_4,9448_2
2000-01-10 13:00:00,10064,9965_7,9953_3,6654_8,9840_3,9836_6,9817,9800_1,9596_9,9543_3,9511_1
2000-01-10 14:00:00,10130,10032,10020,6681,9908_1,9904_5,9885_2,9868_6,9662_7,9607_3,9576_2
2000-01-10 15:00:00,10196,10099,10086,6707_5,9981_1,9978,9958_6,9939_9,9729_5,9672_6,9642_5
2000-01-10 16:00:00,10258,10175,10166,6751_7,10125,10125,10121,10110,9845_4,9761_9,9724_7
2000-01-10 17:00:00,10323,10242,10234,6788,10156,10152,10135,10118,9921_3,9856_3,9823_8
2000-01-10 18:00:00,10388,10293,10285,6809_7,10227,10225,10217,10208,10024,9940_1,9902_5
2000-01-10 19:00:00,10453,10357,10348,6837_9,10271,10269,10262,10262,10472,10573,10592
2000-01-10 20:00:00,10518,10427,10420,6879_3,10387,10388,10390,10396,10476,10477,10461
2000-01-10 21:00:00,10584,10504,10498,6923_4,10455,10454,10449,10446,10430,10416,10406
2000-01-10 22:00:00,10650,10567,10561,6954_5,10505,10503,10495,10489,10436,10415,10404
2000-01-10 23:00:00,10715,10628,10620,6982_2,10556,10554,10544,10537,10463,10437,10425
2000-01-11 00:00:00,10780,10688,10680,7009_4,10610,10608,10597,10588,10500,10469,10455
2000-01-11 01:00:00,10865,10753,10744,7037_8,10666,10664,10652,10642,10543,10507,10493
2000-01-11 02:00:00,10953,10828,10818,7070_8,10730,10728,10714,10702,10593,10552,10536
2000-01-11 03:00:00,11043,10908,10897,7105_8,10801,10798,10782,10770,10653,10606,10588
2000-01-11 04:00:00,11134,10994,10982,7143_1,10877,10873,10856,10842,10719,10667,10648
2000-01-11 05:00:00,11224,11087,11074,7183_6,10960,10956,10937,10921,10792,10737,10715
2000-01-11 06:00:00,11313,11176,11162,7221_5,11044,11040,11020,11003,10874,10814,10790
2000-01-11 07:00:00,11403,11263,11250,7258_1,11128,11124,11102,11083,10959,10898,10872
2000-01-11 08:00:00,11492,11351,11337,7294_2,11212,11208,11185,11162,11048,10986,10958
2000-01-11 09:00:00,11581,11438,11424,7329_8,11296,11292,11269,11244,11134,11071,11040
2000-01-11 10:00:00,11670,11526,11512,7365_4,11381,11377,11353,11324,11218,11155,11122
2000-01-11 11:00:00,11759,11614,11599,7400_7,11465,11460,11435,11403,11304,11242,11208
2000-01-11 12:00:00,11848,11702,11687,7435_5,11549,11544,11518,11482,11392,11332,11297
2000-01-11 13:00:00,11937,11790,11775,7470,11634,11629,11603,11565,11478,11422,11387
2000-01-11 14:00:00,12026,11879,11864,7505_4,11723,11718,11691,11650,11564,11510,11476
2000-01-11 15:00:00,12116,11969,11954,7542,11813,11808,11782,11738,11652,11598,11564
2000-01-11 16:00:00,12205,12060,12045,7578_7,11902,11897,11870,11828,11742,11688,11654
2000-01-11 17:00:00,12294,12150,12135,7615,11991,11986,11959,11919,11832,11778,11745
2000-01-11 18:00:00,12384,12240,12225,7651_3,12082,12077,12050,12012,11920,11867,11835
2000-01-11 19:00:00,12473,12330,12316,7687_9,12175,12170,12143,12107,12005,11954,11922
2000-01-11 20:00:00,12562,12421,12406,7724_7,12268,12263,12235,12201,12091,12040,12010
2000-01-11 21:00:00,12651,12511,12497,7761_5,12360,12355,12328,12295,12177,12127,12097
2000-01-11 22:00:00,12741,12602,12588,7798_3,12453,12448,12420,12389,12263,12213,12183
2000-01-11 23:00:00,12830,12692,12678,7834_9,12545,12540,12511,12483,12348,12299,12269
2000-01-12 00:00:00,12919,12782,12768,7871_7,12637,12632,12603,12576,12434,12386,12356
2000-01-12 01:00:00,13026,12877,12863,7910_1,12730,12725,12696,12669,12520,12472,12443
2000-01-12 02:00:00,13134,12980,12965,7952_3,12829,12824,12794,12766,12607,12559,12529
2000-01-12 03:00:00,13242,13085,13070,7996,12932,12926,12895,12866,12698,12647,12617
2000-01-12 04:00:00,13350,13191,13176,8039_2,13034,13028,12994,12964,12794,12741,12708
2000-01-12 05:00:00,13459,13297,13281,8081_2,13135,13130,13094,13062,12894,12837,12802
2000-01-12 06:00:00,13567,13403,13387,8123_2,13238,13232,13195,13161,12996,12936,12899
2000-01-12 07:00:00,13675,13510,13493,8164_7,13341,13335,13296,13260,13100,13037,12997
2000-01-12 08:00:00,13784,13616,13600,8205_7,13444,13438,13397,13360,13206,13140,13098
2000-01-12 09:00:00,13892,13723,13706,8246_1,13547,13541,13498,13459,13313,13244,13199
2000-01-12 10:00:00,14000,13829,13812,8286,13650,13643,13598,13558,13421,13349,13302
2000-01-12 11:00:00,14109,13936,13918,8325_4,13753,13747,13701,13661,13528,13455,13406
2000-01-12 12:00:00,14217,14043,14025,8365_2,13859,13853,13807,13766,13633,13559,13511
2000-01-12 13:00:00,14325,14151,14133,8405_3,13967,13961,13914,13873,13741,13668,13620
2000-01-12 14:00:00,14434,14259,14242,8445_6,14075,14069,14022,13982,13850,13778,13731
2000-01-12 15:00:00,14542,14368,14350,8486_2,14184,14178,14131,14091,13960,13889,13842
2000-01-12 16:00:00,14651,14477,14460,8527,14294,14288,14241,14201,14071,14000,13954
2000-01-12 17:00:00,14760,14586,14569,8567_9,14404,14398,14352,14312,14183,14112,14066
2000-01-12 18:00:00,14868,14696,14678,8608_9,14514,14508,14462,14422,14294,14224,14178
2000-01-12 19:00:00,14977,14805,14788,8649_9,14624,14618,14572,14533,14405,14335,14290
2000-01-12 20:00:00,15085,14915,14897,8690_8,14734,14728,14683,14643,14516,14446,14400
2000-01-12 21:00:00,15194,15024,15007,8731_7,14844,14838,14793,14753,14626,14556,14509
2000-01-12 22:00:00,15302,15133,15116,8772_5,14954,14948,14902,14863,14735,14664,14617
2000-01-12 23:00:00,15411,15242,15225,8812_9,15063,15056,15011,14971,14843,14772,14724
2000-01-13 00:00:00,15519,15351,15334,8853_2,15171,15165,15119,15079,14950,14879,14831
2000-01-13 01:00:00,15643,15464,15446,8894_7,15280,15274,15228,15188,15058,14986,14938
2000-01-13 02:00:00,15768,15583,15565,8939_3,15395,15389,15342,15301,15168,15095,15046
2000-01-13 03:00:00,15894,15705,15687,8984_8,15514,15507,15459,15417,15282,15207,15156
2000-01-13 04:00:00,16019,15828,15809,9030_6,15634,15627,15578,15536,15397,15321,15269
2000-01-13 05:00:00,16145,15952,15933,9076_5,15755,15748,15699,15656,15514,15437,15384
2000-01-13 06:00:00,16271,16075,16056,9122_2,15877,15870,15820,15777,15633,15554,15500
2000-01-13 07:00:00,16397,16199,16180,9167_8,16000,15993,15942,15898,15752,15672,15618
2000-01-13 08:00:00,16522,16323,16304,9213_3,16123,16116,16065,16020,15872,15790,15734
2000-01-13 09:00:00,16648,16447,16428,9258_5,16245,16238,16187,16141,15991,15909,15852
2000-01-13 10:00:00,16774,16571,16551,9303_5,16368,16361,16309,16263,16111,16027,15969
2000-01-13 11:00:00,16900,16694,16675,9348_2,16491,16483,16431,16385,16230,16145,16086
2000-01-13 12:00:00,17026,16818,16798,9392_7,16613,16606,16553,16506,16350,16264,16204
2000-01-13 13:00:00,17152,16941,16922,9435_3,16736,16728,16675,16628,16472,16385,16325
2000-01-13 14:00:00,17278,17065,17045,9475_5,16858,16851,16798,16751,16594,16508,16448
2000-01-13 15:00:00,17403,17188,17168,9515_6,16982,16975,16921,16875,16718,16632,16572
2000-01-13 16:00:00,17529,17312,17292,9555_8,17107,17097,17045,16998,16842,16757,16698
2000-01-13 17:00:00,17655,17437,17418,9597,17235,17217,17165,17119,16966,16881,16823
2000-01-13 18:00:00,17781,17563,17543,9638_1,17362,17337,17286,17240,17088,17005,16947
2000-01-13 19:00:00,17907,17688,17669,9679_2,17488,17457,17406,17361,17210,17128,17071
2000-01-13 20:00:00,18033,17813,17794,9720_2,17615,17576,17526,17481,17332,17250,17193
2000-01-13 21:00:00,18159,17938,17919,9761_1,17741,17696,17645,17601,17453,17371,17315
2000-01-13 22:00:00,18285,18062,18043,9801_7,17865,17817,17766,17722,17573,17492,17437
2000-01-13 23:00:00,18411,18185,18165,9840_6,17985,17944,17893,17848,17698,17616,17560
2000-01-14 00:00:00,18537,18307,18288,9879_4,18106,18073,18021,17976,17825,17742,17686
2000-01-14 01:00:00,18588,18405,18388,9910_5,18222,18197,18147,18103,17952,17870,17814
2000-01-14 02:00:00,18632,18471,18456,9928_4,18309,18292,18247,18206,18068,17991,17937
2000-01-14 03:00:00,18675,18528,18514,9942_8,18381,18371,18330,18293,18167,18096,18046
2000-01-14 04:00:00,18717,18579,18567,9955_9,18445,18440,18402,18368,18253,18188,18142
2000-01-14 05:00:00,18759,18629,18618,9968_9,18507,18502,18468,18436,18332,18272,18229
2000-01-14 06:00:00,18801,18677,18667,9981_8,18564,18559,18528,18499,18403,18348,18308
2000-01-14 07:00:00,18843,18724,18714,9994_4,18618,18614,18584,18557,18469,18418,18381
2000-01-14 08:00:00,18885,18770,18760,10007,18669,18665,18638,18613,18531,18483,18448
2000-01-14 09:00:00,18927,18814,18806,10020,18719,18715,18689,18665,18589,18544,18511
2000-01-14 10:00:00,18969,18858,18850,10032,18767,18764,18739,18716,18645,18602,18571
2000-01-14 11:00:00,19010,18902,18894,10045,18814,18811,18787,18766,18698,18657,18628
2000-01-14 12:00:00,19052,18945,18937,10057,18860,18857,18834,18814,18749,18711,18683
2000-01-14 13:00:00,19093,18987,18980,10070,18906,18903,18881,18861,18799,18762,18735
2000-01-14 14:00:00,19135,19030,19022,10082,18950,18947,18926,18907,18848,18811,18786
2000-01-14 15:00:00,19176,19072,19064,10095,18994,18991,18970,18952,18895,18860,18835
2000-01-14 16:00:00,19218,19113,19106,10107,19037,19034,19014,18996,18941,18907,18883
2000-01-14 17:00:00,19259,19155,19148,10120,19080,19077,19058,19040,18987,18954,18930
2000-01-14 18:00:00,19300,19196,19189,10132,19123,19120,19101,19084,19032,18999,18977
2000-01-14 19:00:00,19342,19237,19231,10145,19166,19163,19144,19127,19076,19045,19023
2000-01-14 20:00:00,19383,19279,19272,10158,19208,19205,19186,19170,19120,19089,19068
2000-01-14 21:00:00,19425,19320,19313,10170,19250,19247,19228,19212,19164,19133,19112
2000-01-14 22:00:00,19466,19361,19354,10183,19291,19288,19270,19254,19207,19177,19156
2000-01-14 23:00:00,19507,19401,19395,10195,19333,19330,19312,19296,19250,19220,19200
2000-01-15 00:00:00,19549,19442,19436,10208,19375,19372,19354,19338,19292,19264,19243
2000-01-15 01:00:00,19570,19476,19471,10221,19414,19411,19395,19379,19335,19306,19286
2000-01-15 02:00:00,19589,19502,19496,10229,19446,19443,19427,19413,19373,19346,19327
2000-01-15 03:00:00,19608,19524,19519,10236,19473,19470,19456,19443,19406,19381,19363
2000-01-15 04:00:00,19626,19545,19541,10243,19497,19495,19482,19470,19436,19413,19396
2000-01-15 05:00:00,19645,19566,19562,10249,19521,19519,19506,19495,19464,19442,19427
2000-01-15 06:00:00,19664,19586,19582,10255,19543,19541,19529,19519,19490,19469,19455
2000-01-15 07:00:00,19682,19606,19602,10262,19565,19563,19551,19541,19515,19495,19481
2000-01-15 08:00:00,19701,19625,19621,10268,19586,19584,19573,19563,19539,19520,19507
2000-01-15 09:00:00,19719,19644,19640,10274,19606,19604,19594,19585,19562,19544,19531
2000-01-15 10:00:00,19738,19663,19660,10281,19626,19625,19615,19606,19584,19567,19555
2000-01-15 11:00:00,19756,19682,19678,10287,19646,19644,19635,19626,19606,19589,19578
2000-01-15 12:00:00,19775,19700,19697,10294,19666,19664,19655,19647,19627,19611,19600
2000-01-15 13:00:00,19793,19719,19716,10300,19685,19684,19675,19666,19648,19633,19622
2000-01-15 14:00:00,19811,19738,19734,10306,19704,19703,19694,19686,19668,19653,19643
2000-01-15 15:00:00,19830,19756,19753,10313,19724,19722,19713,19706,19688,19674,19664
2000-01-15 16:00:00,19848,19774,19771,10319,19742,19741,19732,19725,19708,19694,19685
2000-01-15 17:00:00,19867,19793,19790,10326,19761,19760,19751,19744,19728,19714,19705
2000-01-15 18:00:00,19885,19811,19808,10332,19780,19778,19770,19763,19748,19734,19725
2000-01-15 19:00:00,19904,19829,19826,10339,19799,19797,19789,19782,19767,19754,19745
2000-01-15 20:00:00,19922,19847,19845,10345,19817,19816,19808,19801,19786,19773,19764
2000-01-15 21:00:00,19940,19866,19863,10351,19836,19834,19826,19820,19805,19793,19784
2000-01-15 22:00:00,19959,19884,19881,10358,19854,19853,19845,19838,19824,19812,19803
2000-01-15 23:00:00,19977,19902,19899,10364,19873,19871,19863,19857,19843,19831,19822
2000-01-16 00:00:00,19996,19920,19917,10371,19891,19889,19882,19875,19862,19850,19841
2000-01-16 01:00:00,19985,19928,19926,10374,19906,19905,19899,19893,19880,19869,19860
2000-01-16 02:00:00,19972,19924,19923,10372,19910,19909,19904,19900,19892,19883,19876
2000-01-16 03:00:00,19958,19916,19915,10367,19908,19907,19904,19901,19898,19891,19885
2000-01-16 04:00:00,19945,19906,19906,10363,19903,19902,19900,19898,19899,19894,19890
2000-01-16 05:00:00,19931,19895,19895,10357,19896,19895,19894,19893,19898,19894,19891
2000-01-16 06:00:00,19917,19884,19884,10352,19887,19887,19887,19886,19894,19892,19890
2000-01-16 07:00:00,19903,19872,19873,10347,19878,19878,19878,19878,19888,19887,19886
2000-01-16 08:00:00,19889,19860,19861,10341,19867,19867,19869,19869,19881,19881,19881
2000-01-16 09:00:00,19875,19847,19848,10336,19856,19857,19858,19860,19873,19874,19875
2000-01-16 10:00:00,19861,19834,19835,10331,19845,19845,19848,19849,19864,19866,19867
2000-01-16 11:00:00,19847,19821,19823,10325,19833,19834,19836,19838,19854,19857,19859
2000-01-16 12:00:00,19833,19808,19809,10320,19821,19822,19825,19827,19844,19848,19850
2000-01-16 13:00:00,19819,19795,19796,10315,19809,19810,19813,19815,19833,19837,19840
2000-01-16 14:00:00,19805,19782,19783,10309,19796,19797,19800,19803,19822,19827,19829
2000-01-16 15:00:00,19791,19768,19770,10304,19784,19784,19788,19791,19810,19816,19819
2000-01-16 16:00:00,19776,19755,19756,10299,19771,19772,19775,19779,19799,19804,19807
2000-01-16 17:00:00,19762,19741,19743,10293,19758,19759,19763,19766,19786,19792,19796
2000-01-16 18:00:00,19748,19727,19729,10288,19745,19745,19750,19753,19774,19780,19784
2000-01-16 19:00:00,19734,19714,19715,10283,19731,19732,19736,19740,19761,19768,19772
2000-01-16 20:00:00,19720,19700,19702,10277,19718,19719,19723,19727,19749,19755,19760
2000-01-16 21:00:00,19706,19686,19688,10272,19705,19705,19710,19714,19736,19743,19747
2000-01-16 22:00:00,19692,19672,19674,10267,19691,19692,19697,19701,19723,19730,19734
2000-01-16 23:00:00,19678,19659,19660,10262,19678,19678,19683,19687,19710,19717,19721
2000-01-17 00:00:00,19663,19645,19647,10256,19664,19665,19670,19674,19696,19704,19708
2000-01-17 01:00:00,19629,19624,19626,10249,19648,19649,19655,19659,19683,19690,19695
2000-01-17 02:00:00,19593,19594,19597,10237,19624,19626,19632,19638,19665,19674,19680
2000-01-17 03:00:00,19557,19562,19566,10224,19596,19598,19606,19612,19642,19653,19660
2000-01-17 04:00:00,19520,19529,19533,10211,19566,19568,19577,19584,19617,19629,19637
2000-01-17 05:00:00,19484,19495,19499,10198,19535,19537,19546,19554,19589,19603,19611
2000-01-17 06:00:00,19447,19461,19465,10186,19503,19505,19515,19523,19560,19575,19584
2000-01-17 07:00:00,19410,19426,19431,10174,19470,19472,19483,19492,19530,19546,19556
2000-01-17 08:00:00,19374,19392,19396,10162,19437,19439,19450,19459,19499,19515,19526
2000-01-17 09:00:00,19337,19356,19361,10151,19403,19405,19416,19426,19467,19484,19495
2000-01-17 10:00:00,19300,19321,19326,10139,19369,19371,19383,19393,19435,19452,19464
2000-01-17 11:00:00,19264,19286,19291,10127,19334,19337,19348,19359,19402,19420,19432
2000-01-17 12:00:00,19227,19250,19255,10115,19300,19302,19314,19325,19368,19387,19399
2000-01-17 13:00:00,19190,19215,19219,10103,19265,19267,19279,19290,19335,19354,19366
2000-01-17 14:00:00,19154,19179,19184,10092,19230,19232,19245,19255,19301,19320,19333
2000-01-17 15:00:00,19117,19143,19148,10080,19194,19197,19210,19221,19266,19286,19299
2000-01-17 16:00:00,19080,19107,19112,10068,19159,19161,19174,19186,19232,19252,19265
2000-01-17 17:00:00,19043,19071,19076,10056,19124,19126,19139,19150,19197,19217,19231
2000-01-17 18:00:00,19007,19035,19041,10045,19088,19091,19104,19115,19162,19183,19196
2000-01-17 19:00:00,18970,18999,19005,10033,19053,19055,19068,19080,19127,19148,19162
2000-01-17 20:00:00,18933,18964,18969,10021,19017,19019,19033,19044,19092,19113,19127
2000-01-17 21:00:00,18896,18927,18933,10009,18981,18984,18997,19009,19057,19078,19092
2000-01-17 22:00:00,18860,18891,18897,9997_5,18946,18948,18961,18973,19021,19043,19057
2000-01-17 23:00:00,18823,18855,18861,9985_7,18910,18912,18926,18938,18986,19007,19022
2000-01-18 00:00:00,18786,18819,18825,9973_9,18874,18876,18890,18902,18950,18972,18987
2000-01-18 01:00:00,18721,18774,18780,9959_1,18835,18838,18852,18865,18914,18936,18951
2000-01-18 02:00:00,18653,18716,18723,9939_3,18786,18788,18805,18818,18872,18896,18912
2000-01-18 03:00:00,18585,18654,18662,9918_2,18730,18733,18751,18766,18824,18851,18868
2000-01-18 04:00:00,18517,18591,18599,9896_5,18671,18674,18693,18710,18772,18800,18819
2000-01-18 05:00:00,18448,18527,18535,9874_6,18611,18614,18634,18651,18717,18747,18767
2000-01-18 06:00:00,18380,18462,18471,9852_5,18549,18552,18573,18591,18660,18692,18712
2000-01-18 07:00:00,18311,18397,18406,9830_4,18486,18490,18511,18530,18601,18634,18656
2000-01-18 08:00:00,18242,18331,18340,9808_2,18423,18426,18449,18468,18541,18575,18598
2000-01-18 09:00:00,18174,18265,18275,9785_9,18359,18362,18385,18405,18480,18515,18538
2000-01-18 10:00:00,18105,18199,18209,9763_6,18294,18298,18321,18341,18418,18454,18478
2000-01-18 11:00:00,18037,18133,18142,9741_3,18229,18233,18256,18277,18355,18392,18416
2000-01-18 12:00:00,17968,18066,18076,9719,18164,18167,18191,18213,18291,18329,18354
2000-01-18 13:00:00,17899,17999,18009,9696_6,18098,18102,18126,18148,18228,18266,18291
2000-01-18 14:00:00,17830,17933,17942,9674_3,18032,18036,18061,18082,18163,18202,18228
2000-01-18 15:00:00,17762,17866,17876,9651_9,17966,17970,17995,18017,18099,18138,18164
2000-01-18 16:00:00,17693,17799,17809,9629_5,17900,17904,17929,17951,18034,18074,18100
2000-01-18 17:00:00,17624,17732,17742,9607_1,17834,17837,17863,17885,17969,18009,18036
2000-01-18 18:00:00,17556,17664,17675,9584_7,17767,17771,17797,17819,17904,17944,17971
2000-01-18 19:00:00,17487,17597,17607,9562_2,17701,17705,17731,17753,17838,17879,17906
2000-01-18 20:00:00,17418,17530,17540,9539_8,17634,17638,17664,17687,17772,17814,17841
2000-01-18 21:00:00,17349,17463,17473,9517_3,17567,17571,17598,17621,17706,17748,17776
2000-01-18 22:00:00,17281,17395,17406,9494_8,17501,17505,17531,17554,17641,17682,17711
2000-01-18 23:00:00,17212,17328,17338,9472_3,17434,17438,17464,17488,17574,17616,17645
2000-01-19 00:00:00,17143,17260,17271,9449_8,17367,17371,17398,17421,17508,17551,17579
2000-01-19 01:00:00,17073,17193,17203,9427_1,17300,17304,17331,17354,17442,17484,17513
2000-01-19 02:00:00,17002,17124,17134,9404_1,17232,17236,17263,17287,17375,17418,17447
2000-01-19 03:00:00,16932,17055,17065,9380_1,17163,17168,17195,17219,17308,17351,17381
2000-01-19 04:00:00,16861,16986,16996,9354_6,17095,17099,17127,17151,17240,17284,17313
2000-01-19 05:00:00,16791,16916,16927,9329_1,17026,17030,17058,17082,17172,17216,17245
2000-01-19 06:00:00,16720,16847,16858,9303_5,16957,16962,16990,17014,17104,17148,17177
2000-01-19 07:00:00,16649,16778,16789,9277_8,16888,16893,16921,16945,17035,17079,17109
2000-01-19 08:00:00,16579,16708,16719,9252_2,16819,16824,16852,16876,16967,17011,17041
2000-01-19 09:00:00,16508,16639,16650,9226_5,16750,16755,16783,16807,16898,16942,16972
2000-01-19 10:00:00,16438,16570,16580,9200_8,16681,16686,16714,16738,16829,16874,16904
2000-01-19 11:00:00,16367,16500,16511,9175,16612,16616,16645,16669,16760,16805,16835
2000-01-19 12:00:00,16296,16431,16441,9149_3,16542,16547,16576,16600,16691,16736,16766
2000-01-19 13:00:00,16226,16361,16372,9123_5,16473,16478,16506,16531,16622,16667,16697
2000-01-19 14:00:00,16155,16291,16302,9097_7,16404,16409,16437,16462,16553,16598,16628
2000-01-19 15:00:00,16085,16222,16233,9071_9,16334,16339,16368,16393,16484,16529,16560
2000-01-19 16:00:00,16014,16152,16163,9046,16265,16270,16299,16324,16416,16460,16491
2000-01-19 17:00:00,15943,16082,16093,9020_2,16196,16201,16229,16255,16347,16392,16422
2000-01-19 18:00:00,15873,16013,16024,8994_3,16126,16131,16160,16185,16278,16323,16354
2000-01-19 19:00:00,15802,15943,15954,8968_5,16057,16062,16091,16116,16209,16254,16285
2000-01-19 20:00:00,15732,15873,15884,8942_6,15987,15993,16022,16047,16140,16185,16216
2000-01-19 21:00:00,15661,15803,15814,8916_7,15918,15923,15952,15978,16071,16116,16147
2000-01-19 22:00:00,15590,15734,15745,8890_8,15848,15854,15883,15908,16002,16047,16078
2000-01-19 23:00:00,15520,15664,15675,8864_8,15779,15784,15813,15839,15933,15978,16009
2000-01-20 00:00:00,15449,15594,15605,8838_8,15709,15715,15744,15770,15863,15909,15941
2000-01-20 01:00:00,15374,15522,15534,8812_3,15639,15645,15674,15700,15794,15840,15872
2000-01-20 02:00:00,15298,15448,15460,8784_8,15567,15573,15603,15629,15724,15771,15802
2000-01-20 03:00:00,15222,15374,15386,8756_9,15494,15500,15530,15557,15653,15700,15732
2000-01-20 04:00:00,15146,15299,15311,8728_8,15420,15426,15457,15484,15581,15628,15661
2000-01-20 05:00:00,15070,15224,15236,8700_6,15346,15352,15383,15410,15508,15556,15589
2000-01-20 06:00:00,14994,15149,15161,8672_4,15272,15278,15309,15336,15435,15483,15516
2000-01-20 07:00:00,14918,15073,15085,8644_1,15197,15204,15235,15262,15362,15410,15443
2000-01-20 08:00:00,14842,14998,15010,8615_9,15123,15129,15161,15188,15288,15337,15370
2000-01-20 09:00:00,14766,14923,14935,8587_6,15048,15054,15086,15113,15214,15263,15297
2000-01-20 10:00:00,14690,14847,14859,8559_2,14972,14979,15011,15039,15140,15189,15223
2000-01-20 11:00:00,14614,14771,14783,8530_8,14897,14904,14936,14964,15065,15115,15149
2000-01-20 12:00:00,14538,14696,14708,8502_4,14822,14829,14861,14889,14991,15041,15075
2000-01-20 13:00:00,14462,14620,14632,8474,14747,14754,14786,14814,14916,14967,15001
2000-01-20 14:00:00,14386,14544,14557,8445_6,14672,14679,14711,14739,14842,14893,14928
2000-01-20 15:00:00,14310,14469,14481,8417_2,14596,14604,14636,14665,14768,14819,14854
2000-01-20 16:00:00,14234,14393,14405,8388_9,14521,14529,14561,14590,14694,14746,14781
2000-01-20 17:00:00,14158,14317,14330,8360_6,14446,14454,14487,14515,14620,14672,14707
2000-01-20 18:00:00,14082,14242,14254,8332_4,14371,14379,14412,14441,14546,14598,14634
2000-01-20 19:00:00,14006,14166,14179,8304_1,14296,14304,14337,14366,14472,14525,14560
2000-01-20 20:00:00,13930,14091,14103,8275_9,14221,14229,14262,14292,14398,14451,14487
2000-01-20 21:00:00,13854,14015,14028,8247_7,14146,14154,14188,14217,14324,14377,14414
2000-01-20 22:00:00,13778,13940,13952,8219_5,14071,14079,14113,14143,14250,14304,14341
2000-01-20 23:00:00,13702,13864,13877,8191_4,13996,14004,14038,14068,14176,14230,14267
2000-01-21 00:00:00,13626,13788,13801,8163_3,13921,13929,13964,13993,14102,14156,14193
2000-01-21 01:00:00,13563,13717,13729,8136_4,13847,13855,13889,13919,14028,14082,14119
2000-01-21 02:00:00,13501,13650,13662,8112_2,13777,13785,13818,13848,13955,14009,14046
2000-01-21 03:00:00,13440,13586,13598,8089,13710,13718,13751,13780,13885,13938,13974
2000-01-21 04:00:00,13378,13523,13534,8066_2,13645,13653,13685,13713,13817,13869,13905
2000-01-21 05:00:00,13317,13460,13471,8043_5,13581,13588,13620,13648,13750,13801,13837
2000-01-21 06:00:00,13256,13397,13409,8020_8,13517,13524,13556,13583,13684,13735,13769
2000-01-21 07:00:00,13194,13335,13346,7998_2,13453,13461,13492,13519,13619,13669,13703
2000-01-21 08:00:00,13133,13273,13284,7975_3,13390,13398,13429,13456,13554,13604,13637
2000-01-21 09:00:00,13072,13211,13222,7952_3,13328,13335,13365,13392,13490,13539,13572
2000-01-21 10:00:00,13010,13149,13160,7929_2,13265,13273,13303,13329,13426,13474,13507
2000-01-21 11:00:00,12949,13087,13098,7906_1,13203,13210,13240,13266,13362,13410,13443
2000-01-21 12:00:00,12888,13025,13036,7882_9,13140,13148,13178,13204,13299,13347,13380
2000-01-21 13:00:00,12826,12964,12975,7859_8,13078,13086,13115,13141,13236,13284,13316
2000-01-21 14:00:00,12765,12902,12913,7836_6,13017,13024,13053,13079,13174,13221,13253
2000-01-21 15:00:00,12704,12841,12852,7813_5,12955,12963,12991,13017,13111,13159,13191
2000-01-21 16:00:00,12643,12779,12790,7790_3,12893,12901,12930,12955,13049,13096,13128
2000-01-21 17:00:00,12581,12718,12729,7767_2,12832,12839,12868,12893,12987,13033,13065
2000-01-21 18:00:00,12520,12657,12667,7744,12770,12778,12806,12831,12924,12970,13002
2000-01-21 19:00:00,12459,12595,12606,7720_7,12709,12716,12743,12768,12861,12908,12939
2000-01-21 20:00:00,12398,12534,12545,7697_3,12647,12654,12681,12706,12799,12845,12876
2000-01-21 21:00:00,12336,12472,12483,7673_9,12585,12593,12619,12644,12736,12782,12812
2000-01-21 22:00:00,12275,12411,12422,7650_4,12523,12531,12557,12581,12673,12718,12748
2000-01-21 23:00:00,12214,12349,12360,7626_8,12462,12469,12494,12518,12609,12654,12684
2000-01-22 00:00:00,12153,12288,12298,7603_1,12400,12407,12432,12455,12546,12590,12618
2000-01-22 01:00:00,12093,12226,12237,7579_4,12337,12344,12369,12392,12481,12525,12553
2000-01-22 02:00:00,12034,12166,12177,7555_9,12276,12283,12307,12330,12417,12460,12487
2000-01-22 03:00:00,11975,12106,12116,7532_5,12215,12221,12245,12267,12353,12395,12422
2000-01-22 04:00:00,11915,12046,12056,7509,12154,12160,12183,12205,12290,12331,12357
2000-01-22 05:00:00,11856,11986,11996,7485_3,12093,12099,12121,12143,12227,12267,12292
2000-01-22 06:00:00,11797,11926,11936,7461_7,12032,12038,12060,12081,12164,12203,12228
2000-01-22 07:00:00,11738,11866,11876,7437_9,11971,11978,11999,12020,12101,12140,12164
2000-01-22 08:00:00,11678,11806,11817,7414,11911,11917,11938,11959,12038,12076,12100
2000-01-22 09:00:00,11619,11747,11757,7390_1,11851,11857,11877,11898,11976,12013,12037
2000-01-22 10:00:00,11560,11687,11697,7366_1,11790,11796,11816,11837,11914,11951,11974
2000-01-22 11:00:00,11501,11628,11638,7342_4,11731,11737,11756,11777,11852,11888,11911
2000-01-22 12:00:00,11441,11568,11579,7318_8,11672,11678,11697,11717,11790,11827,11849
2000-01-22 13:00:00,11382,11509,11519,7295,11612,11618,11636,11656,11729,11765,11787
2000-01-22 14:00:00,11323,11450,11460,7271_1,11552,11558,11576,11596,11667,11703,11725
2000-01-22 15:00:00,11264,11391,11401,7247_1,11493,11498,11516,11536,11606,11641,11663
2000-01-22 16:00:00,11205,11331,11341,7223_1,11433,11439,11456,11476,11545,11580,11601
2000-01-22 17:00:00,11145,11272,11282,7199_1,11373,11379,11397,11415,11484,11519,11540
2000-01-22 18:00:00,11086,11212,11222,7174_9,11314,11319,11337,11355,11423,11458,11479
2000-01-22 19:00:00,11027,11153,11163,7150_8,11255,11260,11277,11295,11363,11398,11419
2000-01-22 20:00:00,10970,11095,11105,7127,11195,11200,11218,11235,11303,11338,11360
2000-01-22 21:00:00,10911,11041,11050,7105_1,11139,11144,11160,11178,11245,11280,11301
2000-01-22 22:00:00,10853,10985,10995,7082_9,11083,11088,11105,11122,11188,11222,11244
2000-01-22 23:00:00,10793,10927,10937,7059_8,11027,11032,11049,11065,11131,11166,11187
2000-01-23 00:00:00,10734,10869,10879,7036_2,10970,10975,10991,11008,11074,11109,11131
2000-01-23 01:00:00,10674,10810,10820,7012_3,10912,10917,10933,10950,11017,11052,11074
2000-01-23 02:00:00,10613,10751,10761,6988_1,10853,10858,10875,10891,10959,10995,11017
2000-01-23 03:00:00,10552,10691,10701,6963_6,10794,10799,10816,10832,10899,10935,10956
2000-01-23 04:00:00,10491,10630,10641,6939,10734,10739,10756,10771,10838,10873,10895
2000-01-23 05:00:00,10430,10570,10580,6913_9,10674,10678,10695,10711,10777,10813,10835
2000-01-23 06:00:00,10370,10509,10519,6888_8,10613,10618,10634,10650,10717,10753,10776
2000-01-23 07:00:00,10309,10448,10458,6863_8,10552,10557,10574,10589,10657,10694,10716
2000-01-23 08:00:00,10248,10388,10398,6838_7,10492,10497,10513,10529,10597,10634,10657
2000-01-23 09:00:00,10186,10327,10337,6813_5,10432,10436,10453,10468,10537,10575,10598
2000-01-23 10:00:00,10124,10263,10274,6787_3,10370,10375,10392,10407,10478,10516,10540
2000-01-23 11:00:00,10061,10188,10200,6756,10305,10310,10327,10344,10416,10456,10480
2000-01-23 12:00:00,9999_4,10119,10131,6726,10234,10239,10257,10274,10350,10391,10416
2000-01-23 13:00:00,9938_5,10058,10069,6701_1,10165,10168,10185,10204,10284,10326,10350
2000-01-23 14:00:00,9877_5,9985,9993_4,6660_5,10042,10043,10048,10060,10158,10223,10258
2000-01-23 15:00:00,9815_2,9904_2,9911_5,6614_2,9944_9,9941_9,9926_2,9900_4,9706_2,9623_7,9617_6
2000-01-23 16:00:00,9753_5,9814_7,9817_3,6548_9,9814_3,9812_9,9806_9,9800,9769_2,9755_4,9754_6
2000-01-23 17:00:00,9691_2,9747_1,9751_2,6510_7,9779_5,9780_3,9782_9,9784_9,9795_2,9801_6,9808_2
2000-01-23 18:00:00,9631_3,9699_2,9704_5,6487_6,9747_3,9749,9754_9,9760_3,9786,9799_6,9808_9
2000-01-23 19:00:00,9571_2,9649_4,9655_9,6465,9710_3,9712_5,9720_5,9727_8,9762_2,9779_9,9790_9
2000-01-23 20:00:00,9511_1,9597_1,9604_5,6441_6,9667_4,9670,9679_5,9688_3,9729_2,9750_1,9762_8
2000-01-23 21:00:00,9450_7,9542_7,9550_8,6417_4,9620_2,9623,9633_7,9643_7,9690,9713_7,9727_7
2000-01-23 22:00:00,9390_1,9486_8,9495_4,6392_7,9569_9,9572_9,9584_5,9595_4,9646_4,9672_3,9687_5
2000-01-23 23:00:00,9329_8,9431,9439_7,6367_9,9517_5,9520_7,9533,9544_7,9599_5,9627_3,9643_6
2000-01-24 00:00:00,9270,9381,9389_8,6346_2,9466_5,9469_8,9482_1,9494_1,9551_1,9580,9597_1
2000-01-24 01:00:00,9229_6,9331_7,9340_2,6324_7,9416_6,9419_9,9432_5,9444_7,9503_4,9533,9550_4
2000-01-24 02:00:00,9190_3,9287_7,9295_7,6305_5,9368_9,9372_1,9384_4,9396_6,9456,9485_9,9503_5
2000-01-24 03:00:00,9151,9245_5,9253_3,6287_6,9324_3,9327_4,9339_5,9351_5,9410_4,9439_7,9457_1
2000-01-24 04:00:00,9111_9,9204_5,9212_2,6270_4,9281_5,9284_5,9296_3,9308_1,9366_4,9395_2,9412_2
2000-01-24 05:00:00,9072_8,9164_2,9171_7,6253_4,9239_8,9242_7,9254_3,9265_9,9323_8,9352,9368_7
2000-01-24 06:00:00,9033_8,9124_2,9131_6,6236_7,9198_8,9201_7,9213_1,9224_6,9282_2,9309_8,9326_3
2000-01-24 07:00:00,8994_8,9084_5,9091_9,6220,9158_4,9161_2,9172_5,9184,9241_4,9268_6,9284_9
2000-01-24 08:00:00,8955_7,9045_1,9052_4,6203_5,9118_6,9121_3,9132_6,9144_1,9200_9,9228,9244_3
2000-01-24 09:00:00,8916_7,9005_8,9013_1,6187_1,9079_2,9082,9093_2,9104_8,9160_7,9187_8,9204_1
2000-01-24 10:00:00,8877_7,8966_7,8974,6170_8,9040_1,9042_9,9054_2,9065_8,9121_1,9148_2,9164_7
2000-01-24 11:00:00,8838_8,8927_8,8935,6154_6,9001_3,9004,9015_4,9027_1,9081_9,9109_2,9125_9
2000-01-24 12:00:00,8799_8,8888_9,8896_2,6138_5,8962_7,8965_4,8976_9,8988_7,9043_1,9070_7,9087_8
2000-01-24 13:00:00,8760_8,8850_1,8857_4,6122_5,8924_1,8926_9,8938_3,8950_3,9005,9032_8,9050_3
2000-01-24 14:00:00,8721_9,8811_3,8818_6,6106_5,8885_6,8888_3,8899_8,8911_9,8967_2,8995_4,9013_3
2000-01-24 15:00:00,8682_9,8772_5,8779_9,6090_6,8847_2,8849_9,8861_5,8873_7,8929_7,8958_3,8976_5
2000-01-24 16:00:00,8644,8733_8,8741_2,6074_7,8808_9,8811_6,8823_3,8835_7,8892_3,8921_3,8939_9
2000-01-24 17:00:00,8605,8695_1,8702_6,6058_8,8770_6,8773_4,8785_1,8797_7,8855_1,8884_5,8903_5
2000-01-24 18:00:00,8566,8656_4,8664,6043_1,8732_5,8735_2,8747,8759_8,8818,8847_8,8867_2
2000-01-24 19:00:00,8527_1,8617_7,8625_3,6027_3,8694_3,8697_1,8709,8721_9,8781,8811_4,8831_1
2000-01-24 20:00:00,8488_1,8579,8586_6,6011_7,8656_2,8658_9,8671,8684_1,8744_1,8775,8795_2
2000-01-24 21:00:00,8449_1,8540_3,8548,5996_1,8618_1,8620_9,8633,8646_2,8707_2,8738_8,8759_4
2000-01-24 22:00:00,8410_2,8501_5,8509_3,5980_6,8580,8582_8,8595_1,8608_5,8670_3,8702_6,8723_7
2000-01-24 23:00:00,8371_2,8462_8,8470_6,5965_1,8542,8544_8,8557_2,8570_7,8633_5,8666_4,8688_1
2000-01-25 00:00:00,8332_2,8424_1,8432,5949_8,8504,8506_8,8519_4,8533,8596_7,8630_3,8652_5
2000-01-25 01:00:00,8299_2,8387,8394_7,5935_2,8467_2,8470_1,8483_2,8497,8560_4,8594_4,8616_9
2000-01-25 02:00:00,8266_6,8352_9,8360_7,5923,8434_6,8437_5,8451,8465_3,8527_6,8561,8583_4
2000-01-25 03:00:00,8234_1,8320,8327_8,5911_8,8402_1,8405,8418_6,8433,8496,8529_3,8551_7
2000-01-25 04:00:00,8201_6,8287_4,8295_3,5900_9,8369_8,8372_7,8386_4,8400_9,8464_8,8498_4,8520_9
2000-01-25 05:00:00,8169_1,8255,8262_8,5890,8337_8,8340_7,8354_4,8369_1,8435_8,8471_9,8495_1
2000-01-25 06:00:00,8136_6,8222_7,8230_6,5879_5,8306_5,8309_5,8323_5,8338_6,8408_4,8446_2,8469_9
2000-01-25 07:00:00,8104_1,8190_6,8198_6,5869_4,8275_7,8278_7,8293,8308_4,8380_4,8419_1,8443_4
2000-01-25 08:00:00,8071_7,8158_4,8166_6,5859_4,8244_8,8247_8,8262_4,8278,8352,8391_3,8416_1
2000-01-25 09:00:00,8039_2,8126_4,8134_6,5849_7,8213_8,8216_8,8231_5,8247_3,8323,8362_8,8387_8
2000-01-25 10:00:00,8006_8,8094_4,8102_7,5840,8182_6,8185_6,8200_4,8216_3,8293_4,8333_4,8358_6
2000-01-25 11:00:00,7975_1,8062_5,8070_9,5830_4,8151_3,8154_2,8169_1,8185_1,8263_1,8303_2,8328_5
2000-01-25 12:00:00,7943,8032,8040_2,5821_5,8120_2,8123_1,8138,8153_9,8232_4,8272_5,8297_9
2000-01-25 13:00:00,7910_8,8001_7,8009_9,5812_9,8089_6,8092_6,8107_3,8123_1,8201_7,8241_4,8266_8
2000-01-25 14:00:00,7878_4,7970_4,7978_7,5803_8,8058_8,8061_8,8076_5,8092_1,8170_9,8210_2,8235_3
2000-01-25 15:00:00,7846,7938_4,7946_8,5794_3,8027_3,8030_3,8045,8060_6,8139_7,8178_6,8203_5
2000-01-25 16:00:00,7813_5,7906,7914_4,5784_3,7994_9,7997_9,8012_6,8028_2,8107_9,8146_5,8171_2
2000-01-25 17:00:00,7781_1,7873_4,7881_8,5774_3,7962_3,7965_3,7980,7995_5,8075_6,8113_8,8138_4
2000-01-25 18:00:00,7748_6,7840_8,7849_2,5764_1,7929_7,7932_7,7947_2,7962_7,8042_9,8080_8,8105_1
2000-01-25 19:00:00,7716_1,7808_1,7816_5,5754,7896_9,7899_9,7914_3,7929_6,8010_1,8047_6,8071_9
2000-01-25 20:00:00,7683_6,7775_4,7783_8,5743_7,7864,7867,7881_4,7896_5,7977_2,8014_3,8038_6
2000-01-25 21:00:00,7651_2,7742_9,7751_3,5733_5,7831_1,7834_1,7848_3,7863_4,7944_2,7981,8005_1
2000-01-25 22:00:00,7618_7,7710_6,7718_9,5723_4,7798_4,7801_3,7815_5,7830_4,7911_2,7947_4,7971_5
2000-01-25 23:00:00,7586_3,7678_2,7686_5,5713_2,7765_7,7768_7,7782_8,7797_6,7878,7913_8,7937_8
2000-01-26 00:00:00,7553_8,7645_7,7654,5702_9,7733_1,7736_1,7750_1,7764_8,7844_6,7880,7904
2000-01-26 01:00:00,7528_3,7614_2,7622_3,5692_8,7700_4,7703_4,7717_3,7731_8,7811_3,7846_4,7870_4
2000-01-26 02:00:00,7503_4,7585_5,7593_3,5684_1,7667_8,7670_5,7683_7,7698,7778,7813,7837
2000-01-26 03:00:00,7478_6,7557_3,7564_7,5674_6,7634_1,7636_7,7648_8,7662_2,7742_8,7778_4,7802_9
2000-01-26 04:00:00,7453_8,7529_6,7536_6,5665_2,7603_3,7605_8,7617_5,7630_4,7709,7744_2,7768_6
2000-01-26 05:00:00,7429,7502_7,7509_5,5656_1,7573_9,7576_3,7587_6,7600,7676_1,7710_6,7734_9
2000-01-26 06:00:00,7404_3,7476_2,7482_8,5647_1,7545_6,7547_9,7558_9,7570_9,7644_5,7677_7,7701_7
2000-01-26 07:00:00,7379_6,7450_1,7456_6,5638_2,7517_8,7520_1,7530_7,7542_3,7613_5,7645_9,7670
2000-01-26 08:00:00,7354_9,7424_5,7430_7,5629_2,7490_6,7492_8,7503_2,7514_5,7584_1,7615_9,7639_8
2000-01-26 09:00:00,7330_2,7399_8,7406,5620_9,7464_4,7466_6,7476_7,7487_8,7555_7,7586_8,7610_4
2000-01-26 10:00:00,7305_6,7374_7,7380_8,5612_2,7438_6,7440_8,7450_7,7461_6,7528_1,7558_6,7582
2000-01-26 11:00:00,7281,7349_5,7355_6,5603_4,7412_8,7415,7424_8,7435_5,7501_1,7531_2,7554_5
2000-01-26 12:00:00,7256_3,7324_2,7330_3,5594_5,7387_2,7389_3,7399_1,7409_7,7474_5,7504_4,7527_8
2000-01-26 13:00:00,7231_7,7299_1,7305_1,5585_6,7361_8,7363_9,7373_6,7384_1,7448_5,7478_3,7501_8
2000-01-26 14:00:00,7207,7273_9,7280,5576_7,7336_5,7338_6,7348_3,7358_8,7422_9,7452_6,7476_4
2000-01-26 15:00:00,7182_4,7247_4,7253_6,5567_2,7311,7313_1,7322_9,7333_4,7397_7,7427_7,7451_6
2000-01-26 16:00:00,7157_6,7221_6,7227_6,5557_9,7285_2,7287_4,7297_2,7307_8,7372_4,7402_7,7426_7
2000-01-26 17:00:00,7133,7196_1,7202_2,5549_1,7259_8,7262,7271_8,7282_5,7347_3,7377_8,7402
2000-01-26 18:00:00,7108_3,7171_2,7177_2,5541,7234_9,7237_1,7247,7257_7,7322_7,7353_3,7377_2
2000-01-26 19:00:00,7083_7,7146_5,7152_5,5533_2,7210_4,7212_6,7222_5,7233_2,7298_1,7328_8,7352_4
2000-01-26 20:00:00,7059,7122_6,7128_6,5525_8,7186_2,7188_3,7198_2,7208_9,7273_7,7304_4,7327_8
2000-01-26 21:00:00,7034_5,7098_8,7104_6,5518_8,7163_6,7165_7,7175_5,7186_1,7249_9,7280_2,7303_3
2000-01-26 22:00:00,7009_9,7075,7080_7,5511_9,7140_3,7142_4,7152_3,7162_7,7225_8,7255_6,7278_3
2000-01-26 23:00:00,6985_3,7051,7056_5,5504_8,7116_3,7118_4,7128_2,7138_7,7201_5,7231_3,7254_2
2000-01-27 00:00:00,6960_7,7026_9,7032_2,5497_7,7092_2,7094_3,7104_2,7114_6,7177_2,7207_1,7230_2
2000-01-27 01:00:00,6927_4,7000_8,7006,5489_9,7068,7070_1,7080_1,7090_6,7152_8,7182_8,7206
2000-01-27 02:00:00,6893_3,6969_5,6975,5479_5,7040_8,7043_1,7053_5,7064_4,7127_5,7157_9,7181_6
2000-01-27 03:00:00,6859,6937_5,6943_2,5468_7,7011_5,7013_9,7024_6,7035_8,7100_2,7131_5,7155_8
2000-01-27 04:00:00,6824_8,6904_9,6910_8,5457_7,6981_1,6983_6,6994_6,7006_2,7071_6,7103_9,7128_9
2000-01-27 05:00:00,6790_5,6872,6878_1,5446_7,6950_1,6952_6,6963_9,6975_9,7042,7075,7100_5
2000-01-27 06:00:00,6756_1,6838_8,6845,5435_7,6918_4,6921,6932_6,6944_8,7011_3,7045,7071_1
2000-01-27 07:00:00,6721_8,6805_4,6811_8,5424_6,6886_4,6889,6900_8,6913_3,6980_1,7014_4,7041_2
2000-01-27 08:00:00,6687_5,6772,6778_5,5413_6,6854_2,6856_8,6868_8,6881_5,6948_4,6983_2,7010_6
2000-01-27 09:00:00,6653_2,6739_2,6745_9,5403,6821_9,6824_6,6836_7,6849_6,6916_2,6951_5,6979_5
2000-01-27 10:00:00,6618_9,6706_7,6713_6,5392_7,6789_9,6792_7,6804_8,6817_8,6883_9,6919_6,6948_1
2000-01-27 11:00:00,6584_6,6675,6682_1,5382_8,6758_2,6761,6773_2,6786_2,6851_6,6887_6,6916_5
2000-01-27 12:00:00,6550_3,6643_5,6650_8,5373_1,6727_1,6729_8,6742_1,6755_2,6819_6,6855_6,6884_9
2000-01-27 13:00:00,6516_1,6611_4,6618_9,5363_1,6695_7,6698_5,6710_8,6724,6787_5,6823_7,6853_3
2000-01-27 14:00:00,6481_6,6579_2,6587,5353_1,6664_2,6667,6679_3,6692_6,6755_1,6791_4,6821_3
2000-01-27 15:00:00,6447_2,6546_8,6554_9,5343,6632_5,6635_3,6647_7,6661,6722_5,6759,6789_1
2000-01-27 16:00:00,6412_8,6514_2,6522_7,5332_7,6600_6,6603_5,6615_9,6629_3,6689_8,6726_3,6756_7
2000-01-27 17:00:00,6378_5,6481_9,6490_7,5322_6,6568_8,6571_6,6584_1,6597_5,6656_8,6693_5,6724_2
2000-01-27 18:00:00,6344_2,6449_3,6458_4,5312_1,6536_7,6539_6,6552_1,6565_6,6623_9,6660_6,6691_6
2000-01-27 19:00:00,6310,6417_3,6426_8,5302_1,6504_7,6507_5,6520,6533_6,6590_7,6627_6,6658_9
2000-01-27 20:00:00,6275_7,6386_4,6396_3,5292_5,6473_2,6476_1,6488_5,6502_1,6557_8,6594_6,6626_2
2000-01-27 21:00:00,6241_5,6355_2,6365_2,5282_7,6442_4,6445_3,6457_7,6471_2,6525_3,6561_9,6593_6
2000-01-27 22:00:00,6207_3,6323_3,6333_6,5272_5,6411_2,6414,6426_5,6440,6492_8,6529_3,6561_2
2000-01-27 23:00:00,6173_1,6289_4,6300_1,5261_6,6379_7,6382_6,6395,6408_7,6460_1,6496_7,6528_5
2000-01-28 00:00:00,6138_7,6254_2,6265_1,5249_3,6346_1,6349_1,6361_8,6375_7,6426_6,6463_5,6495_5
2000-01-28 01:00:00,6124,6222_8,6233,5238_5,6312_4,6315_3,6328_1,6342_1,6392_1,6429_4,6461_7
2000-01-28 02:00:00,6110_7,6199_8,6209,5232_2,6282_5,6285_3,6297_6,6311_2,6358_7,6395_5,6427_6
2000-01-28 03:00:00,6097_8,6179_7,6188_1,5227_7,6256_9,6259_6,6271_2,6284_2,6328_4,6363_9,6394_9
2000-01-28 04:00:00,6084_9,6161_3,6169_2,5224,6233_8,6236_3,6247_3,6259_7,6300_7,6334_5,6364_2
2000-01-28 05:00:00,6072,6144_3,6151_9,5220_8,6212_6,6215,6225_4,6237_1,6275,6307_2,6335_4
2000-01-28 06:00:00,6059_3,6128_2,6135_5,5217_8,6192_9,6195_1,6205,6216_1,6251_3,6281_8,6308_5
2000-01-28 07:00:00,6046_5,6112_1,6119_2,5214_6,6174_1,6176_2,6185_6,6196_1,6229_1,6258,6283_3
2000-01-28 08:00:00,6033_8,6096_7,6103_5,5211_4,6155_9,6158,6166_9,6177,6207_9,6235_5,6259_5
2000-01-28 09:00:00,6021_1,6081_8,6088_4,5208_3,6138_5,6140_4,6148_9,6158_6,6187_7,6214,6236_8
2000-01-28 10:00:00,6008_4,6067_3,6073_7,5205_1,6121_7,6123_6,6131_7,6140_9,6168_4,6193_5,6215_2
2000-01-28 11:00:00,5995_9,6053_2,6059_4,5201_9,6105_5,6107_3,6115_1,6124,6149_9,6174,6194_7
2000-01-28 12:00:00,5983_2,6039_2,6045_3,5198_7,6089_9,6091_6,6099_1,6107_6,6132_3,6155_4,6175_2
2000-01-28 13:00:00,5970_5,6025_2,6031_3,5195_3,6074_6,6076_3,6083_5,6091_7,6115_3,6137_6,6156_6
2000-01-28 14:00:00,5957_8,6011_5,6017_4,5191_8,6059_6,6061_2,6068_2,6076_2,6098_7,6120_3,6138_7
2000-01-28 15:00:00,5945_2,5997_9,6003_8,5188_4,6044_8,6046_4,6053_2,6061,6082_7,6103_6,6121_3
2000-01-28 16:00:00,5932_6,5984_5,5990_3,5184_8,6030_4,6031_9,6038_6,6046_1,6067_1,6087_4,6104_6
2000-01-28 17:00:00,5920,5971_2,5976_9,5181_3,6016_1,6017_6,6024_1,6031_5,6051_9,6071_6,6088_2
2000-01-28 18:00:00,5907_4,5958,5963_6,5177_6,6002_1,6003_6,6009_9,6017_1,6037,6056_2,6072_3
2000-01-28 19:00:00,5894_7,5944_8,5950_4,5174,5988_2,5989_7,5995_9,6002_9,6022_3,6041_1,6056_8
2000-01-28 20:00:00,5882_1,5931_7,5937_3,5170_2,5974_5,5975_9,5982,5988_9,6007_9,6026_3,6041_6
2000-01-28 21:00:00,5869_5,5918_7,5924_3,5166_5,5960_9,5962_3,5968_3,5975_1,5993_7,6011_7,6026_6
2000-01-28 22:00:00,5856_9,5905_7,5911_3,5162_7,5947_5,5948_8,5954_7,5961_5,5979_7,5997_3,6011_9
2000-01-28 23:00:00,5844_3,5892_8,5898_3,5158_9,5934_1,5935_5,5941_3,5948,5965_9,5983_2,5997_5
2000-01-29 00:00:00,5831_7,5879_9,5885_4,5155,5920_9,5922_2,5928,5934_5,5952_1,5969_3,5983_3
2000-01-29 01:00:00,5830_1,5868_9,5873_9,5151_7,5907_8,5909_1,5914_8,5921_3,5938_6,5955_4,5969_2
2000-01-29 02:00:00,5829_3,5862_1,5866_4,5150_7,5896_8,5898,5903_2,5909_3,5925_9,5942_1,5955_4
2000-01-29 03:00:00,5828_6,5857_2,5861,5150_8,5888,5889_1,5893_9,5899_6,5915,5930_2,5942_7
2000-01-29 04:00:00,5828_1,5853_5,5856_9,5151_4,5880_9,5881_9,5886_3,5891_5,5905_8,5919_8,5931_5
2000-01-29 05:00:00,5827_5,5850_5,5853_5,5152_3,5875,5875_9,5879_9,5884_6,5897_8,5910_8,5921_5
2000-01-29 06:00:00,5827,5847_9,5850_6,5153_3,5870,5870_8,5874_4,5878_7,5890_9,5902_8,5912_7
2000-01-29 07:00:00,5826_5,5845_8,5848_1,5154_3,5865_7,5866_4,5869_7,5873_6,5884_9,5895_8,5904_9
2000-01-29 08:00:00,5826,5843_8,5846,5155_2,5861_9,5862_6,5865_5,5869_1,5879_6,5889_6,5898
2000-01-29 09:00:00,5825_6,5842_1,5844_1,5156_2,5858_5,5859_2,5861_9,5865_1,5874_9,5884_1,5891_8
2000-01-29 10:00:00,5825_1,5840_6,5842_4,5157_1,5855_6,5856_1,5858_6,5861_6,5870_8,5879_2,5886_3
2000-01-29 11:00:00,5824_6,5839_2,5840_9,5157_9,5852_9,5853_4,5855_7,5858_4,5867,5874_8,5881_3
2000-01-29 12:00:00,5824_2,5838,5839_5,5158_6,5850_5,5851,5853,5855_6,5863_6,5870_8,5876_8
2000-01-29 13:00:00,5823_8,5836_8,5838_2,5159_4,5848_3,5848_7,5850_7,5853,5860_6,5867_1,5872_7
2000-01-29 14:00:00,5823_3,5835_7,5837,5160,5846_3,5846_7,5848_5,5850_6,5857_8,5863_9,5869
2000-01-29 15:00:00,5822_9,5834_7,5835_9,5160_6,5844_5,5844_9,5846_5,5848_5,5855_3,5860_9,5865_6
2000-01-29 16:00:00,5822_5,5833_8,5834_9,5161_1,5842_8,5843_2,5844_7,5846_5,5852_9,5858_1,5862_5
2000-01-29 17:00:00,5822,5832_9,5833_9,5161_7,5841_3,5841_6,5843,5844_7,5850_8,5855_6,5859_7
2000-01-29 18:00:00,5821_6,5832_1,5833,5162_1,5839_9,5840_1,5841_4,5843,5848_9,5853_4,5857_1
2000-01-29 19:00:00,5821_2,5831_3,5832_2,5162_5,5838_5,5838_8,5840,5841_5,5847_1,5851_2,5854_8
2000-01-29 20:00:00,5820_8,5830_5,5831_3,5162_9,5837_3,5837_5,5838_7,5840,5845_4,5849_3,5852_6
2000-01-29 21:00:00,5820_3,5829_8,5830_6,5163_2,5836_1,5836_4,5837_4,5838_7,5843_8,5847_5,5850_5
2000-01-29 22:00:00,5819_9,5829_1,5829_8,5163_6,5835,5835_2,5836_2,5837_4,5842_4,5845_8,5848_7
2000-01-29 23:00:00,5819_5,5828_5,5829_1,5163_8,5834,5834_2,5835_1,5836_2,5841,5844_2,5846_9
2000-01-30 00:00:00,5819_1,5827_8,5828_5,5164_1,5833,5833_2,5834_1,5835_1,5839_8,5842_7,5845_3
2000-01-30 01:00:00,5806,5825_1,5826_2,5163_7,5832,5832_2,5833_1,5834_1,5838_6,5841_4,5843_7
2000-01-30 02:00:00,5791_9,5817_3,5819_3,5160_5,5828_7,5829,5830_3,5831_6,5836_6,5839_7,5842_1
2000-01-30 03:00:00,5777_6,5807_5,5810,5156,5822_9,5823_3,5825,5826_7,5832_6,5836_6,5839_4
2000-01-30 04:00:00,5763_2,5796_4,5799_5,5150_8,5815_3,5815_8,5817_9,5820_1,5826_9,5831_9,5835_3
2000-01-30 05:00:00,5748_9,5784_6,5788_1,5145_4,5806_4,5807,5809_5,5812_1,5819_8,5825_8,5829_9
2000-01-30 06:00:00,5734_4,5772_2,5776,5139_7,5796_5,5797_2,5800,5803_1,5811_6,5818_5,5823_2
2000-01-30 07:00:00,5720,5759_5,5763_6,5134,5785_9,5786_7,5789_8,5793_2,5802_4,5810_2,5815_5
2000-01-30 08:00:00,5705_5,5746_5,5750_8,5128_3,5774_7,5775_5,5778_9,5782_7,5792_5,5801,5806_9
2000-01-30 09:00:00,5691_1,5733_2,5737_7,5122_5,5763,5763_9,5767_5,5771_6,5782,5791_2,5797_6
2000-01-30 10:00:00,5676_6,5719_7,5724_4,5116_8,5751,5751_9,5755_7,5760,5770_9,5780_8,5787_6
2000-01-30 11:00:00,5662_1,5706_1,5711,5111,5738_6,5739_5,5743_6,5748_1,5759_4,5769_8,5777_1
2000-01-30 12:00:00,5647_6,5692_4,5697_4,5105_2,5725_9,5726_9,5731_1,5735_8,5747_5,5758_4,5766
2000-01-30 13:00:00,5633_1,5678_5,5683_6,5099_4,5713,5714,5718_3,5723_2,5735_3,5746_6,5754_6
2000-01-30 14:00:00,5618_6,5664_6,5669_8,5093_7,5699_9,5700_9,5705_4,5710_4,5722_8,5734_5,5742_8
2000-01-30 15:00:00,5604_1,5650_6,5655_8,5087_9,5686_6,5687_7,5692_2,5697_4,5710_1,5722_2,5730_6
2000-01-30 16:00:00,5589_6,5636_5,5641_8,5082_1,5673_1,5674_3,5678_9,5684_3,5697_1,5709_5,5718_2
2000-01-30 17:00:00,5575_1,5622_4,5627_7,5076_3,5659_6,5660_7,5665_5,5670_9,5683_9,5696_6,5705_5
2000-01-30 18:00:00,5560_5,5608_2,5613_5,5070_5,5645_9,5647,5651_9,5657_4,5670_6,5683_6,5692_6
2000-01-30 19:00:00,5546_1,5594_1,5599_3,5064_7,5632_1,5633_3,5638_2,5643_8,5657_2,5670_3,5679_5
2000-01-30 20:00:00,5531_7,5580,5585_1,5058_8,5618_2,5619_4,5624_4,5630_1,5643_6,5656_9,5666_2
2000-01-30 21:00:00,5517_2,5566_1,5571_1,5053,5604_2,5605_5,5610_5,5616_3,5629_9,5643_4,5652_8
2000-01-30 22:00:00,5502_8,5553,5557_7,5047_6,5590_6,5591_8,5596_8,5602_7,5616_2,5629_8,5639_3
2000-01-30 23:00:00,5488_4,5540_5,5545_1,5042_7,5577_3,5578_5,5583_5,5589_3,5602_7,5616_3,5625_8
2000-01-31 00:00:00,5473_9,5527_3,5531_8,5037_4,5564_3,5565_5,5570_5,5576_3,5589_6,5603_1,5612_5
