Time [yyyy-MM-dd HH:mm:ss];ObservationPoint4: Discharge at (PanKan2_B_B_ 2811_477)_ Flow1D [m³/s];ObservationPoint6: Discharge at (Nederrijn1_ 251)_ Flow1D [m³/s];ObservationPoint5: Discharge at (IJssel01_ 250_5)_ Flow1D [m³/s]
29-12-99 00:00;1143.6;689.74;454.87
29-12-99 01:00;1090.8;679.57;417.05
29-12-99 02:00;1041.3;631.94;411.42
29-12-99 03:00;1085.8;655.12;430.19
29-12-99 04:00;1131.1;677.4;452.61
29-12-99 05:00;1167.6;694.62;471.82
29-12-99 06:00;1196.7;707.89;487.7
29-12-99 07:00;1220;718.15;500.77
29-12-99 08:00;1238.7;726.24;511.56
29-12-99 09:00;1254;732.67;520.53
29-12-99 10:00;1266.7;737.9;528.08
29-12-99 11:00;1277.4;742.22;534.49
29-12-99 12:00;1286.4;745.84;539.98
29-12-99 13:00;1294.1;748.92;544.69
29-12-99 14:00;1300.8;751.54;548.79
29-12-99 15:00;1306.6;753.8;552.37
29-12-99 16:00;1311.7;755.76;555.51
29-12-99 17:00;1316.1;757.47;558.27
29-12-99 18:00;1320;758.96;560.7
29-12-99 19:00;1323.4;760.28;562.85
29-12-99 20:00;1326.5;761.44;564.75
29-12-99 21:00;1329.2;762.48;566.44
29-12-99 22:00;1331.6;763.4;567.95
29-12-99 23:00;1333.7;764.23;569.29
30-12-99 00:00;1335.7;764.98;570.5
30-12-99 01:00;1337.4;765.65;571.58
30-12-99 02:00;1339;766.26;572.55
30-12-99 03:00;1340.4;766.81;573.42
30-12-99 04:00;1341.7;767.31;574.21
30-12-99 05:00;1342.8;767.76;574.92
30-12-99 06:00;1343.9;768.17;575.57
30-12-99 07:00;1344.8;768.55;576.15
30-12-99 08:00;1345.7;768.89;576.68
30-12-99 09:00;1346.5;769.2;577.16
30-12-99 10:00;1347.2;769.48;577.6
30-12-99 11:00;1347.8;769.74;578
30-12-99 12:00;1348.4;769.98;578.37
30-12-99 13:00;1349;770.2;578.7
30-12-99 14:00;1349.5;770.39;579
30-12-99 15:00;1349.9;770.57;579.28
30-12-99 16:00;1350.3;770.74;579.54
30-12-99 17:00;1350.7;770.88;579.77
30-12-99 18:00;1351;771.02;579.98
30-12-99 19:00;1351.4;771.14;580.18
30-12-99 20:00;1351.7;771.25;580.36
30-12-99 21:00;1351.9;771.36;580.52
30-12-99 22:00;1352.2;771.45;580.68
30-12-99 23:00;1352.4;771.53;580.82
31-12-99 00:00;1352.6;771.61;580.95
31-12-99 01:00;1352.8;771.68;581.07
31-12-99 02:00;1352.9;771.74;581.18
31-12-99 03:00;1353.1;771.79;581.28
31-12-99 04:00;1353.2;771.84;581.38
31-12-99 05:00;1353.4;771.89;581.47
31-12-99 06:00;1353.5;771.93;581.55
31-12-99 07:00;1353.6;771.97;581.63
31-12-99 08:00;1353.7;772;581.7
31-12-99 09:00;1353.8;772.03;581.77
31-12-99 10:00;1353.9;772.05;581.83
31-12-99 11:00;1354;772.08;581.89
31-12-99 12:00;1354.1;772.1;581.94
31-12-99 13:00;1354.1;772.12;582
31-12-99 14:00;1354.2;772.13;582.05
31-12-99 15:00;1354.2;772.15;582.09
31-12-99 16:00;1354.3;772.16;582.14
31-12-99 17:00;1354.4;772.17;582.18
31-12-99 18:00;1354.4;772.18;582.22
31-12-99 19:00;1354.4;772.19;582.25
31-12-99 20:00;1354.5;772.19;582.29
31-12-99 21:00;1354.5;772.2;582.32
31-12-99 22:00;1354.6;772.2;582.35
31-12-99 23:00;1354.6;772.21;582.38
01-01-00 00:00;1354.6;772.21;582.41
01-01-00 01:00;1354.6;772.2;582.44
01-01-00 02:00;1354.6;772.16;582.44
01-01-00 03:00;1354.5;772.1;582.42
01-01-00 04:00;1354.4;772.03;582.39
01-01-00 05:00;1354.3;771.96;582.36
01-01-00 06:00;1354.2;771.88;582.32
01-01-00 07:00;1354.1;771.8;582.28
01-01-00 08:00;1353.9;771.72;582.23
01-01-00 09:00;1353.8;771.63;582.18
01-01-00 10:00;1353.7;771.54;582.13
01-01-00 11:00;1353.5;771.45;582.07
01-01-00 12:00;1353.4;771.36;582.01
01-01-00 13:00;1353.2;771.27;581.95
01-01-00 14:00;1353.1;771.17;581.89
01-01-00 15:00;1352.9;771.08;581.83
01-01-00 16:00;1352.7;770.98;581.77
01-01-00 17:00;1352.6;770.88;581.71
01-01-00 18:00;1352.4;770.78;581.65
01-01-00 19:00;1352.2;770.68;581.58
01-01-00 20:00;1352.1;770.58;581.52
01-01-00 21:00;1351.9;770.48;581.45
01-01-00 22:00;1351.7;770.37;581.38
01-01-00 23:00;1351.6;770.27;581.32
02-01-00 00:00;1351.4;770.17;581.25
02-01-00 01:00;1351.2;770.04;581.17
02-01-00 02:00;1350.9;769.84;581.04
02-01-00 03:00;1350.4;769.6;580.87
02-01-00 04:00;1350;769.34;580.69
02-01-00 05:00;1349.5;769.06;580.48
02-01-00 06:00;1349;768.78;580.27
02-01-00 07:00;1348.5;768.49;580.05
02-01-00 08:00;1348;768.19;579.82
02-01-00 09:00;1347.4;767.89;579.58
02-01-00 10:00;1346.9;767.58;579.34
02-01-00 11:00;1346.3;767.27;579.09
02-01-00 12:00;1345.7;766.95;578.84
02-01-00 13:00;1345.2;766.64;578.6
02-01-00 14:00;1344.6;766.32;578.35
02-01-00 15:00;1344;766;578.09
02-01-00 16:00;1343.5;765.68;577.84
02-01-00 17:00;1342.9;765.36;577.59
02-01-00 18:00;1342.3;765.03;577.33
02-01-00 19:00;1341.7;764.71;577.06
02-01-00 20:00;1341.1;764.4;576.76
02-01-00 21:00;1340.5;764.1;576.45
02-01-00 22:00;1339.9;763.81;576.11
02-01-00 23:00;1339.2;763.52;575.76
03-01-00 00:00;1338.6;763.24;575.39
03-01-00 01:00;1338.1;763.07;575.07
03-01-00 02:00;1338.4;763.34;575.03
03-01-00 03:00;1339;763.79;575.15
03-01-00 04:00;1339.8;764.35;575.38
03-01-00 05:00;1340.7;764.98;575.68
03-01-00 06:00;1341.8;765.66;576.04
03-01-00 07:00;1342.9;766.38;576.44
03-01-00 08:00;1344.1;767.14;576.88
03-01-00 09:00;1345.4;767.93;577.33
03-01-00 10:00;1346.7;768.75;577.81
03-01-00 11:00;1348;769.59;578.3
03-01-00 12:00;1349.4;770.45;578.8
03-01-00 13:00;1350.8;771.33;579.32
03-01-00 14:00;1352.2;772.23;579.84
03-01-00 15:00;1353.6;773.14;580.38
03-01-00 16:00;1355.1;774.06;580.92
03-01-00 17:00;1356.6;775;581.46
03-01-00 18:00;1358.1;775.95;582
03-01-00 19:00;1359.6;776.9;582.54
03-01-00 20:00;1361.1;777.88;583.08
03-01-00 21:00;1362.6;778.86;583.62
03-01-00 22:00;1364.2;779.85;584.16
03-01-00 23:00;1365.7;780.85;584.69
04-01-00 00:00;1367.2;781.86;585.22
04-01-00 01:00;1368.8;782.86;585.74
04-01-00 02:00;1370.1;783.78;586.2
04-01-00 03:00;1371.5;784.68;586.64
04-01-00 04:00;1372.8;785.56;587.06
04-01-00 05:00;1374.1;786.43;587.46
04-01-00 06:00;1375.3;787.31;587.85
04-01-00 07:00;1376.6;788.18;588.23
04-01-00 08:00;1377.8;789.05;588.6
04-01-00 09:00;1379;789.91;588.96
04-01-00 10:00;1380.2;790.78;589.31
04-01-00 11:00;1381.5;791.66;589.65
04-01-00 12:00;1382.7;792.53;589.98
04-01-00 13:00;1383.9;793.41;590.31
04-01-00 14:00;1385.1;794.28;590.63
04-01-00 15:00;1386.3;795.16;590.94
04-01-00 16:00;1387.5;796.04;591.25
04-01-00 17:00;1388.6;796.93;591.55
04-01-00 18:00;1389.8;797.81;591.85
04-01-00 19:00;1391;798.7;592.14
04-01-00 20:00;1392.2;799.59;592.42
04-01-00 21:00;1393.3;800.49;592.69
04-01-00 22:00;1394.5;801.38;592.96
04-01-00 23:00;1395.7;802.28;593.22
05-01-00 00:00;1396.8;803.19;593.48
05-01-00 01:00;1397.9;804.05;593.7
05-01-00 02:00;1398.7;804.73;593.81
05-01-00 03:00;1399.3;805.34;593.84
05-01-00 04:00;1399.8;805.9;593.82
05-01-00 05:00;1400.3;806.41;593.74
05-01-00 06:00;1400.7;806.92;593.64
05-01-00 07:00;1401;807.41;593.51
05-01-00 08:00;1401.4;807.9;593.37
05-01-00 09:00;1401.7;808.39;593.21
05-01-00 10:00;1402;808.86;593.05
05-01-00 11:00;1402.3;809.33;592.88
05-01-00 12:00;1402.6;809.79;592.7
05-01-00 13:00;1402.9;810.23;592.53
05-01-00 14:00;1403.1;810.67;592.36
05-01-00 15:00;1403.4;811.11;592.19
05-01-00 16:00;1403.7;811.53;592.03
05-01-00 17:00;1403.9;811.95;591.86
05-01-00 18:00;1404.2;812.36;591.7
05-01-00 19:00;1404.4;812.76;591.54
05-01-00 20:00;1404.6;813.17;591.38
05-01-00 21:00;1404.9;813.56;591.22
05-01-00 22:00;1405.1;813.95;591.07
05-01-00 23:00;1405.3;814.34;590.92
06-01-00 00:00;1405.6;814.72;590.77
06-01-00 01:00;1406.1;815.27;590.71
06-01-00 02:00;1407.9;816.6;591.15
06-01-00 03:00;1410.4;818.29;591.94
06-01-00 04:00;1413.4;820.18;592.98
06-01-00 05:00;1416.7;822.21;594.18
06-01-00 06:00;1420.1;824.35;595.52
06-01-00 07:00;1423.8;826.56;596.96
06-01-00 08:00;1427.6;828.83;598.48
06-01-00 09:00;1431.6;831.15;600.07
06-01-00 10:00;1435.6;833.51;601.72
06-01-00 11:00;1439.7;835.91;603.42
06-01-00 12:00;1443.9;838.34;605.15
06-01-00 13:00;1448.1;840.8;606.91
06-01-00 14:00;1452.4;843.28;608.7
06-01-00 15:00;1456.7;845.78;610.5
06-01-00 16:00;1461;848.31;612.31
06-01-00 17:00;1465.4;850.87;614.13
06-01-00 18:00;1469.8;853.45;615.95
06-01-00 19:00;1474.3;856.01;617.8
06-01-00 20:00;1478.7;858.57;619.67
06-01-00 21:00;1483.2;861.15;621.54
06-01-00 22:00;1487.6;863.74;623.42
06-01-00 23:00;1492.1;866.32;625.29
07-01-00 00:00;1496.6;868.89;627.2
07-01-00 01:00;1501.4;871.65;629.21
07-01-00 02:00;1507.5;875.22;631.73
07-01-00 03:00;1514.5;879.18;634.63
07-01-00 04:00;1521.8;883.32;637.76
07-01-00 05:00;1529.4;887.6;641.08
07-01-00 06:00;1537.3;891.95;644.53
07-01-00 07:00;1545.3;896.37;648.09
07-01-00 08:00;1553.5;900.85;651.73
07-01-00 09:00;1561.8;905.37;655.43
07-01-00 10:00;1570.2;909.94;659.2
07-01-00 11:00;1578.6;914.55;663.01
07-01-00 12:00;1587.2;919.19;666.86
07-01-00 13:00;1595.8;923.84;670.73
07-01-00 14:00;1604.3;928.46;674.62
07-01-00 15:00;1612.9;933.08;678.52
07-01-00 16:00;1621.5;937.7;682.44
07-01-00 17:00;1630.1;942.31;686.39
07-01-00 18:00;1638.7;946.92;690.37
07-01-00 19:00;1647.3;951.48;694.36
07-01-00 20:00;1655.9;956.03;698.36
07-01-00 21:00;1664.5;960.59;702.37
07-01-00 22:00;1673.2;965.15;706.41
07-01-00 23:00;1681.9;969.73;710.48
08-01-00 00:00;1690.5;974.25;714.56
08-01-00 01:00;1699.1;978.67;718.68
08-01-00 02:00;1707.8;983.15;722.87
08-01-00 03:00;1716.6;987.66;727.11
08-01-00 04:00;1725.4;992.16;731.38
08-01-00 05:00;1734.3;996.65;735.71
08-01-00 06:00;1743.1;1001.1;740.07
08-01-00 07:00;1752;1005.6;744.39
08-01-00 08:00;1760.8;1010.1;748.68
08-01-00 09:00;1769.7;1014.6;753.02
08-01-00 10:00;1778.4;1018.9;757.4
08-01-00 11:00;1787;1023;761.79
08-01-00 12:00;1795.5;1027.1;766.21
08-01-00 13:00;1804;1031.2;770.59
08-01-00 14:00;1812.4;1035.2;774.93
08-01-00 15:00;1820.7;1039.2;779.22
08-01-00 16:00;1829;1043.2;783.5
08-01-00 17:00;1837.3;1047.2;787.73
08-01-00 18:00;1845.5;1051.1;791.95
08-01-00 19:00;1853.7;1055.1;796.14
08-01-00 20:00;1861.8;1059;800.3
08-01-00 21:00;1869.9;1063;804.46
08-01-00 22:00;1878;1066.9;808.61
08-01-00 23:00;1886.1;1070.9;812.74
09-01-00 00:00;1894.2;1074.8;816.88
09-01-00 01:00;1902.4;1078.8;821.01
09-01-00 02:00;1911;1083.1;825.24
09-01-00 03:00;1920.2;1087.7;829.67
09-01-00 04:00;1929.9;1092.8;834.29
09-01-00 05:00;1940;1098;839.02
09-01-00 06:00;1950.4;1103.4;843.89
09-01-00 07:00;1961;1109.2;848.74
09-01-00 08:00;1971.7;1114.9;853.64
09-01-00 09:00;1982.6;1120.7;858.62
09-01-00 10:00;1993.6;1126.5;863.67
09-01-00 11:00;2004.2;1132.2;868.68
09-01-00 12:00;2014.9;1137.9;873.67
09-01-00 13:00;2025.8;1143.6;878.68
09-01-00 14:00;2036.8;1149.5;883.71
09-01-00 15:00;2047.8;1155.4;888.73
09-01-00 16:00;2058.8;1161.3;893.75
09-01-00 17:00;2069.6;1167.2;898.7
09-01-00 18:00;2080.4;1173;903.67
09-01-00 19:00;2091.4;1179;908.64
09-01-00 20:00;2102.4;1185;913.62
09-01-00 21:00;2113.6;1191.1;918.62
09-01-00 22:00;2124.8;1197.2;923.64
09-01-00 23:00;2136;1203.4;928.67
10-01-00 00:00;2147.4;1209.7;933.73
10-01-00 01:00;2158.8;1216;938.81
10-01-00 02:00;2171.1;1222.8;944.15
10-01-00 03:00;2184.7;1230.3;949.93
10-01-00 04:00;2199.3;1238.5;956.09
10-01-00 05:00;2214.6;1247.3;962.48
10-01-00 06:00;2230.3;1256.3;969.04
10-01-00 07:00;2246.5;1265.6;975.76
10-01-00 08:00;2263.6;1275.5;982.77
10-01-00 09:00;2281.9;1286.1;990.23
10-01-00 10:00;2301.4;1297.6;997.92
10-01-00 11:00;2322;1309.8;1006.1
10-01-00 12:00;2345;1323.4;1015.1
10-01-00 13:00;2370.8;1338.8;1024.9
10-01-00 14:00;2399.2;1355.9;1035.6
10-01-00 15:00;2430.7;1374.8;1047.5
10-01-00 16:00;2463.6;1394.7;1060.1
10-01-00 17:00;2499.5;1416.6;1073.7
10-01-00 18:00;2534.7;1438.3;1087.2
10-01-00 19:00;2569.9;1459.8;1100.9
10-01-00 20:00;2600.8;1479.1;1113.7
10-01-00 21:00;2632.6;1498;1125.8
10-01-00 22:00;2669.6;1519.5;1140.8
10-01-00 23:00;2705.7;1539.2;1156.9
11-01-00 00:00;2740.4;1558;1172.8
11-01-00 01:00;2774;1576.2;1188.4
11-01-00 02:00;2807.2;1594;1203.6
11-01-00 03:00;2840.6;1612;1218.9
11-01-00 04:00;2874.2;1630.3;1234
11-01-00 05:00;2907.1;1648.5;1248.8
11-01-00 06:00;2940.6;1667.2;1263.5
11-01-00 07:00;2973.7;1685.1;1278.4
11-01-00 08:00;3006.6;1703;1293.3
11-01-00 09:00;3039.5;1721.2;1308
11-01-00 10:00;3072.7;1739.7;1322.5
11-01-00 11:00;3105.5;1758.2;1336.7
11-01-00 12:00;3137.9;1776.7;1350.8
11-01-00 13:00;3170;1795;1364.6
11-01-00 14:00;3202.1;1814.3;1377.8
11-01-00 15:00;3234.9;1834.8;1390.3
11-01-00 16:00;3267.8;1855.9;1402.8
11-01-00 17:00;3300.4;1877.6;1414.3
11-01-00 18:00;3332.6;1899.6;1425
11-01-00 19:00;3365.4;1922.8;1435.3
11-01-00 20:00;3399.5;1948.1;1444.7
11-01-00 21:00;3434.8;1975;1453.4
11-01-00 22:00;3472.5;2004.5;1461.9
11-01-00 23:00;3511.9;2035.5;1470.4
12-01-00 00:00;3552.7;2068.1;1478.8
12-01-00 01:00;3594;2100.7;1487.5
12-01-00 02:00;3634.8;2131.6;1497.2
12-01-00 03:00;3678.7;2164.8;1507.8
12-01-00 04:00;3725.3;2200;1519
12-01-00 05:00;3775.1;2237.5;1531.1
12-01-00 06:00;3825.9;2275.7;1543.7
12-01-00 07:00;3878.2;2314.4;1557.1
12-01-00 08:00;3930.8;2352.8;1571.4
12-01-00 09:00;3982.2;2389.6;1586
12-01-00 10:00;4032.3;2424.7;1601.2
12-01-00 11:00;4081.2;2457.9;1616.9
12-01-00 12:00;4128.7;2489.2;1633.2
12-01-00 13:00;4173.9;2517.7;1650
12-01-00 14:00;4220.3;2549.6;1665.4
12-01-00 15:00;4264.8;2581.9;1678.1
12-01-00 16:00;4304;2609.2;1690.3
12-01-00 17:00;4340.8;2634;1702.4
12-01-00 18:00;4376.2;2657.4;1714.5
12-01-00 19:00;4411.2;2680.2;1726.8
12-01-00 20:00;4445.4;2702.1;1739.1
12-01-00 21:00;4478.7;2723.7;1750.8
12-01-00 22:00;4511.1;2745.6;1761.2
12-01-00 23:00;4543.5;2767.5;1771.7
13-01-00 00:00;4576.3;2789.1;1782.8
13-01-00 01:00;4610.5;2811.5;1794.5
13-01-00 02:00;4648.6;2836.1;1807.6
13-01-00 03:00;4688.3;2861.1;1821.9
13-01-00 04:00;4728.6;2885.8;1837.4
13-01-00 05:00;4770;2910.4;1854.2
13-01-00 06:00;4812.8;2934.9;1872.3
13-01-00 07:00;4856.8;2959.4;1891.7
13-01-00 08:00;4902.4;2983.9;1912.6
13-01-00 09:00;4949.4;3008.5;1934.9
13-01-00 10:00;4996.9;3032.7;1958.2
13-01-00 11:00;5044.7;3056.2;1982.5
13-01-00 12:00;5093.4;3079.5;2007.8
13-01-00 13:00;5142.8;3102.6;2034
13-01-00 14:00;5192.7;3126.9;2059.3
13-01-00 15:00;5243.9;3152.1;2085
13-01-00 16:00;5297.7;3177.8;2112.9
13-01-00 17:00;5354;3204.5;2142.2
13-01-00 18:00;5411.9;3231.8;2172.6
13-01-00 19:00;5471.1;3259;2204.3
13-01-00 20:00;5530.5;3286;2236.7
13-01-00 21:00;5587;3315.9;2262.7
13-01-00 22:00;5645.3;3345.9;2290.8
13-01-00 23:00;5700.7;3370.4;2320.9
14-01-00 00:00;5754.7;3391.9;2352.8
14-01-00 01:00;5808.4;3414.3;2384
14-01-00 02:00;5856.6;3433.8;2413.3
14-01-00 03:00;5900.2;3451.3;2439.9
14-01-00 04:00;5939.9;3467.4;2464
14-01-00 05:00;6036.7;3467;2568.3
14-01-00 06:00;6077.7;3471.9;2603
14-01-00 07:00;6124.4;3475.5;2646
14-01-00 08:00;6160.1;3479.6;2673.5
14-01-00 09:00;6243.4;3474;2761.7
14-01-00 10:00;6356.6;3462.1;2896.6
14-01-00 11:00;6395.6;3462.3;2951.9
14-01-00 12:00;6340.5;3482.9;2878.2
14-01-00 13:00;6317.6;3498.1;2828.2
14-01-00 14:00;6351.8;3502.7;2849.8
14-01-00 15:00;6401.5;3504.6;2894.9
14-01-00 16:00;6445.1;3507.3;2935.1
14-01-00 17:00;6480.4;3511.3;2966.4
14-01-00 18:00;6510.9;3516;2992.1
14-01-00 19:00;6539.4;3521.1;3015.5
14-01-00 20:00;6567.5;3526.2;3038.3
14-01-00 21:00;6595.1;3531.4;3060.7
14-01-00 22:00;6622.3;3536.7;3082.6
14-01-00 23:00;6649.1;3542;3104.1
15-01-00 00:00;6675.6;3547.2;3125.2
15-01-00 01:00;6700;3552.4;3144.5
15-01-00 02:00;6719.2;3557;3159.2
15-01-00 03:00;6731.7;3562;3166.6
15-01-00 04:00;6744.6;3566.5;3175.2
15-01-00 05:00;6756.9;3570.6;3183.5
15-01-00 06:00;6768.4;3574.4;3191.3
15-01-00 07:00;6779.2;3578;3198.6
15-01-00 08:00;6789.4;3581.4;3205.5
15-01-00 09:00;6799.1;3584.6;3212.1
15-01-00 10:00;6808.5;3587.7;3218.4
15-01-00 11:00;6817.4;3590.6;3224.5
15-01-00 12:00;6826.1;3593.5;3230.4
15-01-00 13:00;6834.6;3596.2;3236.2
15-01-00 14:00;6842.8;3598.8;3241.8
15-01-00 15:00;6851.6;3602.7;3246.9
15-01-00 16:00;6863;3611;3250.2
15-01-00 17:00;6872.7;3617.9;3253.2
15-01-00 18:00;6882;3624.1;3256.3
15-01-00 19:00;6891;3630;3259.5
15-01-00 20:00;6899.8;3635.6;3262.6
15-01-00 21:00;6908.4;3641.1;3265.8
15-01-00 22:00;6917;3646.5;3269
15-01-00 23:00;6925.5;3651.8;3272.2
16-01-00 00:00;6933.8;3657;3275.5
16-01-00 01:00;6941.1;3661.5;3278.3
16-01-00 02:00;6944.8;3664.2;3279.6
16-01-00 03:00;6946.4;3666;3279.7
16-01-00 04:00;6946.7;3667;3279.1
16-01-00 05:00;6945.9;3667.5;3278
16-01-00 06:00;6944.4;3667.5;3276.6
16-01-00 07:00;6942.3;3667.3;3274.8
16-01-00 08:00;6939.8;3666.8;3272.9
16-01-00 09:00;6936.9;3666.1;3270.8
16-01-00 10:00;6933.7;3665.1;3268.5
16-01-00 11:00;6930.2;3664.1;3266.2
16-01-00 12:00;6926.5;3662.9;3263.8
16-01-00 13:00;6922.7;3661.6;3261.3
16-01-00 14:00;6918.7;3660.1;3258.8
16-01-00 15:00;6914.6;3658.6;3256.2
16-01-00 16:00;6910.3;3657;3253.7
16-01-00 17:00;6906;3655.3;3251
16-01-00 18:00;6901.5;3653.5;3248.4
16-01-00 19:00;6897;3651.7;3245.7
16-01-00 20:00;6892.4;3649.8;3243.1
16-01-00 21:00;6887.8;3647.8;3240.4
16-01-00 22:00;6883.1;3645.8;3237.7
16-01-00 23:00;6878.4;3643.8;3235
17-01-00 00:00;6873.6;3641.7;3232.4
17-01-00 01:00;6867.6;3639;3229.3
17-01-00 02:00;6858;3634.5;3224.4
17-01-00 03:00;6846.4;3629;3218.5
17-01-00 04:00;6833.3;3622.7;3211.9
17-01-00 05:00;6819.2;3616;3204.7
17-01-00 06:00;6804.3;3608.8;3197.1
17-01-00 07:00;6788.8;3601.3;3189.3
17-01-00 08:00;6775.4;3597.5;3180
17-01-00 09:00;6761.7;3594.7;3169.3
17-01-00 10:00;6747.3;3591.6;3158.2
17-01-00 11:00;6726.5;3589.2;3139.4
17-01-00 12:00;6708.8;3586.4;3124.5
17-01-00 13:00;6691.3;3583.5;3110
17-01-00 14:00;6673.6;3580.4;3095.5
17-01-00 15:00;6655.8;3577.1;3081
17-01-00 16:00;6637.9;3573.7;3066.5
17-01-00 17:00;6619.8;3570.1;3052
17-01-00 18:00;6601.5;3566.5;3037.4
17-01-00 19:00;6583.1;3562.7;3022.8
17-01-00 20:00;6564.6;3558.8;3008.2
17-01-00 21:00;6546;3554.9;2993.5
17-01-00 22:00;6527.3;3550.8;2978.9
17-01-00 23:00;6508.3;3546.7;2964.1
18-01-00 00:00;6489.3;3542.5;2949.1
18-01-00 01:00;6468.7;3538.2;2933
18-01-00 02:00;6444.6;3533.4;2913.8
18-01-00 03:00;6418.4;3528.2;2892.9
18-01-00 04:00;6391.4;3522.8;2871.4
18-01-00 05:00;6363.1;3517.2;2848.8
18-01-00 06:00;6333.6;3511.4;2825.1
18-01-00 07:00;6302.8;3505.7;2800
18-01-00 08:00;6270.6;3500.1;2773.3
18-01-00 09:00;6237.6;3494.7;2745.6
18-01-00 10:00;6203.2;3489.6;2716.2
18-01-00 11:00;6167.4;3485;2684.8
18-01-00 12:00;6128.9;3481.2;2649.6
18-01-00 13:00;6100.1;3475.5;2627
18-01-00 14:00;6067.6;3470.7;2599.1
18-01-00 15:00;6034;3466.3;2569.8
18-01-00 16:00;5999.8;3462.2;2539.6
18-01-00 17:00;5967;3457.8;2511.1
18-01-00 18:00;5933.7;3453.3;2482.3
18-01-00 19:00;5909.1;3446.4;2465.8
18-01-00 20:00;5889.5;3435.3;2458.2
18-01-00 21:00;5867;3423.3;2448.1
18-01-00 22:00;5842.7;3410.8;2436.3
18-01-00 23:00;5817.1;3398.1;2423.5
19-01-00 00:00;5790.5;3385.3;2409.8
19-01-00 01:00;5763.8;3372.4;2396.1
19-01-00 02:00;5736.5;3359.3;2381.8
19-01-00 03:00;5704.4;3340.5;2368.1
19-01-00 04:00;5674.5;3323;2355.7
19-01-00 05:00;5645;3306.4;2342.9
19-01-00 06:00;5615.5;3290.2;2329.6
19-01-00 07:00;5585.8;3274.3;2315.7
19-01-00 08:00;5556.1;3258.8;2301.5
19-01-00 09:00;5526.3;3243.6;2286.9
19-01-00 10:00;5496.6;3228.7;2272
19-01-00 11:00;5466.9;3213.9;2257.2
19-01-00 12:00;5437.4;3199.2;2242.4
19-01-00 13:00;5407.9;3184.3;2227.8
19-01-00 14:00;5378.6;3169.2;2213.6
19-01-00 15:00;5347.4;3155.3;2196.1
19-01-00 16:00;5316.4;3142.1;2178.3
19-01-00 17:00;5285.9;3128.7;2161.1
19-01-00 18:00;5255.7;3115.4;2144.2
19-01-00 19:00;5225.8;3102;2127.7
19-01-00 20:00;5196.2;3088.6;2111.5
19-01-00 21:00;5166.9;3075.1;2095.6
19-01-00 22:00;5137.8;3061.8;2079.9
19-01-00 23:00;5109.2;3048.3;2064.6
20-01-00 00:00;5080.7;3034.9;2049.6
20-01-00 01:00;5052.5;3021.7;2034.5
20-01-00 02:00;5025.5;3009;2020.2
20-01-00 03:00;4999.4;2996.5;2006.5
20-01-00 04:00;4973.3;2984.6;1992.1
20-01-00 05:00;4947.1;2973.1;1977.4
20-01-00 06:00;4921.2;2961.3;1963.2
20-01-00 07:00;4895.6;2949.5;1949.5
20-01-00 08:00;4870.4;2937.6;1936.1
20-01-00 09:00;4845.6;2925.7;1923.1
20-01-00 10:00;4821.2;2913.8;1910.6
20-01-00 11:00;4797;2901.9;1898.4
20-01-00 12:00;4773.1;2889.9;1886.5
20-01-00 13:00;4749.5;2877.8;1874.9
20-01-00 14:00;4726.3;2865.8;1863.7
20-01-00 15:00;4703.4;2853.7;1852.9
20-01-00 16:00;4680.7;2841.5;1842.4
20-01-00 17:00;4658.4;2829.2;1832.3
20-01-00 18:00;4636.4;2816.9;1822.7
20-01-00 19:00;4614.7;2804.4;1813.4
20-01-00 20:00;4593.2;2791.8;1804.5
20-01-00 21:00;4571.8;2779;1795.8
20-01-00 22:00;4550.3;2766.1;1787.3
20-01-00 23:00;4528.8;2752.8;1779.1
21-01-00 00:00;4506.9;2739;1771
21-01-00 01:00;4484.4;2724.7;1762.9
21-01-00 02:00;4460.9;2709.5;1754.6
21-01-00 03:00;4436;2694;1745.3
21-01-00 04:00;4409.8;2678.2;1734.9
21-01-00 05:00;4383.1;2661.9;1724.4
21-01-00 06:00;4356;2645.2;1714.1
21-01-00 07:00;4328.3;2627.8;1703.8
21-01-00 08:00;4297.4;2608.1;1692.9
21-01-00 09:00;4266.9;2588.5;1682
21-01-00 10:00;4235.8;2568.3;1671.1
21-01-00 11:00;4203.9;2547.4;1660.2
21-01-00 12:00;4172.1;2527.1;1649
21-01-00 13:00;4142.6;2511.1;1635.9
21-01-00 14:00;4110.2;2492.4;1622.3
21-01-00 15:00;4075.9;2472;1608.7
21-01-00 16:00;4040.4;2450.3;1594.9
21-01-00 17:00;4003.9;2427.5;1581.3
21-01-00 18:00;3966.4;2403.6;1567.7
21-01-00 19:00;3928;2378.4;1554.5
21-01-00 20:00;3888.7;2352.1;1541.5
21-01-00 21:00;3848.9;2324.9;1528.9
21-01-00 22:00;3808.8;2296.9;1516.7
21-01-00 23:00;3768.6;2268.3;1505.1
22-01-00 00:00;3729.5;2239.8;1494.2
22-01-00 01:00;3691.1;2211.5;1484
22-01-00 02:00;3654.6;2184.2;1474.6
22-01-00 03:00;3620.3;2158.2;1466.1
22-01-00 04:00;3586.9;2132.6;1458.1
22-01-00 05:00;3555;2108.1;1450.6
22-01-00 06:00;3525.5;2084.9;1443.9
22-01-00 07:00;3496.2;2061;1438.3
22-01-00 08:00;3468.4;2038.8;1432.7
22-01-00 09:00;3441.2;2017.1;1427.1
22-01-00 10:00;3414.2;1995.9;1421.3
22-01-00 11:00;3387.4;1974.8;1415.7
22-01-00 12:00;3360.5;1954;1409.7
22-01-00 13:00;3333.4;1933.2;1403.4
22-01-00 14:00;3306.5;1912.8;1397
22-01-00 15:00;3279.7;1892.7;1390.4
22-01-00 16:00;3252.9;1872.9;1383.5
22-01-00 17:00;3226.1;1853.4;1376.3
22-01-00 18:00;3199.4;1834.4;1368.7
22-01-00 19:00;3172.9;1815.9;1360.9
22-01-00 20:00;3146.7;1798;1352.7
22-01-00 21:00;3120.9;1780.9;1344.2
22-01-00 22:00;3095.6;1764.7;1335.3
22-01-00 23:00;3070.2;1748.4;1326.3
23-01-00 00:00;3045.7;1732.9;1317.3
23-01-00 01:00;3021.1;1717.7;1308.1
23-01-00 02:00;2997.7;1703.4;1298.9
23-01-00 03:00;2975.6;1689.8;1290.3
23-01-00 04:00;2954.5;1677.1;1281.9
23-01-00 05:00;2934.2;1665;1273.6
23-01-00 06:00;2914.4;1653.3;1265.6
23-01-00 07:00;2895;1641.8;1257.7
23-01-00 08:00;2876.1;1630.5;1250
23-01-00 09:00;2857.5;1619.4;1242.5
23-01-00 10:00;2839.2;1608.6;1235
23-01-00 11:00;2821;1597.8;1227.6
23-01-00 12:00;2803;1587.3;1220.2
23-01-00 13:00;2785.1;1576.8;1212.7
23-01-00 14:00;2767.2;1566.4;1205.3
23-01-00 15:00;2749.3;1556.1;1197.8
23-01-00 16:00;2731.4;1545.7;1190.3
23-01-00 17:00;2713.2;1535.3;1182.6
23-01-00 18:00;2695.4;1525;1175.1
23-01-00 19:00;2677.7;1514.8;1167.6
23-01-00 20:00;2660.1;1504.5;1160.3
23-01-00 21:00;2642.6;1494.4;1152.9
23-01-00 22:00;2625;1483.9;1145.8
23-01-00 23:00;2607.4;1473.4;1138.7
24-01-00 00:00;2589.8;1463;1131.7
24-01-00 01:00;2572.3;1452.5;1124.7
24-01-00 02:00;2555;1442.2;1117.7
24-01-00 03:00;2538;1432.1;1110.8
24-01-00 04:00;2520.7;1421.8;1103.9
24-01-00 05:00;2504;1411.9;1097.1
24-01-00 06:00;2487.8;1402.3;1090.4
24-01-00 07:00;2472;1393;1084
24-01-00 08:00;2456.7;1383.8;1077.8
24-01-00 09:00;2442.2;1375.1;1072
24-01-00 10:00;2428.7;1366.5;1066.8
24-01-00 11:00;2414.1;1357.6;1061.6
24-01-00 12:00;2397.3;1347.2;1055.2
24-01-00 13:00;2382;1337.8;1049.3
24-01-00 14:00;2367.3;1328.8;1043.6
24-01-00 15:00;2353.1;1320.1;1038.1
24-01-00 16:00;2338.8;1311.4;1032.5
24-01-00 17:00;2325.3;1303.2;1027.2
24-01-00 18:00;2312.4;1295.2;1022.2
24-01-00 19:00;2300.1;1287.7;1017.4
24-01-00 20:00;2288.4;1280.4;1012.8
24-01-00 21:00;2277.4;1273.6;1008.6
24-01-00 22:00;2267;1267.1;1004.5
24-01-00 23:00;2255.7;1260.2;1000.2
25-01-00 00:00;2245.2;1253.6;996.2
25-01-00 01:00;2234.8;1247.1;992.23
25-01-00 02:00;2224.5;1240.7;988.34
25-01-00 03:00;2214.5;1234.4;984.54
25-01-00 04:00;2204.7;1228.3;980.86
25-01-00 05:00;2195.3;1222.4;977.26
25-01-00 06:00;2186.2;1216.7;973.73
25-01-00 07:00;2177.3;1211.2;970.25
25-01-00 08:00;2168.6;1205.9;966.8
25-01-00 09:00;2160.2;1200.8;963.43
25-01-00 10:00;2151.3;1195.5;959.89
25-01-00 11:00;2142.3;1190.1;956.17
25-01-00 12:00;2133.1;1184.7;952.43
25-01-00 13:00;2123.9;1179.2;948.66
25-01-00 14:00;2114.5;1173.7;944.86
25-01-00 15:00;2105.2;1168.2;941.06
25-01-00 16:00;2095.9;1162.6;937.26
25-01-00 17:00;2086.5;1157.1;933.35
25-01-00 18:00;2077;1151.6;929.42
25-01-00 19:00;2067.6;1146.1;925.47
25-01-00 20:00;2058.1;1140.6;921.51
25-01-00 21:00;2048.6;1135.1;917.54
25-01-00 22:00;2039.1;1129.6;913.56
25-01-00 23:00;2029.6;1124.1;909.58
26-01-00 00:00;2020.1;1118.5;905.55
26-01-00 01:00;2010.6;1113.1;901.42
26-01-00 02:00;2001.2;1107.8;897.33
26-01-00 03:00;1992;1102.6;893.31
26-01-00 04:00;1983.1;1097.5;889.36
26-01-00 05:00;1974.5;1092.7;885.52
26-01-00 06:00;1966.2;1088;881.77
26-01-00 07:00;1958;1083.4;878.08
26-01-00 08:00;1950.1;1079.1;874.45
26-01-00 09:00;1942.3;1074.8;870.88
26-01-00 10:00;1934.8;1070.8;867.31
26-01-00 11:00;1927.4;1066.9;863.76
26-01-00 12:00;1920;1063;860.21
26-01-00 13:00;1912.5;1059.1;856.58
26-01-00 14:00;1905.2;1055.3;852.92
26-01-00 15:00;1897.9;1051.7;849.28
26-01-00 16:00;1890.7;1048.1;845.61
26-01-00 17:00;1883.5;1044.6;841.92
26-01-00 18:00;1876.4;1041.1;838.23
26-01-00 19:00;1869.4;1037.7;834.53
26-01-00 20:00;1862.4;1034.4;830.84
26-01-00 21:00;1855.5;1031.2;827.14
26-01-00 22:00;1848.5;1027.9;823.42
26-01-00 23:00;1841.4;1024.6;819.62
27-01-00 00:00;1834.3;1021.3;815.78
27-01-00 01:00;1827.3;1018.1;811.94
27-01-00 02:00;1820.7;1015.1;808.23
27-01-00 03:00;1814.7;1012.5;804.71
27-01-00 04:00;1809.1;1010.2;801.33
27-01-00 05:00;1803.8;1008;798.1
27-01-00 06:00;1798.8;1006.1;794.95
27-01-00 07:00;1793.9;1004.2;791.92
27-01-00 08:00;1789.2;1002.3;788.96
27-01-00 09:00;1784.5;1000.5;786.09
27-01-00 10:00;1780;998.66;783.27
27-01-00 11:00;1775.4;996.84;780.51
27-01-00 12:00;1770.9;995.01;777.77
27-01-00 13:00;1766.4;993.17;775.06
27-01-00 14:00;1761.9;991.33;772.38
27-01-00 15:00;1757.4;989.48;769.7
27-01-00 16:00;1753;987.61;767.04
27-01-00 17:00;1748.5;985.74;764.4
27-01-00 18:00;1744;983.86;761.78
27-01-00 19:00;1739.6;981.97;759.18
27-01-00 20:00;1735.1;980.07;756.58
27-01-00 21:00;1730.6;978.14;754
27-01-00 22:00;1726.1;976.21;751.42
27-01-00 23:00;1721.6;974.24;748.83
28-01-00 00:00;1717;972.22;746.25
28-01-00 01:00;1712.5;970.2;743.67
28-01-00 02:00;1708.2;968.33;741.19
28-01-00 03:00;1704.1;966.56;738.82
28-01-00 04:00;1700;964.76;736.53
28-01-00 05:00;1696;962.9;734.33
28-01-00 06:00;1692.1;961.07;732.17
28-01-00 07:00;1688.1;959.13;730.08
28-01-00 08:00;1684.1;957.23;728.02
28-01-00 09:00;1680.2;955.32;725.97
28-01-00 10:00;1676.3;953.4;723.93
28-01-00 11:00;1672.3;951.46;721.91
28-01-00 12:00;1668.4;949.51;719.89
28-01-00 13:00;1664.4;947.55;717.88
28-01-00 14:00;1660.5;945.58;715.87
28-01-00 15:00;1656.5;943.61;713.87
28-01-00 16:00;1652.6;941.63;711.89
28-01-00 17:00;1648.6;939.63;709.91
28-01-00 18:00;1644.6;937.62;707.93
28-01-00 19:00;1640.7;935.6;705.97
28-01-00 20:00;1636.7;933.57;704.01
28-01-00 21:00;1632.7;931.5;702.06
28-01-00 22:00;1628.7;929.43;700.09
28-01-00 23:00;1624.6;927.34;698.13
29-01-00 00:00;1620.6;925.23;696.17
29-01-00 01:00;1616.5;923.12;694.21
29-01-00 02:00;1612.4;920.96;692.24
29-01-00 03:00;1608.2;918.77;690.24
29-01-00 04:00;1604;916.58;688.24
29-01-00 05:00;1599.8;914.38;686.24
29-01-00 06:00;1595.6;912.17;684.23
29-01-00 07:00;1591.4;909.95;682.22
29-01-00 08:00;1587.2;907.72;680.21
29-01-00 09:00;1582.9;905.48;678.19
29-01-00 10:00;1578.7;903.25;676.17
29-01-00 11:00;1574.4;901;674.15
29-01-00 12:00;1570.2;898.76;672.13
29-01-00 13:00;1566;896.52;670.12
29-01-00 14:00;1561.7;894.28;668.11
29-01-00 15:00;1557.5;892.03;666.1
29-01-00 16:00;1553.2;889.77;664.09
29-01-00 17:00;1549;887.51;662.09
29-01-00 18:00;1544.7;885.24;660.09
29-01-00 19:00;1540.5;882.98;658.08
29-01-00 20:00;1536.2;880.71;656.08
29-01-00 21:00;1531.9;878.43;654.09
29-01-00 22:00;1527.7;876.14;652.08
29-01-00 23:00;1523.4;873.85;650.08
30-01-00 00:00;1519.1;871.55;648.07
30-01-00 01:00;1515;869.36;646.12
30-01-00 02:00;1511.7;867.66;644.47
30-01-00 03:00;1508.9;866.21;643.05
30-01-00 04:00;1506.3;864.88;641.8
30-01-00 05:00;1504;863.63;640.67
30-01-00 06:00;1501.7;862.45;639.62
30-01-00 07:00;1499.7;861.32;638.65
30-01-00 08:00;1497.7;860.22;637.75
30-01-00 09:00;1495.7;859.14;636.89
30-01-00 10:00;1493.9;858.09;636.07
30-01-00 11:00;1492.1;857.06;635.3
30-01-00 12:00;1490.4;856.05;634.56
30-01-00 13:00;1488.7;855.06;633.85
30-01-00 14:00;1487;854.08;633.16
30-01-00 15:00;1485.4;853.12;632.5
30-01-00 16:00;1483.8;852.17;631.85
30-01-00 17:00;1482.2;851.24;631.22
30-01-00 18:00;1480.7;850.32;630.6
30-01-00 19:00;1479.2;849.41;629.98
30-01-00 20:00;1477.7;848.52;629.38
30-01-00 21:00;1476.2;847.62;628.79
30-01-00 22:00;1474.7;846.73;628.21
30-01-00 23:00;1473.3;845.85;627.64
31-01-00 00:00;1471.9;844.98;627.08
