Time [yyyy-MM-dd HH:mm:ss];Discharge at (51_A_B_ 3863_562) [m³/s];Discharge at (Bovenrijn_A_ 1797_096) [m³/s]
27-12-99 00:00;6090.3;6092
27-12-99 01:00;1709.4;1510.4
27-12-99 02:00;1953.8;1815.5
27-12-99 03:00;2503.4;2268.9
27-12-99 04:00;2969.1;2727
27-12-99 05:00;3353.6;3120.1
27-12-99 06:00;3701.2;3483
27-12-99 07:00;3972.9;3779.9
27-12-99 08:00;4174.2;4004.3
27-12-99 09:00;4337.7;4187.8
27-12-99 10:00;4469;4337.3
27-12-99 11:00;4575;4458.6
27-12-99 12:00;4664.6;4559.5
27-12-99 13:00;4746;4649.4
27-12-99 14:00;4814;4725.9
27-12-99 15:00;4874.5;4793.8
27-12-99 16:00;4926.3;4852.4
27-12-99 17:00;4970.5;4902.3
27-12-99 18:00;5008.4;4945.4
27-12-99 19:00;5041.3;4983.2
27-12-99 20:00;5069.5;5015.8
27-12-99 21:00;5093.3;5043.7
27-12-99 22:00;5114.4;5068.3
27-12-99 23:00;5133.8;5090.8
28-12-99 00:00;5151.5;5111.3
28-12-99 01:00;5167.5;5130.1
28-12-99 02:00;5182.3;5147.2
28-12-99 03:00;5195.8;5162.7
28-12-99 04:00;5208.1;5176.8
28-12-99 05:00;5219.3;5189.8
28-12-99 06:00;5229.5;5201.6
28-12-99 07:00;5239.2;5212.7
28-12-99 08:00;5248.1;5222.9
28-12-99 09:00;5256.3;5232.3
28-12-99 10:00;5263.8;5240.9
28-12-99 11:00;5270.6;5248.8
28-12-99 12:00;5276.7;5256.2
28-12-99 13:00;5282.3;5263
28-12-99 14:00;5287.5;5269.4
28-12-99 15:00;5292.3;5275.2
28-12-99 16:00;5296.7;5280.6
28-12-99 17:00;5300.8;5285.6
28-12-99 18:00;5304.5;5290.2
28-12-99 19:00;5308;5294.5
28-12-99 20:00;5311.2;5298.5
28-12-99 21:00;5314.2;5302.2
28-12-99 22:00;5316.9;5305.7
28-12-99 23:00;5319.5;5309
29-12-99 00:00;5321.9;5312
29-12-99 01:00;5324.1;5314.8
29-12-99 02:00;5326.1;5317.5
29-12-99 03:00;5328;5319.9
29-12-99 04:00;5329.8;5322.2
29-12-99 05:00;5331.5;5324.3
29-12-99 06:00;5333.1;5326.3
29-12-99 07:00;5334.6;5328.2
29-12-99 08:00;5335.9;5329.9
29-12-99 09:00;5337.2;5331.6
29-12-99 10:00;5338.4;5333.1
29-12-99 11:00;5339.6;5334.5
29-12-99 12:00;5340.6;5335.9
29-12-99 13:00;5341.6;5337.1
29-12-99 14:00;5342.6;5338.3
29-12-99 15:00;5343.5;5339.4
29-12-99 16:00;5344.3;5340.5
29-12-99 17:00;5345.1;5341.4
29-12-99 18:00;5345.8;5342.4
29-12-99 19:00;5346.5;5343.2
29-12-99 20:00;5347.1;5344
29-12-99 21:00;5347.8;5344.8
29-12-99 22:00;5348.3;5345.5
29-12-99 23:00;5348.9;5346.2
30-12-99 00:00;5349.4;5346.9
30-12-99 01:00;5349.9;5347.5
30-12-99 02:00;5350.4;5348.1
30-12-99 03:00;5350.8;5348.7
30-12-99 04:00;5351.2;5349.2
30-12-99 05:00;5351.6;5349.7
30-12-99 06:00;5352;5350.2
30-12-99 07:00;5352.4;5350.6
30-12-99 08:00;5352.7;5351.1
30-12-99 09:00;5353;5351.5
30-12-99 10:00;5353.3;5351.8
30-12-99 11:00;5353.6;5352.2
30-12-99 12:00;5354;5353.4
30-12-99 13:00;5355.6;5354.9
30-12-99 14:00;5355.1;5354
30-12-99 15:00;5355;5353.8
30-12-99 16:00;5355.1;5353.9
30-12-99 17:00;5355.2;5354
30-12-99 18:00;5355.3;5354.2
30-12-99 19:00;5355.4;5354.4
30-12-99 20:00;5355.6;5354.6
30-12-99 21:00;5355.7;5354.8
30-12-99 22:00;5355.9;5355
30-12-99 23:00;5356;5355.2
31-12-99 00:00;5356.2;5355.4
31-12-99 01:00;5356.3;5355.6
31-12-99 02:00;5356.4;5355.8
31-12-99 03:00;5356.6;5355.9
31-12-99 04:00;5356.7;5356.1
31-12-99 05:00;5356.8;5356.2
31-12-99 06:00;5356.9;5356.4
31-12-99 07:00;5357;5356.5
31-12-99 08:00;5357.1;5356.6
31-12-99 09:00;5357.2;5356.8
31-12-99 10:00;5357.3;5356.9
31-12-99 11:00;5357.4;5357
31-12-99 12:00;5357.5;5357.1
31-12-99 13:00;5357.6;5357.2
31-12-99 14:00;5357.6;5357.3
31-12-99 15:00;5357.7;5357.4
31-12-99 16:00;5357.8;5357.5
31-12-99 17:00;5357.8;5357.5
31-12-99 18:00;5357.9;5357.6
31-12-99 19:00;5358;5357.7
31-12-99 20:00;5358;5357.8
31-12-99 21:00;5358.1;5357.8
31-12-99 22:00;5358.1;5357.9
31-12-99 23:00;5358.2;5358
01-01-00 00:00;5358.2;5358
01-01-00 01:00;5358.5;5358.2
01-01-00 02:00;5358.8;5358.5
01-01-00 03:00;5358.9;5358.7
01-01-00 04:00;5358.7;5358.6
01-01-00 05:00;5357.9;5358
01-01-00 06:00;5356.6;5357
01-01-00 07:00;5354.8;5355.5
01-01-00 08:00;5352.6;5353.6
01-01-00 09:00;5349.9;5351.3
01-01-00 10:00;5346.9;5348.6
01-01-00 11:00;5343.6;5345.6
01-01-00 12:00;5340;5342.3
01-01-00 13:00;5336.2;5338.8
01-01-00 14:00;5332.1;5335
01-01-00 15:00;5327.9;5331
01-01-00 16:00;5323.5;5326.8
01-01-00 17:00;5318.9;5322.5
01-01-00 18:00;5314.2;5318
01-01-00 19:00;5309.4;5313.4
01-01-00 20:00;5304.5;5308.7
01-01-00 21:00;5299.5;5303.9
01-01-00 22:00;5294.4;5298.9
01-01-00 23:00;5289.2;5293.9
02-01-00 00:00;5284;5288.8
02-01-00 01:00;5278.6;5283.6
02-01-00 02:00;5273.1;5278.2
02-01-00 03:00;5268.1;5273.2
02-01-00 04:00;5264.3;5269
02-01-00 05:00;5261.9;5266
02-01-00 06:00;5261;5264.4
02-01-00 07:00;5261.3;5264
02-01-00 08:00;5262.9;5264.7
02-01-00 09:00;5265.6;5266.6
02-01-00 10:00;5269.2;5269.4
02-01-00 11:00;5273.7;5273.1
02-01-00 12:00;5278.9;5277.5
02-01-00 13:00;5284.7;5282.6
02-01-00 14:00;5291.1;5288.3
02-01-00 15:00;5298;5294.5
02-01-00 16:00;5305.4;5301.2
02-01-00 17:00;5313.1;5308.4
02-01-00 18:00;5321.1;5315.9
02-01-00 19:00;5329.5;5323.7
02-01-00 20:00;5338.1;5331.9
02-01-00 21:00;5347;5340.3
02-01-00 22:00;5356.1;5348.9
02-01-00 23:00;5365.4;5357.8
03-01-00 00:00;5374.8;5366.9
03-01-00 01:00;5384.3;5376
03-01-00 02:00;5393.7;5385.2
03-01-00 03:00;5402.6;5394.1
03-01-00 04:00;5410.1;5401.9
03-01-00 05:00;5415.9;5408.3
03-01-00 06:00;5420;5413.2
03-01-00 07:00;5422.4;5416.5
03-01-00 08:00;5423.3;5418.4
03-01-00 09:00;5422.9;5418.9
03-01-00 10:00;5421.2;5418.3
03-01-00 11:00;5418.5;5416.5
03-01-00 12:00;5414.9;5413.7
03-01-00 13:00;5410.4;5410.1
03-01-00 14:00;5405.1;5405.7
03-01-00 15:00;5399.2;5400.6
03-01-00 16:00;5392.8;5394.9
03-01-00 17:00;5385.8;5388.6
03-01-00 18:00;5378.4;5381.8
03-01-00 19:00;5370.6;5374.6
03-01-00 20:00;5362.4;5367.1
03-01-00 21:00;5353.9;5359.1
03-01-00 22:00;5345.2;5350.9
03-01-00 23:00;5336.2;5342.4
04-01-00 00:00;5327;5333.6
04-01-00 01:00;5317.5;5324.6
04-01-00 02:00;5307.9;5315.4
04-01-00 03:00;5298.6;5306.2
04-01-00 04:00;5289.9;5297.5
04-01-00 05:00;5282;5289.5
04-01-00 06:00;5274.8;5282.1
04-01-00 07:00;5268.5;5275.5
04-01-00 08:00;5262.8;5269.5
04-01-00 09:00;5257.8;5264.2
04-01-00 10:00;5253.3;5259.3
04-01-00 11:00;5249.3;5255
04-01-00 12:00;5245.7;5251.1
04-01-00 13:00;5242.5;5247.5
04-01-00 14:00;5239.5;5244.3
04-01-00 15:00;5236.9;5241.3
04-01-00 16:00;5234.5;5238.7
04-01-00 17:00;5232.3;5236.2
04-01-00 18:00;5230.2;5233.9
04-01-00 19:00;5228.4;5231.9
04-01-00 20:00;5226.7;5229.9
04-01-00 21:00;5225.1;5228.2
04-01-00 22:00;5223.6;5226.5
04-01-00 23:00;5222.3;5224.9
05-01-00 00:00;5221;5223.5
05-01-00 01:00;5219.8;5222.2
05-01-00 02:00;5218.7;5220.9
05-01-00 03:00;5218;5219.9
05-01-00 04:00;5217.8;5219.4
05-01-00 05:00;5218.3;5219.5
05-01-00 06:00;5219.5;5220.2
05-01-00 07:00;5221.2;5221.5
05-01-00 08:00;5223.6;5223.3
05-01-00 09:00;5226.4;5225.7
05-01-00 10:00;5229.6;5228.5
05-01-00 11:00;5233.3;5231.7
05-01-00 12:00;5237.2;5235.2
05-01-00 13:00;5241.5;5239.1
05-01-00 14:00;5246.1;5243.3
05-01-00 15:00;5250.8;5247.7
05-01-00 16:00;5255.8;5252.3
05-01-00 17:00;5261;5257.2
05-01-00 18:00;5266.3;5262.2
05-01-00 19:00;5271.7;5267.4
05-01-00 20:00;5277.3;5272.8
05-01-00 21:00;5283;5278.2
05-01-00 22:00;5288.8;5283.8
05-01-00 23:00;5294.7;5289.5
06-01-00 00:00;5300.7;5295.2
06-01-00 01:00;5306.7;5301.1
06-01-00 02:00;5312.9;5307
06-01-00 03:00;5319.7;5313.4
06-01-00 04:00;5327.7;5320.8
06-01-00 05:00;5337.2;5329.4
06-01-00 06:00;5348.1;5339.4
06-01-00 07:00;5360.4;5350.7
06-01-00 08:00;5374;5363.2
06-01-00 09:00;5388.6;5376.8
06-01-00 10:00;5404.2;5391.5
06-01-00 11:00;5420.7;5407
06-01-00 12:00;5438.2;5423.4
06-01-00 13:00;5457.4;5441.1
06-01-00 14:00;5480.6;5462.2
06-01-00 15:00;5504.9;5484.9
06-01-00 16:00;5529.2;5508.2
06-01-00 17:00;5553.2;5531.3
06-01-00 18:00;5576.9;5554.3
06-01-00 19:00;5600.5;5577.1
06-01-00 20:00;5623.9;5600.1
06-01-00 21:00;5647.4;5623
06-01-00 22:00;5670.9;5646.3
06-01-00 23:00;5694.4;5669.6
07-01-00 00:00;5718;5693.1
07-01-00 01:00;5741.8;5716.7
07-01-00 02:00;5765.6;5740.5
07-01-00 03:00;5789.8;5764.5
07-01-00 04:00;5814.2;5788.8
07-01-00 05:00;5838.8;5813.3
07-01-00 06:00;5863.8;5838
07-01-00 07:00;5888.9;5863
07-01-00 08:00;5914.2;5888.1
07-01-00 09:00;5939.7;5913.4
07-01-00 10:00;5965.3;5938.9
07-01-00 11:00;5991.1;5964.6
07-01-00 12:00;6017.1;5990.4
07-01-00 13:00;6043.2;6016.3
07-01-00 14:00;6069.4;6042.2
07-01-00 15:00;6095.6;6068.2
07-01-00 16:00;6121.8;6094.3
07-01-00 17:00;6148.1;6120.5
07-01-00 18:00;6174.5;6146.7
07-01-00 19:00;6200.9;6173
07-01-00 20:00;6227.5;6199.6
07-01-00 21:00;6254.2;6226.3
07-01-00 22:00;6281.1;6253.2
07-01-00 23:00;6307.8;6280
08-01-00 00:00;6334.5;6306.8
08-01-00 01:00;6361.1;6333.5
08-01-00 02:00;6387.5;6360
08-01-00 03:00;6414.9;6387.1
08-01-00 04:00;6444.2;6415.6
08-01-00 05:00;6475.7;6446
08-01-00 06:00;6509.6;6478.5
08-01-00 07:00;6545.8;6513.3
08-01-00 08:00;6584.5;6550.3
08-01-00 09:00;6625.2;6589.4
08-01-00 10:00;6668;6630.1
08-01-00 11:00;6712.9;6672.9
08-01-00 12:00;6759.6;6717.5
08-01-00 13:00;6808;6763.9
08-01-00 14:00;6857.7;6811.7
08-01-00 15:00;6908.3;6860.7
08-01-00 16:00;6959.7;6910.5
08-01-00 17:00;7012.3;6961.4
08-01-00 18:00;7065.1;7012.8
08-01-00 19:00;7117.3;7064.1
08-01-00 20:00;7169.6;7115.8
08-01-00 21:00;7222.2;7167.4
08-01-00 22:00;7275.2;7218.7
08-01-00 23:00;7328.3;7270
09-01-00 00:00;7380.9;7321
09-01-00 01:00;7432.5;7370.8
09-01-00 02:00;7484.3;7420.4
09-01-00 03:00;7535.1;7469.8
09-01-00 04:00;7583.2;7517.1
09-01-00 05:00;7628.8;7563.2
09-01-00 06:00;7677.3;7611.2
09-01-00 07:00;7730;7662.7
09-01-00 08:00;7783;7715.1
09-01-00 09:00;7835.9;7768.1
09-01-00 10:00;7888.6;7821.9
09-01-00 11:00;7941.7;7875.7
09-01-00 12:00;7994.8;7928.7
09-01-00 13:00;8049.6;7983.7
09-01-00 14:00;8104.5;8038.6
09-01-00 15:00;8159.4;8093.8
09-01-00 16:00;8213.8;8148.4
09-01-00 17:00;8269.6;8203.8
09-01-00 18:00;8327.9;8260.7
09-01-00 19:00;8387.6;8319.4
09-01-00 20:00;8453.8;8381.8
09-01-00 21:00;8525.4;8450.4
09-01-00 22:00;8592.1;8517.7
09-01-00 23:00;8656.7;8583.1
10-01-00 00:00;8716;8641.4
10-01-00 01:00;8769.3;8693.8
10-01-00 02:00;8820.3;8743.7
10-01-00 03:00;8871;8793.1
10-01-00 04:00;8922.3;8843.2
10-01-00 05:00;8974.4;8894.3
10-01-00 06:00;9028.1;8947.3
10-01-00 07:00;9082.8;9005.7
10-01-00 08:00;9137.3;9065.3
10-01-00 09:00;9195.5;9127
10-01-00 10:00;9256.5;9190.9
10-01-00 11:00;9316.7;9254.8
10-01-00 12:00;9377.3;9319.2
10-01-00 13:00;9439.5;9385.2
10-01-00 14:00;9503.5;9452.3
10-01-00 15:00;9569.2;9520.2
10-01-00 16:00;9639.9;9590.2
10-01-00 17:00;9733.7;9679.7
10-01-00 18:00;9813.1;9761.9
10-01-00 19:00;10444;10326
10-01-00 20:00;10383;10325
10-01-00 21:00;10372;10343
10-01-00 22:00;10379;10356
10-01-00 23:00;10399;10376
11-01-00 00:00;10427;10403
11-01-00 01:00;10462;10438
11-01-00 02:00;10505;10479
11-01-00 03:00;10554;10527
11-01-00 04:00;10611;10582
11-01-00 05:00;10675;10644
11-01-00 06:00;10748;10713
11-01-00 07:00;10828;10790
11-01-00 08:00;10913;10872
11-01-00 09:00;10997;10956
11-01-00 10:00;11077;11036
11-01-00 11:00;11162;11120
11-01-00 12:00;11250;11206
11-01-00 13:00;11342;11298
11-01-00 14:00;11433;11391
11-01-00 15:00;11521;11479
11-01-00 16:00;11608;11566
11-01-00 17:00;11695;11653
11-01-00 18:00;11782;11741
11-01-00 19:00;11868;11827
11-01-00 20:00;11954;11914
11-01-00 21:00;12039;12000
11-01-00 22:00;12124;12085
11-01-00 23:00;12208;12170
12-01-00 00:00;12293;12256
12-01-00 01:00;12378;12340
12-01-00 02:00;12461;12422
12-01-00 03:00;12544;12505
12-01-00 04:00;12632;12589
12-01-00 05:00;12722;12675
12-01-00 06:00;12816;12763
12-01-00 07:00;12913;12856
12-01-00 08:00;13011;12949
12-01-00 09:00;13113;13046
12-01-00 10:00;13219;13147
12-01-00 11:00;13330;13255
12-01-00 12:00;13439;13366
12-01-00 13:00;13552;13483
12-01-00 14:00;13665;13597
12-01-00 15:00;13778;13711
12-01-00 16:00;13892;13826
12-01-00 17:00;14005;13940
12-01-00 18:00;14117;14051
12-01-00 19:00;14227;14160
12-01-00 20:00;14334;14265
12-01-00 21:00;14440;14368
12-01-00 22:00;14543;14469
12-01-00 23:00;14646;14569
13-01-00 00:00;14749;14670
13-01-00 01:00;14853;14773
13-01-00 02:00;14960;14879
13-01-00 03:00;15070;14988
13-01-00 04:00;15182;15098
13-01-00 05:00;15297;15211
13-01-00 06:00;15413;15327
13-01-00 07:00;15530;15441
13-01-00 08:00;15646;15554
13-01-00 09:00;15760;15665
13-01-00 10:00;15873;15774
13-01-00 11:00;15987;15887
13-01-00 12:00;16105;16004
13-01-00 13:00;16226;16125
13-01-00 14:00;16349;16250
13-01-00 15:00;16474;16376
13-01-00 16:00;16601;16504
13-01-00 17:00;16727;16632
13-01-00 18:00;16853;16759
13-01-00 19:00;16977;16884
13-01-00 20:00;17100;17007
13-01-00 21:00;17223;17131
13-01-00 22:00;17345;17253
13-01-00 23:00;17468;17376
14-01-00 00:00;17593;17501
14-01-00 01:00;17720;17630
14-01-00 02:00;17847;17758
14-01-00 03:00;17962;17878
14-01-00 04:00;18066;17987
14-01-00 05:00;18160;18086
14-01-00 06:00;18245;18177
14-01-00 07:00;18324;18260
14-01-00 08:00;18396;18336
14-01-00 09:00;18463;18407
14-01-00 10:00;18527;18474
14-01-00 11:00;18587;18537
14-01-00 12:00;18644;18596
14-01-00 13:00;18699;18653
14-01-00 14:00;18751;18707
14-01-00 15:00;18802;18760
14-01-00 16:00;18852;18811
14-01-00 17:00;18901;18861
14-01-00 18:00;18948;18909
14-01-00 19:00;18995;18957
14-01-00 20:00;19041;19004
14-01-00 21:00;19086;19050
14-01-00 22:00;19131;19096
14-01-00 23:00;19176;19141
15-01-00 00:00;19220;19186
15-01-00 01:00;19263;19230
15-01-00 02:00;19305;19273
15-01-00 03:00;19344;19313
15-01-00 04:00;19379;19350
15-01-00 05:00;19411;19384
15-01-00 06:00;19441;19416
15-01-00 07:00;19470;19445
15-01-00 08:00;19497;19473
15-01-00 09:00;19522;19500
15-01-00 10:00;19547;19526
15-01-00 11:00;19571;19551
15-01-00 12:00;19594;19575
15-01-00 13:00;19616;19598
15-01-00 14:00;19638;19620
15-01-00 15:00;19660;19642
15-01-00 16:00;19681;19664
15-01-00 17:00;19702;19685
15-01-00 18:00;19722;19706
15-01-00 19:00;19742;19727
15-01-00 20:00;19762;19747
15-01-00 21:00;19782;19767
15-01-00 22:00;19801;19787
15-01-00 23:00;19821;19806
16-01-00 00:00;19840;19826
16-01-00 01:00;19859;19845
16-01-00 02:00;19876;19863
16-01-00 03:00;19888;19877
16-01-00 04:00;19895;19886
16-01-00 05:00;19899;19892
16-01-00 06:00;19899;19894
16-01-00 07:00;19898;19894
16-01-00 08:00;19894;19892
16-01-00 09:00;19889;19888
16-01-00 10:00;19883;19883
16-01-00 11:00;19876;19877
16-01-00 12:00;19867;19869
16-01-00 13:00;19858;19861
16-01-00 14:00;19849;19852
16-01-00 15:00;19838;19842
16-01-00 16:00;19828;19832
16-01-00 17:00;19816;19822
16-01-00 18:00;19805;19810
16-01-00 19:00;19793;19799
16-01-00 20:00;19781;19787
16-01-00 21:00;19769;19775
16-01-00 22:00;19756;19763
16-01-00 23:00;19743;19751
17-01-00 00:00;19730;19738
17-01-00 01:00;19717;19725
17-01-00 02:00;19703;19711
17-01-00 03:00;19685;19694
17-01-00 04:00;19663;19675
17-01-00 05:00;19639;19652
17-01-00 06:00;19614;19628
17-01-00 07:00;19586;19602
17-01-00 08:00;19558;19574
17-01-00 09:00;19528;19545
17-01-00 10:00;19498;19515
17-01-00 11:00;19466;19485
17-01-00 12:00;19434;19454
17-01-00 13:00;19402;19422
17-01-00 14:00;19369;19389
17-01-00 15:00;19336;19356
17-01-00 16:00;19302;19323
17-01-00 17:00;19268;19290
17-01-00 18:00;19234;19256
17-01-00 19:00;19200;19222
17-01-00 20:00;19165;19187
17-01-00 21:00;19130;19153
17-01-00 22:00;19095;19118
17-01-00 23:00;19060;19083
18-01-00 00:00;19025;19048
18-01-00 01:00;18990;19013
18-01-00 02:00;18952;18977
18-01-00 03:00;18910;18937
18-01-00 04:00;18864;18892
18-01-00 05:00;18814;18845
18-01-00 06:00;18762;18794
18-01-00 07:00;18707;18741
18-01-00 08:00;18651;18686
18-01-00 09:00;18592;18629
18-01-00 10:00;18533;18571
18-01-00 11:00;18473;18511
18-01-00 12:00;18412;18451
18-01-00 13:00;18350;18390
18-01-00 14:00;18287;18328
18-01-00 15:00;18225;18266
18-01-00 16:00;18161;18204
18-01-00 17:00;18098;18141
18-01-00 18:00;18033;18077
18-01-00 19:00;17969;18013
18-01-00 20:00;17905;17949
18-01-00 21:00;17840;17885
18-01-00 22:00;17775;17820
18-01-00 23:00;17709;17755
19-01-00 00:00;17644;17690
19-01-00 01:00;17578;17625
19-01-00 02:00;17512;17559
19-01-00 03:00;17446;17493
19-01-00 04:00;17379;17426
19-01-00 05:00;17312;17359
19-01-00 06:00;17244;17291
19-01-00 07:00;17176;17223
19-01-00 08:00;17107;17155
19-01-00 09:00;17039;17086
19-01-00 10:00;16970;17018
19-01-00 11:00;16902;16949
19-01-00 12:00;16833;16880
19-01-00 13:00;16764;16811
19-01-00 14:00;16695;16743
19-01-00 15:00;16627;16675
19-01-00 16:00;16559;16607
19-01-00 17:00;16490;16539
19-01-00 18:00;16422;16470
19-01-00 19:00;16353;16402
19-01-00 20:00;16285;16333
19-01-00 21:00;16216;16265
19-01-00 22:00;16147;16196
19-01-00 23:00;16079;16128
20-01-00 00:00;16010;16059
20-01-00 01:00;15941;15991
20-01-00 02:00;15872;15922
20-01-00 03:00;15802;15853
20-01-00 04:00;15732;15782
20-01-00 05:00;15660;15711
20-01-00 06:00;15588;15640
20-01-00 07:00;15516;15568
20-01-00 08:00;15443;15495
20-01-00 09:00;15370;15422
20-01-00 10:00;15296;15349
20-01-00 11:00;15223;15276
20-01-00 12:00;15150;15203
20-01-00 13:00;15076;15130
20-01-00 14:00;15003;15058
20-01-00 15:00;14931;14986
20-01-00 16:00;14858;14915
20-01-00 17:00;14786;14843
20-01-00 18:00;14713;14771
20-01-00 19:00;14641;14700
20-01-00 20:00;14568;14629
20-01-00 21:00;14496;14558
20-01-00 22:00;14424;14486
20-01-00 23:00;14351;14413
21-01-00 00:00;14277;14340
21-01-00 01:00;14203;14266
21-01-00 02:00;14129;14191
21-01-00 03:00;14057;14118
21-01-00 04:00;13986;14046
21-01-00 05:00;13916;13975
21-01-00 06:00;13848;13905
21-01-00 07:00;13780;13836
21-01-00 08:00;13713;13768
21-01-00 09:00;13646;13700
21-01-00 10:00;13581;13634
21-01-00 11:00;13516;13569
21-01-00 12:00;13452;13504
21-01-00 13:00;13388;13440
21-01-00 14:00;13325;13376
21-01-00 15:00;13261;13312
21-01-00 16:00;13198;13248
21-01-00 17:00;13134;13184
21-01-00 18:00;13070;13119
21-01-00 19:00;13007;13055
21-01-00 20:00;12943;12991
21-01-00 21:00;12878;12925
21-01-00 22:00;12813;12859
21-01-00 23:00;12747;12791
22-01-00 00:00;12680;12723
22-01-00 01:00;12613;12654
22-01-00 02:00;12546;12586
22-01-00 03:00;12479;12517
22-01-00 04:00;12413;12450
22-01-00 05:00;12347;12383
22-01-00 06:00;12281;12316
22-01-00 07:00;12216;12249
22-01-00 08:00;12151;12184
22-01-00 09:00;12087;12119
22-01-00 10:00;12023;12054
22-01-00 11:00;11959;11989
22-01-00 12:00;11896;11925
22-01-00 13:00;11833;11860
22-01-00 14:00;11770;11796
22-01-00 15:00;11707;11733
22-01-00 16:00;11645;11671
22-01-00 17:00;11583;11609
22-01-00 18:00;11523;11548
22-01-00 19:00;11463;11489
22-01-00 20:00;11403;11430
22-01-00 21:00;11345;11371
22-01-00 22:00;11287;11313
22-01-00 23:00;11230;11256
23-01-00 00:00;11174;11201
23-01-00 01:00;11118;11146
23-01-00 02:00;11063;11091
23-01-00 03:00;11004;11035
23-01-00 04:00;10943;10975
23-01-00 05:00;10885;10919
23-01-00 06:00;10827;10862
23-01-00 07:00;10768;10804
23-01-00 08:00;10710;10746
23-01-00 09:00;10652;10690
23-01-00 10:00;10595;10634
23-01-00 11:00;10536;10575
23-01-00 12:00;10473;10513
23-01-00 13:00;10407;10447
23-01-00 14:00;10328;10374
23-01-00 15:00;9714.7;9785.4
23-01-00 16:00;9786.3;9826
23-01-00 17:00;9836;9861
23-01-00 18:00;9836.4;9856.9
23-01-00 19:00;9819.4;9839.2
23-01-00 20:00;9793.2;9813.4
23-01-00 21:00;9760.3;9781.5
23-01-00 22:00;9722.3;9744.9
23-01-00 23:00;9680.4;9704.4
24-01-00 00:00;9636;9661.3
24-01-00 01:00;9590.3;9616.2
24-01-00 02:00;9543.9;9569.9
24-01-00 03:00;9497.3;9522.9
24-01-00 04:00;9451.9;9477
24-01-00 05:00;9407.8;9432.3
24-01-00 06:00;9364.9;9388.9
24-01-00 07:00;9323.2;9346.9
24-01-00 08:00;9282.6;9306.3
24-01-00 09:00;9242.9;9266.8
24-01-00 10:00;9204.1;9228.6
24-01-00 11:00;9166.4;9191.9
24-01-00 12:00;9129.6;9156
24-01-00 13:00;9093.2;9120.5
24-01-00 14:00;9057.3;9085.3
24-01-00 15:00;9021.5;9050.3
24-01-00 16:00;8986;9015.6
24-01-00 17:00;8950.8;8981.2
24-01-00 18:00;8915.8;8947.1
24-01-00 19:00;8881;8913.2
24-01-00 20:00;8846.3;8879.6
24-01-00 21:00;8811.9;8846.3
24-01-00 22:00;8777.7;8813.3
24-01-00 23:00;8743.6;8780.6
25-01-00 00:00;8709.6;8747.9
25-01-00 01:00;8675.6;8715.1
25-01-00 02:00;8642.6;8682.9
25-01-00 03:00;8611.4;8652.3
25-01-00 04:00;8581.2;8622.8
25-01-00 05:00;8553.8;8594.5
25-01-00 06:00;8528.3;8568.1
25-01-00 07:00;8502.4;8541.4
25-01-00 08:00;8475.7;8514.4
25-01-00 09:00;8447.6;8486
25-01-00 10:00;8418.6;8456.7
25-01-00 11:00;8388.6;8426.5
25-01-00 12:00;8357.9;8395.5
25-01-00 13:00;8326.6;8363.6
25-01-00 14:00;8294.7;8331.2
25-01-00 15:00;8262.4;8298.4
25-01-00 16:00;8229.5;8264.9
25-01-00 17:00;8196.3;8231.1
25-01-00 18:00;8162.7;8197.4
25-01-00 19:00;8129.7;8164.5
25-01-00 20:00;8096.7;8131.7
25-01-00 21:00;8063.8;8099.1
25-01-00 22:00;8030.7;8066.3
25-01-00 23:00;7997.4;8033.4
26-01-00 00:00;7964.1;8000.4
26-01-00 01:00;7930.8;7967.4
26-01-00 02:00;7897.7;7934.5
26-01-00 03:00;7864.4;7901.6
26-01-00 04:00;7830.6;7868.2
26-01-00 05:00;7797.1;7835.1
26-01-00 06:00;7764.2;7802.4
26-01-00 07:00;7732;7770.2
26-01-00 08:00;7701.6;7739.3
26-01-00 09:00;7671.9;7709.4
26-01-00 10:00;7642.8;7680.1
26-01-00 11:00;7614.6;7651.7
26-01-00 12:00;7587.4;7624.3
26-01-00 13:00;7561;7597.5
26-01-00 14:00;7535;7571.2
26-01-00 15:00;7509.5;7545.3
26-01-00 16:00;7484.2;7519.7
26-01-00 17:00;7458.3;7492.6
26-01-00 18:00;7432.7;7466.5
26-01-00 19:00;7407.4;7440.9
26-01-00 20:00;7382.3;7415.4
26-01-00 21:00;7357.4;7390.3
26-01-00 22:00;7332.4;7365
26-01-00 23:00;7307.8;7340.1
27-01-00 00:00;7283.5;7315.5
27-01-00 01:00;7259.3;7291
27-01-00 02:00;7234.8;7266.4
27-01-00 03:00;7209.6;7241.3
27-01-00 04:00;7183.3;7215.3
27-01-00 05:00;7155.7;7188.1
27-01-00 06:00;7127.1;7159.9
27-01-00 07:00;7097.8;7131.1
27-01-00 08:00;7067.8;7101.4
27-01-00 09:00;7037.2;7071.4
27-01-00 10:00;7006.4;7041.1
27-01-00 11:00;6975.2;7010.3
27-01-00 12:00;6943.7;6979.1
27-01-00 13:00;6911.8;6947
27-01-00 14:00;6879.5;6914.8
27-01-00 15:00;6847.1;6882.4
27-01-00 16:00;6814.5;6849.9
27-01-00 17:00;6781.9;6817.3
27-01-00 18:00;6749.2;6784.7
27-01-00 19:00;6716.4;6752
27-01-00 20:00;6683.6;6719.2
27-01-00 21:00;6650.6;6686.1
27-01-00 22:00;6617.6;6652.8
27-01-00 23:00;6584.5;6619.5
28-01-00 00:00;6551.2;6586.1
28-01-00 01:00;6517.3;6552.1
28-01-00 02:00;6482.8;6517.5
28-01-00 03:00;6448.8;6483.1
28-01-00 04:00;6416.3;6449.8
28-01-00 05:00;6385.5;6418
28-01-00 06:00;6356.5;6387.7
28-01-00 07:00;6329.1;6359.2
28-01-00 08:00;6303.3;6332.1
28-01-00 09:00;6278.7;6306.3
28-01-00 10:00;6255.4;6282
28-01-00 11:00;6233.4;6259.2
28-01-00 12:00;6212.5;6237.6
28-01-00 13:00;6192.7;6217
28-01-00 14:00;6173.6;6197.3
28-01-00 15:00;6155.3;6178.3
28-01-00 16:00;6137.6;6160
28-01-00 17:00;6120.3;6142.2
28-01-00 18:00;6103.6;6124.9
28-01-00 19:00;6087.3;6108.1
28-01-00 20:00;6071.4;6091.8
28-01-00 21:00;6055.9;6075.9
28-01-00 22:00;6040.6;6060.2
28-01-00 23:00;6025.7;6045
29-01-00 00:00;6011;6030
29-01-00 01:00;5996.5;6015.2
29-01-00 02:00;5982.3;6000.7
29-01-00 03:00;5968.8;5986.7
29-01-00 04:00;5956.4;5973.7
29-01-00 05:00;5945.2;5961.7
29-01-00 06:00;5935.2;5950.7
29-01-00 07:00;5926.1;5940.7
29-01-00 08:00;5918;5931.6
29-01-00 09:00;5910.6;5923.3
29-01-00 10:00;5904;5915.8
29-01-00 11:00;5898;5909
29-01-00 12:00;5892.6;5902.8
29-01-00 13:00;5887.6;5897.1
29-01-00 14:00;5883.1;5892
29-01-00 15:00;5879.1;5887.3
29-01-00 16:00;5875.3;5883
29-01-00 17:00;5871.9;5879.1
29-01-00 18:00;5868.8;5875.5
29-01-00 19:00;5865.9;5872.2
29-01-00 20:00;5863.3;5869.1
29-01-00 21:00;5860.8;5866.3
29-01-00 22:00;5858.5;5863.7
29-01-00 23:00;5856.4;5861.3
30-01-00 00:00;5854.5;5859
30-01-00 01:00;5852.6;5856.9
30-01-00 02:00;5850.9;5855
30-01-00 03:00;5848.5;5852.7
30-01-00 04:00;5845.1;5849.6
30-01-00 05:00;5840.4;5845.5
30-01-00 06:00;5834.7;5840.3
30-01-00 07:00;5827.8;5834.2
30-01-00 08:00;5820.1;5827.1
30-01-00 09:00;5811.6;5819.2
30-01-00 10:00;5802.3;5810.6
30-01-00 11:00;5792.5;5801.3
30-01-00 12:00;5782.1;5791.5
30-01-00 13:00;5771.2;5781.1
30-01-00 14:00;5759.9;5770.3
30-01-00 15:00;5748.2;5759
30-01-00 16:00;5736.2;5747.4
30-01-00 17:00;5723.9;5735.5
30-01-00 18:00;5711.3;5723.2
30-01-00 19:00;5698.5;5710.8
30-01-00 20:00;5685.5;5698
30-01-00 21:00;5672.3;5685.1
30-01-00 22:00;5659;5672
30-01-00 23:00;5645.6;5658.7
31-01-00 00:00;5632.3;5645.5
