Time [yyyy-MM-dd HH:mm:ss];876.00_PK: Discharge at (PanKan2_B_B_ 344_977)_ Flow1D [m続/s];50892ObsUS: Discharge at (PanKan2_B_A_A_ 1863_739)_ Flow1D [m続/s];874.00_PK: Discharge at (PanKan2_B_A_A_ 525_431)_ Flow1D [m続/s];50869ObsUS: Discharge at (PanKan2_A_ 3067_285)_ Flow1D [m続/s]
29-12-99 00:00;1140.7;1139.2;1131.5;1125.8
29-12-99 01:00;1068.2;1062.2;1031.3;1006.6
29-12-99 02:00;1032.2;1030.1;1025.5;1022
29-12-99 03:00;1089.7;1091.5;1098;1099.5
29-12-99 04:00;1137.6;1139.9;1148;1150
29-12-99 05:00;1174.4;1176.7;1184.5;1186.3
29-12-99 06:00;1203.1;1205.2;1212.2;1213.5
29-12-99 07:00;1225.7;1227.6;1233.7;1234.5
29-12-99 08:00;1243.8;1245.5;1250.7;1251.2
29-12-99 09:00;1258.5;1260;1264.6;1264.7
29-12-99 10:00;1270.7;1271.9;1276;1275.8
29-12-99 11:00;1280.9;1282;1285.5;1285.1
29-12-99 12:00;1289.6;1290.5;1293.6;1293
29-12-99 13:00;1297;1297.8;1300.6;1299.7
29-12-99 14:00;1303.3;1304.1;1306.6;1305.6
29-12-99 15:00;1308.9;1309.6;1311.8;1310.6
29-12-99 16:00;1313.7;1314.3;1316.3;1315
29-12-99 17:00;1317.9;1318.5;1320.3;1318.9
29-12-99 18:00;1321.7;1322.2;1323.8;1322.3
29-12-99 19:00;1324.9;1325.4;1326.8;1325.3
29-12-99 20:00;1327.8;1328.2;1329.6;1328
29-12-99 21:00;1330.4;1330.8;1332;1330.3
29-12-99 22:00;1332.7;1333.1;1334.1;1332.4
29-12-99 23:00;1334.8;1335.1;1336.1;1334.3
30-12-99 00:00;1336.6;1336.9;1337.8;1336
30-12-99 01:00;1338.3;1338.5;1339.4;1337.5
30-12-99 02:00;1339.8;1340;1340.8;1338.9
30-12-99 03:00;1341.1;1341.3;1342;1340.1
30-12-99 04:00;1342.3;1342.5;1343.2;1341.2
30-12-99 05:00;1343.4;1343.6;1344.2;1342.2
30-12-99 06:00;1344.4;1344.6;1345.1;1343.2
30-12-99 07:00;1345.3;1345.5;1346;1344
30-12-99 08:00;1346.2;1346.3;1346.8;1344.7
30-12-99 09:00;1346.9;1347;1347.5;1345.4
30-12-99 10:00;1347.6;1347.7;1348.1;1346
30-12-99 11:00;1348.2;1348.3;1348.7;1346.6
30-12-99 12:00;1348.8;1348.9;1349.2;1347.1
30-12-99 13:00;1349.3;1349.4;1349.7;1347.6
30-12-99 14:00;1349.8;1349.9;1350.1;1348
30-12-99 15:00;1350.2;1350.3;1350.5;1348.4
30-12-99 16:00;1350.6;1350.7;1350.9;1348.8
30-12-99 17:00;1350.9;1351;1351.2;1349.1
30-12-99 18:00;1351.3;1351.3;1351.5;1349.4
30-12-99 19:00;1351.6;1351.6;1351.8;1349.6
30-12-99 20:00;1351.8;1351.9;1352.1;1349.9
30-12-99 21:00;1352.1;1352.1;1352.3;1350.1
30-12-99 22:00;1352.3;1352.4;1352.5;1350.3
30-12-99 23:00;1352.5;1352.6;1352.7;1350.5
31-12-99 00:00;1352.7;1352.8;1352.9;1350.7
31-12-99 01:00;1352.9;1352.9;1353.1;1350.8
31-12-99 02:00;1353.1;1353.1;1353.2;1351
31-12-99 03:00;1353.2;1353.2;1353.3;1351.1
31-12-99 04:00;1353.3;1353.4;1353.5;1351.2
31-12-99 05:00;1353.5;1353.5;1353.6;1351.4
31-12-99 06:00;1353.6;1353.6;1353.7;1351.5
31-12-99 07:00;1353.7;1353.7;1353.8;1351.6
31-12-99 08:00;1353.8;1353.8;1353.9;1351.6
31-12-99 09:00;1353.9;1353.9;1354;1351.7
31-12-99 10:00;1354;1354;1354;1351.8
31-12-99 11:00;1354;1354.1;1354.1;1351.9
31-12-99 12:00;1354.1;1354.1;1354.2;1351.9
31-12-99 13:00;1354.2;1354.2;1354.2;1352
31-12-99 14:00;1354.2;1354.2;1354.3;1352
31-12-99 15:00;1354.3;1354.3;1354.3;1352.1
31-12-99 16:00;1354.3;1354.4;1354.4;1352.1
31-12-99 17:00;1354.4;1354.4;1354.4;1352.2
31-12-99 18:00;1354.4;1354.4;1354.5;1352.2
31-12-99 19:00;1354.5;1354.5;1354.5;1352.3
31-12-99 20:00;1354.5;1354.5;1354.5;1352.3
31-12-99 21:00;1354.5;1354.6;1354.6;1352.3
31-12-99 22:00;1354.6;1354.6;1354.6;1352.3
31-12-99 23:00;1354.6;1354.6;1354.6;1352.4
01-01-00 00:00;1354.6;1354.6;1354.7;1352.4
01-01-00 01:00;1354.6;1354.6;1354.7;1352.4
01-01-00 02:00;1354.6;1354.6;1354.6;1352.3
01-01-00 03:00;1354.5;1354.5;1354.5;1352.2
01-01-00 04:00;1354.4;1354.4;1354.4;1352.1
01-01-00 05:00;1354.3;1354.3;1354.2;1351.9
01-01-00 06:00;1354.2;1354.1;1354.1;1351.8
01-01-00 07:00;1354;1354;1354;1351.7
01-01-00 08:00;1353.9;1353.9;1353.8;1351.5
01-01-00 09:00;1353.7;1353.7;1353.7;1351.4
01-01-00 10:00;1353.6;1353.6;1353.5;1351.2
01-01-00 11:00;1353.5;1353.4;1353.4;1351.1
01-01-00 12:00;1353.3;1353.3;1353.2;1350.9
01-01-00 13:00;1353.1;1353.1;1353.1;1350.8
01-01-00 14:00;1353;1353;1352.9;1350.6
01-01-00 15:00;1352.8;1352.8;1352.7;1350.4
01-01-00 16:00;1352.7;1352.6;1352.6;1350.3
01-01-00 17:00;1352.5;1352.5;1352.4;1350.1
01-01-00 18:00;1352.3;1352.3;1352.2;1349.9
01-01-00 19:00;1352.2;1352.1;1352.1;1349.7
01-01-00 20:00;1352;1352;1351.9;1349.6
01-01-00 21:00;1351.8;1351.8;1351.7;1349.4
01-01-00 22:00;1351.7;1351.6;1351.6;1349.2
01-01-00 23:00;1351.5;1351.5;1351.4;1349.1
02-01-00 00:00;1351.3;1351.3;1351.2;1348.9
02-01-00 01:00;1351.1;1351.1;1351;1348.6
02-01-00 02:00;1350.7;1350.7;1350.5;1348.2
02-01-00 03:00;1350.3;1350.2;1350.1;1347.7
02-01-00 04:00;1349.8;1349.8;1349.6;1347.2
02-01-00 05:00;1349.3;1349.3;1349.1;1346.7
02-01-00 06:00;1348.8;1348.8;1348.6;1346.1
02-01-00 07:00;1348.3;1348.2;1348;1345.6
02-01-00 08:00;1347.7;1347.7;1347.5;1345
02-01-00 09:00;1347.2;1347.1;1346.9;1344.5
02-01-00 10:00;1346.6;1346.6;1346.3;1343.9
02-01-00 11:00;1346.1;1346;1345.8;1343.3
02-01-00 12:00;1345.5;1345.4;1345.2;1342.7
02-01-00 13:00;1344.9;1344.9;1344.6;1342.1
02-01-00 14:00;1344.4;1344.3;1344.1;1341.5
02-01-00 15:00;1343.8;1343.7;1343.5;1340.9
02-01-00 16:00;1343.2;1343.1;1342.9;1340.3
02-01-00 17:00;1342.6;1342.6;1342.3;1339.7
02-01-00 18:00;1342.1;1342;1341.7;1339.1
02-01-00 19:00;1341.5;1341.4;1341.1;1338.5
02-01-00 20:00;1340.9;1340.8;1340.5;1337.8
02-01-00 21:00;1340.2;1340.2;1339.9;1337.2
02-01-00 22:00;1339.6;1339.5;1339.3;1336.5
02-01-00 23:00;1339;1338.9;1338.7;1335.9
03-01-00 00:00;1338.3;1338.3;1338;1335.2
03-01-00 01:00;1338;1338;1337.9;1335.1
03-01-00 02:00;1338.4;1338.4;1338.5;1335.8
03-01-00 03:00;1339.1;1339.2;1339.3;1336.7
03-01-00 04:00;1340;1340.1;1340.3;1337.7
03-01-00 05:00;1341;1341.1;1341.4;1338.8
03-01-00 06:00;1342.1;1342.3;1342.6;1340
03-01-00 07:00;1343.3;1343.5;1343.9;1341.2
03-01-00 08:00;1344.6;1344.7;1345.2;1342.5
03-01-00 09:00;1345.9;1346;1346.5;1343.8
03-01-00 10:00;1347.2;1347.4;1347.9;1345.2
03-01-00 11:00;1348.6;1348.8;1349.3;1346.6
03-01-00 12:00;1350;1350.2;1350.7;1348
03-01-00 13:00;1351.4;1351.6;1352.2;1349.4
03-01-00 14:00;1352.9;1353.1;1353.7;1350.9
03-01-00 15:00;1354.3;1354.5;1355.2;1352.3
03-01-00 16:00;1355.8;1356;1356.7;1353.8
03-01-00 17:00;1357.3;1357.6;1358.2;1355.2
03-01-00 18:00;1358.8;1359.1;1359.8;1356.7
03-01-00 19:00;1360.4;1360.6;1361.3;1358.2
03-01-00 20:00;1361.9;1362.1;1362.9;1359.7
03-01-00 21:00;1363.4;1363.7;1364.4;1361.2
03-01-00 22:00;1365;1365.2;1366;1362.7
03-01-00 23:00;1366.5;1366.8;1367.6;1364.2
04-01-00 00:00;1368.1;1368.3;1369.1;1365.7
04-01-00 01:00;1369.6;1369.8;1370.6;1367.1
04-01-00 02:00;1371;1371.2;1372;1368.4
04-01-00 03:00;1372.3;1372.5;1373.3;1369.6
04-01-00 04:00;1373.6;1373.8;1374.5;1370.8
04-01-00 05:00;1374.9;1375.1;1375.8;1372
04-01-00 06:00;1376.1;1376.3;1377.1;1373.2
04-01-00 07:00;1377.4;1377.6;1378.3;1374.4
04-01-00 08:00;1378.6;1378.8;1379.5;1375.5
04-01-00 09:00;1379.8;1380.1;1380.8;1376.7
04-01-00 10:00;1381;1381.3;1382;1377.9
04-01-00 11:00;1382.3;1382.5;1383.2;1379
04-01-00 12:00;1383.5;1383.7;1384.4;1380.1
04-01-00 13:00;1384.7;1384.9;1385.6;1381.3
04-01-00 14:00;1385.9;1386.1;1386.8;1382.4
04-01-00 15:00;1387.1;1387.3;1388;1383.5
04-01-00 16:00;1388.3;1388.5;1389.2;1384.7
04-01-00 17:00;1389.5;1389.7;1390.4;1385.8
04-01-00 18:00;1390.6;1390.9;1391.6;1386.9
04-01-00 19:00;1391.8;1392;1392.8;1388
04-01-00 20:00;1393;1393.2;1394;1389.1
04-01-00 21:00;1394.2;1394.4;1395.1;1390.2
04-01-00 22:00;1395.3;1395.6;1396.3;1391.3
04-01-00 23:00;1396.5;1396.7;1397.5;1392.4
05-01-00 00:00;1397.7;1397.9;1398.6;1393.5
05-01-00 01:00;1398.7;1398.9;1399.6;1394.3
05-01-00 02:00;1399.4;1399.6;1400.2;1394.9
05-01-00 03:00;1400;1400.2;1400.8;1395.3
05-01-00 04:00;1400.5;1400.7;1401.2;1395.7
05-01-00 05:00;1400.9;1401.1;1401.6;1396
05-01-00 06:00;1401.3;1401.4;1402;1396.2
05-01-00 07:00;1401.6;1401.8;1402.3;1396.5
05-01-00 08:00;1402;1402.1;1402.6;1396.7
05-01-00 09:00;1402.3;1402.4;1402.9;1396.9
05-01-00 10:00;1402.6;1402.7;1403.2;1397.1
05-01-00 11:00;1402.8;1403;1403.4;1397.3
05-01-00 12:00;1403.1;1403.3;1403.7;1397.5
05-01-00 13:00;1403.4;1403.5;1403.9;1397.7
05-01-00 14:00;1403.6;1403.8;1404.2;1397.8
05-01-00 15:00;1403.9;1404;1404.4;1398
05-01-00 16:00;1404.1;1404.3;1404.7;1398.2
05-01-00 17:00;1404.4;1404.5;1404.9;1398.3
05-01-00 18:00;1404.6;1404.7;1405.1;1398.5
05-01-00 19:00;1404.9;1405;1405.4;1398.6
05-01-00 20:00;1405.1;1405.2;1405.6;1398.8
05-01-00 21:00;1405.3;1405.4;1405.8;1399
05-01-00 22:00;1405.6;1405.7;1406;1399.1
05-01-00 23:00;1405.8;1405.9;1406.3;1399.3
06-01-00 00:00;1406;1406.1;1406.5;1399.4
06-01-00 01:00;1406.8;1407;1407.7;1400.7
06-01-00 02:00;1408.9;1409.3;1410.3;1403.4
06-01-00 03:00;1411.7;1412.1;1413.4;1406.6
06-01-00 04:00;1414.9;1415.3;1416.8;1410
06-01-00 05:00;1418.3;1418.8;1420.4;1413.6
06-01-00 06:00;1421.9;1422.4;1424.2;1417.4
06-01-00 07:00;1425.7;1426.3;1428.1;1421.3
06-01-00 08:00;1429.6;1430.2;1432.1;1425.3
06-01-00 09:00;1433.6;1434.2;1436.2;1429.3
06-01-00 10:00;1437.7;1438.4;1440.4;1433.5
06-01-00 11:00;1441.9;1442.5;1444.7;1437.7
06-01-00 12:00;1446.1;1446.8;1449;1442
06-01-00 13:00;1450.4;1451.1;1453.3;1446.3
06-01-00 14:00;1454.8;1455.4;1457.7;1450.6
06-01-00 15:00;1459.1;1459.8;1462.1;1455
06-01-00 16:00;1463.5;1464.2;1466.5;1459.4
06-01-00 17:00;1467.9;1468.6;1471;1463.8
06-01-00 18:00;1472.4;1473.1;1475.5;1468.2
06-01-00 19:00;1476.8;1477.6;1480;1472.7
06-01-00 20:00;1481.3;1482.1;1484.5;1477.1
06-01-00 21:00;1485.8;1486.6;1489;1481.6
06-01-00 22:00;1490.3;1491.1;1493.5;1486.1
06-01-00 23:00;1494.8;1495.6;1498;1490.6
07-01-00 00:00;1499.3;1500.1;1502.6;1495
07-01-00 01:00;1504.5;1505.3;1508.2;1500.8
07-01-00 02:00;1511.1;1512.1;1515.3;1508.1
07-01-00 03:00;1518.4;1519.4;1523;1515.8
07-01-00 04:00;1526;1527.2;1530.9;1523.8
07-01-00 05:00;1533.9;1535.1;1539;1532
07-01-00 06:00;1542.1;1543.3;1547.4;1540.3
07-01-00 07:00;1550.4;1551.6;1555.8;1548.7
07-01-00 08:00;1558.8;1560.1;1564.4;1557.3
07-01-00 09:00;1567.4;1568.7;1573.1;1566
07-01-00 10:00;1576.1;1577.4;1581.8;1574.7
07-01-00 11:00;1584.8;1586.2;1590.7;1583.5
07-01-00 12:00;1593.6;1595;1599.5;1592.4
07-01-00 13:00;1602.4;1603.8;1608.4;1601.3
07-01-00 14:00;1611.3;1612.8;1617.4;1610.3
07-01-00 15:00;1620.3;1621.8;1626.4;1619.4
07-01-00 16:00;1629.3;1630.8;1635.5;1628.5
07-01-00 17:00;1638.3;1639.9;1644.5;1637.6
07-01-00 18:00;1647.3;1648.9;1653.6;1646.8
07-01-00 19:00;1656.3;1658;1662.7;1655.9
07-01-00 20:00;1665.4;1667.1;1671.9;1665.1
07-01-00 21:00;1674.4;1676.2;1681;1674.4
07-01-00 22:00;1683.5;1685.4;1690.2;1683.6
07-01-00 23:00;1692.7;1694.5;1699.4;1692.9
08-01-00 00:00;1701.7;1703.6;1708.5;1702.3
08-01-00 01:00;1710.8;1712.8;1717.7;1711.8
08-01-00 02:00;1720.1;1722.1;1727.1;1721.5
08-01-00 03:00;1729.4;1731.5;1736.6;1731.3
08-01-00 04:00;1738.8;1741;1746;1741
08-01-00 05:00;1748.2;1750.4;1755.5;1750.7
08-01-00 06:00;1757.6;1759.9;1765;1760.3
08-01-00 07:00;1767;1769.3;1774.4;1769.7
08-01-00 08:00;1776.3;1778.6;1783.8;1779.1
08-01-00 09:00;1785.6;1787.9;1793.1;1788.4
08-01-00 10:00;1794.7;1797.1;1802.3;1797.7
08-01-00 11:00;1803.8;1806.2;1811.4;1806.8
08-01-00 12:00;1812.7;1815.2;1820.3;1815.8
08-01-00 13:00;1821.5;1824;1829.2;1824.8
08-01-00 14:00;1830.1;1832.8;1838.2;1833.7
08-01-00 15:00;1838.8;1841.6;1847.1;1842.7
08-01-00 16:00;1847.4;1850.4;1856.1;1851.7
08-01-00 17:00;1855.9;1859.2;1865;1860.7
08-01-00 18:00;1864.5;1867.9;1873.8;1869.6
08-01-00 19:00;1872.9;1876.5;1882.7;1878.5
08-01-00 20:00;1881.3;1885;1891.6;1887.4
08-01-00 21:00;1889.7;1893.6;1900.5;1896.4
08-01-00 22:00;1898.1;1902.2;1909.4;1905.3
08-01-00 23:00;1906.4;1910.8;1918.3;1914.3
09-01-00 00:00;1914.8;1919.3;1927.1;1923.2
09-01-00 01:00;1923.7;1928.5;1937;1933.4
09-01-00 02:00;1933.6;1939;1948.6;1945.3
09-01-00 03:00;1944;1949.9;1960.4;1957.5
09-01-00 04:00;1954.8;1961.1;1972.5;1969.8
09-01-00 05:00;1965.7;1972.4;1984.7;1982.2
09-01-00 06:00;1976.8;1983.9;1997;1994.7
09-01-00 07:00;1987.9;1995.4;2009.3;2007.3
09-01-00 08:00;1999.1;2007;2021.6;2019.8
09-01-00 09:00;2010.4;2018.6;2034;2032.4
09-01-00 10:00;2021.7;2030.3;2046.4;2045
09-01-00 11:00;2032.7;2041.8;2058.7;2057.5
09-01-00 12:00;2043.7;2053.1;2070.9;2069.7
09-01-00 13:00;2054.7;2064.5;2082.9;2081.9
09-01-00 14:00;2065.7;2075.7;2094.7;2093.8
09-01-00 15:00;2076.7;2086.9;2106.5;2105.7
09-01-00 16:00;2087.4;2097.9;2118;2117.4
09-01-00 17:00;2098.1;2108.8;2129.2;2128.7
09-01-00 18:00;2109;2119.7;2140.2;2139.8
09-01-00 19:00;2120;2130.7;2151.2;2151
09-01-00 20:00;2131;2141.7;2162.2;2162.1
09-01-00 21:00;2142.1;2152.8;2173.3;2173.3
09-01-00 22:00;2153.4;2164.1;2184.5;2184.6
09-01-00 23:00;2164.7;2175.4;2195.8;2196
10-01-00 00:00;2176;2186.6;2207;2207.3
10-01-00 01:00;2188;2199;2220.2;2221
10-01-00 02:00;2202.3;2214.2;2237;2238.6
10-01-00 03:00;2217.9;2230.5;2254.7;2257
10-01-00 04:00;2234;2247.2;2272.9;2275.6
10-01-00 05:00;2250.4;2263.9;2291.6;2294.5
10-01-00 06:00;2266.7;2280.7;2310.9;2314
10-01-00 07:00;2283.9;2298.5;2331.4;2334.5
10-01-00 08:00;2302.2;2317.6;2351.7;2354.5
10-01-00 09:00;2323;2339.4;2373;2375.2
10-01-00 10:00;2345.1;2362.3;2395.8;2397.6
10-01-00 11:00;2368.5;2386.5;2420.2;2421.7
10-01-00 12:00;2395;2413.1;2446;2447.2
10-01-00 13:00;2424.1;2442.1;2474;2474.8
10-01-00 14:00;2455;2472.8;2503.6;2504.2
10-01-00 15:00;2488.1;2505.1;2534.3;2534.6
10-01-00 16:00;2522.9;2538.8;2566;2565.8
10-01-00 17:00;2557.9;2572.7;2597.6;2597.1
10-01-00 18:00;2592.2;2605.9;2629;2628.2
10-01-00 19:00;2625.7;2638.6;2660;2659
10-01-00 20:00;2658.5;2670.6;2690.9;2689.8
10-01-00 21:00;2688.2;2700.6;2721.1;2720
10-01-00 22:00;2719.3;2731.2;2750.8;2749.7
10-01-00 23:00;2751.3;2762.2;2780.6;2779.3
11-01-00 00:00;2782.8;2793;2810.4;2808.9
11-01-00 01:00;2814.2;2824;2840.9;2839.4
11-01-00 02:00;2846.5;2856.1;2872.8;2871.4
11-01-00 03:00;2879.5;2889;2905.5;2904.2
11-01-00 04:00;2913;2922.5;2939;2937.7
11-01-00 05:00;2946.2;2955.8;2972.6;2971.3
11-01-00 06:00;2979.9;2989.6;3006.3;3005.1
11-01-00 07:00;3013.7;3023.5;3040.1;3038.9
11-01-00 08:00;3047.3;3057.2;3073.9;3072.7
11-01-00 09:00;3081.1;3091.3;3108.1;3107
11-01-00 10:00;3115.2;3125.6;3142.5;3141.4
11-01-00 11:00;3148.8;3159.4;3176.3;3175.2
11-01-00 12:00;3181.7;3192.5;3209.6;3208.5
11-01-00 13:00;3214.1;3225;3242.2;3241.2
11-01-00 14:00;3245.9;3256.9;3274.2;3273.3
11-01-00 15:00;3277.6;3288.7;3306.2;3305.3
11-01-00 16:00;3309.9;3320.9;3338.4;3337.6
11-01-00 17:00;3342;3353;3370.7;3370
11-01-00 18:00;3374;3385.3;3403.4;3402.9
11-01-00 19:00;3406.1;3417.6;3436.3;3436
11-01-00 20:00;3439.4;3451.1;3470.2;3470.1
11-01-00 21:00;3474;3486;3506;3506.2
11-01-00 22:00;3512.2;3524.6;3545.5;3546.1
11-01-00 23:00;3551.6;3564.3;3585.9;3586.7
12-01-00 00:00;3592.1;3605;3627.2;3628.2
12-01-00 01:00;3633.8;3647;3669.8;3671.2
12-01-00 02:00;3676.3;3690.3;3714.8;3716.8
12-01-00 03:00;3721.9;3736.8;3763;3765.7
12-01-00 04:00;3769.8;3785.4;3813.2;3816.5
12-01-00 05:00;3820.3;3836.1;3864.7;3868.6
12-01-00 06:00;3871.4;3887.6;3917.2;3921.7
12-01-00 07:00;3923.5;3939.7;3969.9;3975
12-01-00 08:00;3975.5;3991.8;4022;4027.6
12-01-00 09:00;4026.1;4042.2;4072.6;4078.8
12-01-00 10:00;4075.2;4091;4120.9;4127.9
12-01-00 11:00;4122.7;4137.8;4166.9;4174.3
12-01-00 12:00;4168.4;4182.8;4210.6;4218.3
12-01-00 13:00;4211.9;4225.5;4252;4260
12-01-00 14:00;4252.4;4264;4287.3;4294.7
12-01-00 15:00;4292.9;4302.7;4323.3;4329.6
12-01-00 16:00;4329.9;4338.6;4358.1;4363.9
12-01-00 17:00;4365.5;4373.7;4392.6;4398.1
12-01-00 18:00;4400.1;4408.1;4426.6;4431.8
12-01-00 19:00;4434.6;4442.4;4460.2;4465.1
12-01-00 20:00;4468.5;4476.2;4493.6;4498.2
12-01-00 21:00;4501.9;4509.6;4526.8;4531.3
12-01-00 22:00;4534.7;4542.4;4559.6;4564
12-01-00 23:00;4567.3;4575.2;4592.3;4596.7
13-01-00 00:00;4600.5;4608.4;4625.6;4629.8
13-01-00 01:00;4635.9;4644.3;4662.2;4666.8
13-01-00 02:00;4676.1;4685.1;4704.2;4709.1
13-01-00 03:00;4716.9;4726.2;4745.7;4750.6
13-01-00 04:00;4758;4767.6;4787.3;4792.1
13-01-00 05:00;4800.1;4809.9;4829.6;4834.3
13-01-00 06:00;4843.6;4853.6;4873.4;4877.9
13-01-00 07:00;4888.4;4898.6;4918.7;4923
13-01-00 08:00;4934.6;4945;4965.6;4969.6
13-01-00 09:00;4982;4992.5;5013.2;5017.2
13-01-00 10:00;5029.5;5040;5060.5;5064.6
13-01-00 11:00;5077.4;5087.8;5108.4;5112.5
13-01-00 12:00;5126.2;5136.7;5157.4;5161.6
13-01-00 13:00;5176.1;5186.7;5207.7;5212
13-01-00 14:00;5227.2;5238.2;5259.9;5264.5
13-01-00 15:00;5279.9;5291.4;5314;5319
13-01-00 16:00;5335.1;5347;5370.4;5375.8
13-01-00 17:00;5392.6;5404.8;5429;5434.7
13-01-00 18:00;5451.5;5464.1;5488.8;5494.8
13-01-00 19:00;5511.1;5523.8;5548.8;5554.9
13-01-00 20:00;5571.1;5583.8;5609;5615.3
13-01-00 21:00;5629.5;5642.8;5668.9;5675.5
13-01-00 22:00;5688.6;5702.2;5728.7;5735.5
13-01-00 23:00;5747.3;5761.7;5789.8;5797.2
14-01-00 00:00;5804.6;5819.9;5849.8;5857.9
14-01-00 01:00;5858.6;5873.9;5903.6;5911.4
14-01-00 02:00;5904;5918.3;5946.2;5953.4
14-01-00 03:00;5945.2;5958.8;5985.2;5991.9
14-01-00 04:00;5982.8;5995.8;6020.9;6027.1
14-01-00 05:00;6048.5;6053.5;6064.9;6066.9
14-01-00 06:00;6095.8;6102.3;6115.9;6118.2
14-01-00 07:00;6142.7;6148.9;6161.4;6163.2
14-01-00 08:00;6189.6;6196.8;6209.7;6211
14-01-00 09:00;6261.4;6262.2;6261.6;6258.1
14-01-00 10:00;6326.6;6314.9;6293.7;6284.8
14-01-00 11:00;6324;6312.2;6299.7;6297.3
14-01-00 12:00;6297.6;6301.5;6320.4;6328.1
14-01-00 13:00;6321.8;6334.2;6363.9;6373.3
14-01-00 14:00;6373.1;6384.7;6409.6;6416.1
14-01-00 15:00;6422.7;6431.2;6448.6;6452.1
14-01-00 16:00;6463;6469.3;6481.7;6483.5
14-01-00 17:00;6496.4;6501.6;6512;6513.2
14-01-00 18:00;6526.3;6531.3;6541.1;6542
14-01-00 19:00;6555;6560;6569.8;6570.8
14-01-00 20:00;6583.3;6588.3;6598.2;6599.3
14-01-00 21:00;6611.3;6616.3;6626.3;6627.4
14-01-00 22:00;6638.8;6643.9;6654;6655.2
14-01-00 23:00;6665.9;6671.1;6681.3;6682.5
15-01-00 00:00;6692.6;6697.9;6708.3;6709.5
15-01-00 01:00;6716.5;6721.5;6731.3;6732.2
15-01-00 02:00;6734.8;6739.4;6748.4;6749
15-01-00 03:00;6747.7;6752.5;6761.6;6762.3
15-01-00 04:00;6760;6764.6;6773.4;6773.9
15-01-00 05:00;6771.5;6775.9;6784.2;6784.6
15-01-00 06:00;6782.3;6786.5;6794.4;6794.6
15-01-00 07:00;6792.6;6796.5;6804.2;6804.3
15-01-00 08:00;6802.3;6806.1;6813.5;6813.5
15-01-00 09:00;6811.6;6815.4;6822.5;6822.4
15-01-00 10:00;6820.6;6824.2;6831.2;6831.1
15-01-00 11:00;6829.3;6832.8;6839.6;6839.4
15-01-00 12:00;6837.8;6841.2;6847.8;6847.6
15-01-00 13:00;6845.9;6849.3;6855.8;6855.5
15-01-00 14:00;6853.9;6857.2;6863.5;6863.3
15-01-00 15:00;6862.2;6865.3;6871.4;6871
15-01-00 16:00;6872;6874.8;6880.1;6879.5
15-01-00 17:00;6881.3;6883.9;6889;6888.3
15-01-00 18:00;6890.3;6892.8;6897.7;6897
15-01-00 19:00;6899.1;6901.5;6906.3;6905.5
15-01-00 20:00;6907.7;6910.1;6914.8;6914
15-01-00 21:00;6916.2;6918.6;6923.2;6922.4
15-01-00 22:00;6924.7;6927;6931.5;6930.7
15-01-00 23:00;6933;6935.3;6939.8;6938.9
16-01-00 00:00;6941.3;6943.6;6947.9;6947.1
16-01-00 01:00;6947.5;6949.4;6953;6951.8
16-01-00 02:00;6949.8;6951.3;6954;6952.5
16-01-00 03:00;6950.3;6951.4;6953.5;6951.7
16-01-00 04:00;6949.6;6950.4;6952;6950
16-01-00 05:00;6948.1;6948.7;6949.7;6947.6
16-01-00 06:00;6945.9;6946.3;6947;6944.7
16-01-00 07:00;6943.3;6943.5;6943.9;6941.5
16-01-00 08:00;6940.3;6940.4;6940.5;6938
16-01-00 09:00;6937;6936.9;6936.8;6934.3
16-01-00 10:00;6933.4;6933.3;6933;6930.3
16-01-00 11:00;6929.6;6929.4;6928.9;6926.2
16-01-00 12:00;6925.7;6925.4;6924.7;6922
16-01-00 13:00;6921.6;6921.2;6920.4;6917.7
16-01-00 14:00;6917.4;6916.9;6916;6913.2
16-01-00 15:00;6913;6912.5;6911.5;6908.7
16-01-00 16:00;6908.6;6908.1;6906.9;6904
16-01-00 17:00;6904.1;6903.5;6902.3;6899.3
16-01-00 18:00;6899.5;6898.9;6897.6;6894.6
16-01-00 19:00;6894.9;6894.2;6892.8;6889.8
16-01-00 20:00;6890.2;6889.4;6888;6885
16-01-00 21:00;6885.4;6884.6;6883.1;6880.1
16-01-00 22:00;6880.6;6879.8;6878.2;6875.2
16-01-00 23:00;6875.8;6874.9;6873.3;6870.2
17-01-00 00:00;6870.9;6870;6868.4;6865.3
17-01-00 01:00;6863.9;6862.6;6860.2;6856.7
17-01-00 02:00;6852.8;6851.2;6847.8;6844.1
17-01-00 03:00;6840;6838;6833.9;6829.9
17-01-00 04:00;6825.9;6823.6;6819;6814.7
17-01-00 05:00;6811;6808.4;6803.3;6798.9
17-01-00 06:00;6795.5;6792.7;6787.2;6782.6
17-01-00 07:00;6779.4;6776.5;6770.7;6766
17-01-00 08:00;6764.3;6760.9;6754.3;6749.3
17-01-00 09:00;6749.4;6745.7;6738.4;6733.2
17-01-00 10:00;6734.2;6730.2;6722.5;6717.1
17-01-00 11:00;6715.1;6711.6;6704.7;6699.6
17-01-00 12:00;6697.2;6693.7;6686.6;6681.5
17-01-00 13:00;6679.4;6675.8;6668.6;6663.4
17-01-00 14:00;6661.5;6657.8;6650.4;6645.2
17-01-00 15:00;6643.5;6639.7;6632.2;6627
17-01-00 16:00;6625.4;6621.5;6613.9;6608.6
17-01-00 17:00;6607.1;6603.2;6595.5;6590.2
17-01-00 18:00;6588.7;6584.8;6577.1;6571.7
17-01-00 19:00;6570.2;6566.3;6558.5;6553
17-01-00 20:00;6551.6;6547.6;6539.8;6534.3
17-01-00 21:00;6532.9;6528.9;6521;6515.5
17-01-00 22:00;6514.2;6510.1;6502.2;6496.7
17-01-00 23:00;6495.2;6491.2;6483.2;6477.7
18-01-00 00:00;6476.2;6472.1;6464.2;6458.7
18-01-00 01:00;6455.1;6450.8;6442.3;6436.5
18-01-00 02:00;6430;6425.4;6416.3;6410.3
18-01-00 03:00;6403.2;6398.4;6388.8;6382.7
18-01-00 04:00;6375.7;6370.8;6360.9;6354.6
18-01-00 05:00;6347.1;6342;6331.9;6325.6
18-01-00 06:00;6317.5;6312.4;6302.2;6295.7
18-01-00 07:00;6286.9;6281.7;6271.5;6265.1
18-01-00 08:00;6255.1;6250;6240;6233.6
18-01-00 09:00;6222.4;6217.5;6207.7;6201.3
18-01-00 10:00;6188.7;6184;6174.5;6168.3
18-01-00 11:00;6153.8;6149.4;6140.4;6134.3
18-01-00 12:00;6117.3;6113.4;6105.3;6099.5
18-01-00 13:00;6086.3;6081.8;6072.8;6066.7
18-01-00 14:00;6054.5;6050.1;6041.3;6035.2
18-01-00 15:00;6021.6;6017.4;6008.8;6002.9
18-01-00 16:00;5988;5983.9;5975.7;5969.8
18-01-00 17:00;5954.9;5950.8;5942.3;5936.4
18-01-00 18:00;5921.6;5917.5;5909;5903.1
18-01-00 19:00;5892.3;5887.1;5876.8;5870.4
18-01-00 20:00;5868.4;5861.9;5849.2;5841.9
18-01-00 21:00;5844.1;5837.1;5823.4;5815.7
18-01-00 22:00;5818.9;5811.5;5797.2;5789.3
18-01-00 23:00;5792.7;5785.2;5770.6;5762.6
19-01-00 00:00;5765.9;5758.3;5743.5;5735.5
19-01-00 01:00;5738.9;5731.3;5716.4;5708.3
19-01-00 02:00;5711.5;5703.9;5688.9;5680.8
19-01-00 03:00;5681.3;5674.1;5660;5652.2
19-01-00 04:00;5651.5;5644.4;5630.3;5622.5
19-01-00 05:00;5622;5614.8;5600.8;5592.9
19-01-00 06:00;5592.4;5585.3;5571.2;5563.4
19-01-00 07:00;5562.8;5555.7;5541.6;5533.9
19-01-00 08:00;5533.2;5526.1;5512.1;5504.3
19-01-00 09:00;5503.6;5496.5;5482.6;5474.8
19-01-00 10:00;5473.9;5466.9;5453;5445.3
19-01-00 11:00;5444.4;5437.3;5423.5;5415.8
19-01-00 12:00;5414.9;5407.9;5394.1;5386.4
19-01-00 13:00;5385.2;5378.2;5364.3;5356.5
19-01-00 14:00;5355.7;5348.6;5334.6;5326.9
19-01-00 15:00;5325.3;5318.4;5304.7;5297.1
19-01-00 16:00;5294.8;5287.9;5274.5;5266.9
19-01-00 17:00;5264.4;5257.7;5244.4;5236.8
19-01-00 18:00;5234.4;5227.7;5214.4;5207
19-01-00 19:00;5204.6;5197.9;5184.8;5177.3
19-01-00 20:00;5175.1;5168.4;5155.3;5147.9
19-01-00 21:00;5145.8;5139.1;5126.1;5118.7
19-01-00 22:00;5116.9;5110.3;5097.3;5090
19-01-00 23:00;5088.3;5081.8;5068.8;5061.5
20-01-00 00:00;5060;5053.4;5040.5;5033.2
20-01-00 01:00;5032.2;5025.7;5013.2;5006
20-01-00 02:00;5005.6;4999.4;4987.1;4980
20-01-00 03:00;4979.9;4973.7;4961.7;4954.7
20-01-00 04:00;4954.5;4948.5;4936.8;4929.9
20-01-00 05:00;4928.7;4922.8;4911.3;4904.5
20-01-00 06:00;4902.9;4897.1;4885.7;4878.9
20-01-00 07:00;4877.5;4871.7;4860.4;4853.7
20-01-00 08:00;4852.5;4846.7;4835.5;4828.8
20-01-00 09:00;4827.8;4822.1;4810.9;4804.2
20-01-00 10:00;4803.5;4797.8;4786.6;4780
20-01-00 11:00;4779.4;4773.8;4762.7;4756
20-01-00 12:00;4755.6;4750;4738.9;4732.3
20-01-00 13:00;4732.1;4726.5;4715.5;4708.9
20-01-00 14:00;4709;4703.4;4692.5;4685.8
20-01-00 15:00;4686.2;4680.6;4669.7;4663.1
20-01-00 16:00;4663.6;4658.1;4647.3;4640.7
20-01-00 17:00;4641.5;4636;4625.2;4618.6
20-01-00 18:00;4619.6;4614.2;4603.4;4596.9
20-01-00 19:00;4598;4592.6;4581.9;4575.4
20-01-00 20:00;4576.6;4571.3;4560.6;4554.1
20-01-00 21:00;4555.3;4549.9;4539.3;4532.8
20-01-00 22:00;4533.9;4528.5;4517.9;4511.4
20-01-00 23:00;4512.3;4506.9;4496.2;4489.8
21-01-00 00:00;4490.3;4484.9;4474.1;4467.6
21-01-00 01:00;4467.6;4462.1;4451;4444.3
21-01-00 02:00;4443.6;4437.9;4426.4;4419.6
21-01-00 03:00;4418.4;4412.6;4400.8;4393.9
21-01-00 04:00;4392.2;4386.4;4374.5;4367.5
21-01-00 05:00;4365.4;4359.5;4347.5;4340.5
21-01-00 06:00;4338.2;4332.2;4320;4313
21-01-00 07:00;4309.8;4303.6;4290.8;4283.5
21-01-00 08:00;4278.2;4271.7;4258.4;4251
21-01-00 09:00;4247.4;4240.9;4227.4;4219.9
21-01-00 10:00;4216;4209.3;4195.6;4188.1
21-01-00 11:00;4183.8;4177;4163.1;4155.6
21-01-00 12:00;4150.9;4143.8;4129.7;4122.2
21-01-00 13:00;4119.5;4111.8;4096.4;4088.5
21-01-00 14:00;4086.1;4078.1;4062.2;4054.3
21-01-00 15:00;4051.2;4042.9;4026.8;4018.9
21-01-00 16:00;4015.2;4006.9;3990.5;3982.7
21-01-00 17:00;3978.3;3969.8;3953.5;3945.7
21-01-00 18:00;3940.6;3932;3915.5;3907.9
21-01-00 19:00;3902.2;3893.6;3877.1;3869.6
21-01-00 20:00;3863;3854.5;3838.3;3830.9
21-01-00 21:00;3823.6;3815.2;3799.4;3792.2
21-01-00 22:00;3784.1;3775.9;3760.5;3753.5
21-01-00 23:00;3744.6;3736.8;3722;3715
22-01-00 00:00;3706.1;3698.5;3684.1;3677.3
22-01-00 01:00;3668.7;3661.5;3648;3641.5
22-01-00 02:00;3633.5;3626.7;3614;3607.8
22-01-00 03:00;3600;3593.5;3581.4;3575.3
22-01-00 04:00;3567.8;3561.7;3550.3;3544.4
22-01-00 05:00;3537;3531.4;3520.9;3515.3
22-01-00 06:00;3509.1;3503.9;3494.3;3488.9
22-01-00 07:00;3481.1;3476.4;3467.5;3462.3
22-01-00 08:00;3453.9;3449.4;3440.9;3435.8
22-01-00 09:00;3427;3422.6;3414.4;3409.3
22-01-00 10:00;3400.2;3395.9;3387.8;3382.8
22-01-00 11:00;3373.3;3369.1;3361.2;3356.1
22-01-00 12:00;3346.4;3342.2;3334.3;3329.2
22-01-00 13:00;3319.3;3315.1;3307.3;3302.2
22-01-00 14:00;3292.5;3288.4;3280.7;3275.6
22-01-00 15:00;3265.6;3261.6;3254;3248.9
22-01-00 16:00;3238.7;3234.6;3227.1;3221.9
22-01-00 17:00;3211.7;3207.7;3200.2;3195.1
22-01-00 18:00;3185;3181.1;3173.7;3168.5
22-01-00 19:00;3158.5;3154.6;3147.4;3142.3
22-01-00 20:00;3132.3;3128.5;3121.3;3116.2
22-01-00 21:00;3106.4;3102.6;3095.4;3090.3
22-01-00 22:00;3080.8;3077;3069.9;3064.8
22-01-00 23:00;3055.5;3051.7;3044.7;3039.5
23-01-00 00:00;3030.5;3026.7;3019.6;3014.4
23-01-00 01:00;3005.8;3002.1;2995.1;2990
23-01-00 02:00;2983;2979.4;2972.8;2967.8
23-01-00 03:00;2961.5;2958;2951.8;2946.8
23-01-00 04:00;2940.8;2937.5;2931.4;2926.6
23-01-00 05:00;2920.8;2917.6;2911.7;2906.8
23-01-00 06:00;2901.3;2898.1;2892.4;2887.5
23-01-00 07:00;2882.2;2879.2;2873.5;2868.7
23-01-00 08:00;2863.5;2860.5;2854.9;2850.2
23-01-00 09:00;2845.1;2842.1;2836.6;2831.8
23-01-00 10:00;2826.8;2823.8;2818.4;2813.6
23-01-00 11:00;2808.7;2805.7;2800.3;2795.5
23-01-00 12:00;2790.7;2787.8;2782.3;2777.5
23-01-00 13:00;2772.8;2769.8;2764.3;2759.4
23-01-00 14:00;2754.8;2751.8;2746.2;2741.3
23-01-00 15:00;2736.7;2733.6;2728;2723
23-01-00 16:00;2718.6;2715.5;2709.8;2704.8
23-01-00 17:00;2700.5;2697.4;2691.8;2686.7
23-01-00 18:00;2682.5;2679.4;2673.8;2668.7
23-01-00 19:00;2664.7;2661.5;2655.8;2650.7
23-01-00 20:00;2646.9;2643.7;2637.9;2632.7
23-01-00 21:00;2629;2625.8;2619.8;2614.6
23-01-00 22:00;2611.1;2607.7;2601.7;2596.4
23-01-00 23:00;2593.1;2589.6;2583.4;2578
24-01-00 00:00;2575;2571.4;2565;2559.6
24-01-00 01:00;2557;2553.3;2546.7;2541.2
24-01-00 02:00;2539.2;2535.4;2528.8;2523.2
24-01-00 03:00;2521.7;2517.8;2511.1;2505.5
24-01-00 04:00;2503.8;2500;2493.3;2487.7
24-01-00 05:00;2486.4;2482.4;2475.5;2469.9
24-01-00 06:00;2469.1;2465.1;2457.9;2452.2
24-01-00 07:00;2452.1;2447.9;2440.3;2434.6
24-01-00 08:00;2435.4;2430.9;2423;2417.1
24-01-00 09:00;2419;2414.2;2405.9;2399.9
24-01-00 10:00;2403.1;2398;2389.1;2383
24-01-00 11:00;2387.8;2382.3;2372.9;2366.5
24-01-00 12:00;2371.8;2366.3;2356.7;2350.4
24-01-00 13:00;2356.1;2350.5;2340.7;2334.3
24-01-00 14:00;2340.9;2335.1;2325;2318.5
24-01-00 15:00;2326.1;2320;2309.5;2302.8
24-01-00 16:00;2311.4;2305.1;2294.2;2287.4
24-01-00 17:00;2297.2;2290.6;2279.3;2272.3
24-01-00 18:00;2283.5;2276.6;2264.6;2257.5
24-01-00 19:00;2270.3;2262.8;2250.2;2242.8
24-01-00 20:00;2257.5;2249.6;2236.1;2228.5
24-01-00 21:00;2245.4;2236.9;2222.5;2214.6
24-01-00 22:00;2233.9;2224.8;2209.4;2201.1
24-01-00 23:00;2222.6;2212.9;2196.3;2187.7
25-01-00 00:00;2211.5;2201.2;2183.6;2174.7
25-01-00 01:00;2200.6;2189.9;2171.4;2162.1
25-01-00 02:00;2189.8;2178.7;2159.3;2149.8
25-01-00 03:00;2179.4;2167.9;2147.7;2138
25-01-00 04:00;2169.5;2157.5;2136.5;2126.7
25-01-00 05:00;2159.9;2147.6;2125.8;2115.8
25-01-00 06:00;2150.4;2137.9;2115.4;2105.2
25-01-00 07:00;2141.2;2128.4;2105.3;2094.9
25-01-00 08:00;2132.2;2119;2095.1;2084.6
25-01-00 09:00;2123;2109.5;2085;2074.3
25-01-00 10:00;2113.4;2099.6;2074.6;2063.9
25-01-00 11:00;2103.8;2089.7;2064.3;2053.5
25-01-00 12:00;2094.1;2079.8;2053.9;2043.2
25-01-00 13:00;2084.5;2069.9;2043.7;2033
25-01-00 14:00;2074.9;2060.1;2033.5;2022.9
25-01-00 15:00;2065.3;2050.3;2023.4;2012.8
25-01-00 16:00;2055.7;2040.5;2013.3;2002.8
25-01-00 17:00;2046.1;2030.8;2003.3;1992.9
25-01-00 18:00;2036.7;2021.4;1993.5;1983.1
25-01-00 19:00;2027.3;2012;1983.7;1973.5
25-01-00 20:00;2017.8;2002.5;1974.1;1963.9
25-01-00 21:00;2008.4;1993.2;1964.6;1954.5
25-01-00 22:00;1999.1;1983.9;1955.2;1945.2
25-01-00 23:00;1989.6;1974.5;1945.9;1935.9
26-01-00 00:00;1980.3;1965.2;1936.8;1927
26-01-00 01:00;1971.1;1956.2;1928.5;1918.8
26-01-00 02:00;1962.5;1948.1;1921.5;1912.1
26-01-00 03:00;1954;1940.3;1914.8;1905.8
26-01-00 04:00;1946.1;1932.9;1908.6;1899.8
26-01-00 05:00;1938.4;1925.8;1902.5;1893.9
26-01-00 06:00;1931;1918.8;1896.5;1888.1
26-01-00 07:00;1923.6;1911.9;1890.5;1882.3
26-01-00 08:00;1916.5;1905.2;1884.6;1876.6
26-01-00 09:00;1909.4;1898.5;1878.7;1870.9
26-01-00 10:00;1902.4;1892;1872.9;1865.1
26-01-00 11:00;1895.6;1885.4;1867;1859.5
26-01-00 12:00;1888.8;1879;1861.3;1853.8
26-01-00 13:00;1881.8;1872.4;1855.4;1848
26-01-00 14:00;1875;1865.9;1849.5;1842.3
26-01-00 15:00;1868.2;1859.4;1843.6;1836.5
26-01-00 16:00;1861.4;1852.9;1837.7;1830.7
26-01-00 17:00;1854.7;1846.5;1831.7;1824.9
26-01-00 18:00;1848.1;1840.1;1825.9;1819.1
26-01-00 19:00;1841.5;1833.7;1820;1813.3
26-01-00 20:00;1834.9;1827.4;1814.1;1807.5
26-01-00 21:00;1828.4;1821.1;1808.3;1801.7
26-01-00 22:00;1821.8;1814.8;1802.5;1796
26-01-00 23:00;1815.1;1808.4;1796.6;1790.2
27-01-00 00:00;1808.5;1802;1790.6;1784.3
27-01-00 01:00;1802.3;1796.1;1785.5;1779.3
27-01-00 02:00;1797.1;1791.5;1781.7;1775.8
27-01-00 03:00;1792.5;1787.3;1778.3;1772.6
27-01-00 04:00;1788;1783.2;1774.9;1769.3
27-01-00 05:00;1783.8;1779.3;1771.5;1766.1
27-01-00 06:00;1779.6;1775.5;1768.1;1762.8
27-01-00 07:00;1775.6;1771.7;1764.7;1759.5
27-01-00 08:00;1771.6;1767.9;1761.2;1756.1
27-01-00 09:00;1767.6;1764.1;1757.7;1752.7
27-01-00 10:00;1763.6;1760.3;1754.2;1749.2
27-01-00 11:00;1759.6;1756.5;1750.6;1745.7
27-01-00 12:00;1755.6;1752.6;1746.9;1742.1
27-01-00 13:00;1751.5;1748.7;1743.2;1738.4
27-01-00 14:00;1747.5;1744.8;1739.5;1734.7
27-01-00 15:00;1743.4;1740.8;1735.6;1730.9
27-01-00 16:00;1739.3;1736.8;1731.8;1727
27-01-00 17:00;1735.2;1732.8;1727.9;1723.1
27-01-00 18:00;1731.1;1728.8;1723.9;1719.2
27-01-00 19:00;1727;1724.7;1720;1715.3
27-01-00 20:00;1722.9;1720.6;1716;1711.3
27-01-00 21:00;1718.7;1716.5;1712;1707.3
27-01-00 22:00;1714.5;1712.4;1707.9;1703.2
27-01-00 23:00;1710.3;1708.2;1703.8;1699.1
28-01-00 00:00;1706;1704;1699.7;1695
28-01-00 01:00;1701.9;1700;1695.8;1691.2
28-01-00 02:00;1698.2;1696.4;1692.4;1687.9
28-01-00 03:00;1694.6;1692.9;1689.1;1684.6
28-01-00 04:00;1691;1689.5;1685.8;1681.4
28-01-00 05:00;1687.4;1686;1682.4;1678.1
28-01-00 06:00;1683.9;1682.4;1679;1674.8
28-01-00 07:00;1680.3;1678.9;1675.6;1671.4
28-01-00 08:00;1676.6;1675.3;1672.1;1668
28-01-00 09:00;1673;1671.7;1668.6;1664.6
28-01-00 10:00;1669.3;1668.1;1665;1661.1
28-01-00 11:00;1665.6;1664.5;1661.5;1657.6
28-01-00 12:00;1661.8;1660.8;1657.8;1654
28-01-00 13:00;1658.1;1657.1;1654.2;1650.4
28-01-00 14:00;1654.4;1653.4;1650.6;1646.9
28-01-00 15:00;1650.6;1649.6;1646.9;1643.2
28-01-00 16:00;1646.8;1645.9;1643.2;1639.5
28-01-00 17:00;1643;1642.1;1639.5;1635.9
28-01-00 18:00;1639.2;1638.3;1635.7;1632.1
28-01-00 19:00;1635.3;1634.4;1631.9;1628.3
28-01-00 20:00;1631.5;1630.6;1628.1;1624.5
28-01-00 21:00;1627.6;1626.7;1624.3;1620.7
28-01-00 22:00;1623.7;1622.8;1620.4;1616.8
28-01-00 23:00;1619.8;1619;1616.6;1613
29-01-00 00:00;1615.9;1615;1612.7;1609.1
29-01-00 01:00;1611.9;1611.1;1608.8;1605.1
29-01-00 02:00;1607.9;1607.1;1604.7;1601.1
29-01-00 03:00;1603.9;1603.1;1600.7;1597.1
29-01-00 04:00;1599.8;1599;1596.6;1593
29-01-00 05:00;1595.7;1594.9;1592.5;1588.9
29-01-00 06:00;1591.5;1590.8;1588.4;1584.8
29-01-00 07:00;1587.4;1586.6;1584.3;1580.6
29-01-00 08:00;1583.3;1582.5;1580.1;1576.5
29-01-00 09:00;1579.1;1578.4;1576;1572.4
29-01-00 10:00;1575;1574.2;1571.8;1568.2
29-01-00 11:00;1570.8;1570.1;1567.7;1564.1
29-01-00 12:00;1566.6;1565.9;1563.5;1559.9
29-01-00 13:00;1562.5;1561.7;1559.4;1555.7
29-01-00 14:00;1558.3;1557.5;1555.2;1551.5
29-01-00 15:00;1554.1;1553.3;1551;1547.3
29-01-00 16:00;1549.9;1549.1;1546.8;1543.1
29-01-00 17:00;1545.7;1544.9;1542.6;1538.9
29-01-00 18:00;1541.5;1540.7;1538.4;1534.7
29-01-00 19:00;1537.3;1536.5;1534.2;1530.5
29-01-00 20:00;1533.1;1532.3;1530;1526.3
29-01-00 21:00;1528.8;1528.1;1525.7;1522.1
29-01-00 22:00;1524.6;1523.9;1521.5;1517.9
29-01-00 23:00;1520.4;1519.6;1517.3;1513.6
30-01-00 00:00;1516.1;1515.4;1513;1509.4
30-01-00 01:00;1512.2;1511.6;1509.4;1505.9
30-01-00 02:00;1509.2;1508.6;1506.7;1503.3
30-01-00 03:00;1506.6;1506.1;1504.3;1501
30-01-00 04:00;1504.2;1503.7;1502.1;1498.8
30-01-00 05:00;1502;1501.5;1500;1496.8
30-01-00 06:00;1499.9;1499.5;1498;1494.8
30-01-00 07:00;1497.9;1497.5;1496.1;1492.9
30-01-00 08:00;1496;1495.6;1494.3;1491.1
30-01-00 09:00;1494.2;1493.8;1492.5;1489.4
30-01-00 10:00;1492.4;1492;1490.8;1487.7
30-01-00 11:00;1490.7;1490.3;1489.1;1486
30-01-00 12:00;1489;1488.6;1487.4;1484.4
30-01-00 13:00;1487.3;1487;1485.8;1482.8
30-01-00 14:00;1485.7;1485.4;1484.2;1481.2
30-01-00 15:00;1484.1;1483.8;1482.7;1479.7
30-01-00 16:00;1482.6;1482.2;1481.2;1478.2
30-01-00 17:00;1481;1480.7;1479.7;1476.7
30-01-00 18:00;1479.5;1479.2;1478.2;1475.3
30-01-00 19:00;1478;1477.7;1476.7;1473.8
30-01-00 20:00;1476.6;1476.3;1475.3;1472.4
30-01-00 21:00;1475.1;1474.8;1473.9;1470.9
30-01-00 22:00;1473.7;1473.4;1472.4;1469.5
30-01-00 23:00;1472.2;1472;1471;1468.1
31-01-00 00:00;1470.8;1470.6;1469.6;1466.7
