Time [yyyy-MM-dd HH:mm:ss],Discharge at (Waal2_A_ 3377_91) [m³/s],Discharge at (Waal2_B_A_A_A_ 6036_293) [m³/s],Discharge at (Waal2_B_A_A_B_ 2057_629) [m³/s]
1999-12-27 00:00:00,4277_4,4277_7,4277_8
1999-12-27 01:00:00,1167_8,1067_2,1058
1999-12-27 02:00:00,1225,1187_6,1177_9
1999-12-27 03:00:00,1330_1,1250,1231_8
1999-12-27 04:00:00,1514_7,1372_6,1336_4
1999-12-27 05:00:00,1732_1,1546,1493_1
1999-12-27 06:00:00,1980_4,1754_2,1685_7
1999-12-27 07:00:00,2217_8,1974_3,1896_6
1999-12-27 08:00:00,2427_5,2185_3,2104_6
1999-12-27 09:00:00,2603_5,2372_2,2292_8
1999-12-27 10:00:00,2750_1,2533_4,2457_6
1999-12-27 11:00:00,2870_9,2670_3,2599_6
1999-12-27 12:00:00,2969,2785_5,2720_8
1999-12-27 13:00:00,3051_2,2883_8,2825_4
1999-12-27 14:00:00,3119_1,2965_1,2912_1
1999-12-27 15:00:00,3178_8,3036_6,2988
1999-12-27 16:00:00,3230_3,3099_3,3054_7
1999-12-27 17:00:00,3274_7,3154_2,3113_3
1999-12-27 18:00:00,3313_4,3202_8,3165_5
1999-12-27 19:00:00,3347_1,3245_7,3211_6
1999-12-27 20:00:00,3376_9,3283_3,3251_9
1999-12-27 21:00:00,3403_2,3316_8,3287_9
1999-12-27 22:00:00,3426_6,3346_3,3319_8
1999-12-27 23:00:00,3447_6,3372_8,3348_4
1999-12-28 00:00:00,3466_9,3396_9,3374_5
1999-12-28 01:00:00,3484_9,3418_5,3397_8
1999-12-28 02:00:00,3501_1,3438_4,3419_4
1999-12-28 03:00:00,3515_5,3456_8,3439_3
1999-12-28 04:00:00,3528_7,3473_8,3457_6
1999-12-28 05:00:00,3540_7,3489_2,3474_1
1999-12-28 06:00:00,3551_6,3503_3,3489_3
1999-12-28 07:00:00,3561_5,3516_2,3503_2
1999-12-28 08:00:00,3570_6,3528_1,3516
1999-12-28 09:00:00,3579,3538_8,3527_5
1999-12-28 10:00:00,3586_7,3548_7,3538
1999-12-28 11:00:00,3593_9,3558,3547_9
1999-12-28 12:00:00,3600_7,3566_9,3557_5
1999-12-28 13:00:00,3607_2,3575_4,3566_5
1999-12-28 14:00:00,3613_4,3583_3,3575
1999-12-28 15:00:00,3619_1,3590_7,3582_9
1999-12-28 16:00:00,3624_5,3597_7,3590_3
1999-12-28 17:00:00,3629_5,3604_2,3597_2
1999-12-28 18:00:00,3634_1,3610_2,3603_7
1999-12-28 19:00:00,3638_4,3615_9,3609_8
1999-12-28 20:00:00,3642_6,3621_6,3615_8
1999-12-28 21:00:00,3646_7,3627,3621_7
1999-12-28 22:00:00,3650_6,3632_2,3627_2
1999-12-28 23:00:00,3654_3,3637,3632_3
1999-12-29 00:00:00,3657_7,3641_4,3637
1999-12-29 01:00:00,3660_9,3645_6,3641_4
1999-12-29 02:00:00,3663_9,3649_5,3645_5
1999-12-29 03:00:00,3666_7,3653_1,3649_4
1999-12-29 04:00:00,3669_3,3656_6,3653_1
1999-12-29 05:00:00,3671_8,3659_8,3656_6
1999-12-29 06:00:00,3674_2,3662_9,3659_8
1999-12-29 07:00:00,3676_4,3665_7,3662_8
1999-12-29 08:00:00,3678_5,3668_4,3665_6
1999-12-29 09:00:00,3680_4,3670_9,3668_3
1999-12-29 10:00:00,3682_3,3673_2,3670_8
1999-12-29 11:00:00,3684,3675_4,3673_1
1999-12-29 12:00:00,3685_6,3677_5,3675_3
1999-12-29 13:00:00,3687_1,3679_4,3677_3
1999-12-29 14:00:00,3688_5,3681_2,3679_2
1999-12-29 15:00:00,3689_8,3682_9,3681
1999-12-29 16:00:00,3691_1,3684_5,3682_7
1999-12-29 17:00:00,3692_2,3686,3684_3
1999-12-29 18:00:00,3693_3,3687_4,3685_8
1999-12-29 19:00:00,3694_4,3688_7,3687_2
1999-12-29 20:00:00,3695_3,3689_9,3688_5
1999-12-29 21:00:00,3696_3,3691_1,3689_7
1999-12-29 22:00:00,3697_1,3692_2,3690_9
1999-12-29 23:00:00,3697_9,3693_3,3692_1
1999-12-30 00:00:00,3698_7,3694_3,3693_1
1999-12-30 01:00:00,3699_4,3695_2,3694_1
1999-12-30 02:00:00,3700_1,3696_1,3695_1
1999-12-30 03:00:00,3700_7,3697,3696
1999-12-30 04:00:00,3701_3,3697_8,3696_8
1999-12-30 05:00:00,3701_9,3698_5,3697_6
1999-12-30 06:00:00,3702_4,3699_2,3698_3
1999-12-30 07:00:00,3703,3699_9,3699_1
1999-12-30 08:00:00,3703_4,3700_5,3699_7
1999-12-30 09:00:00,3703_9,3701_1,3700_4
1999-12-30 10:00:00,3704_3,3701_7,3701
1999-12-30 11:00:00,3704_7,3702_3,3702_5
1999-12-30 12:00:00,3714_6,3709,3706_9
1999-12-30 13:00:00,3708_1,3704,3702_9
1999-12-30 14:00:00,3707,3703_9,3703_1
1999-12-30 15:00:00,3706_6,3704,3703_3
1999-12-30 16:00:00,3706_7,3704_3,3703_6
1999-12-30 17:00:00,3706_8,3704_6,3704
1999-12-30 18:00:00,3707,3705,3704_4
1999-12-30 19:00:00,3707_2,3705_3,3704_8
1999-12-30 20:00:00,3707_4,3705_7,3705_2
1999-12-30 21:00:00,3707_7,3706,3705_6
1999-12-30 22:00:00,3707_9,3706_4,3705_9
1999-12-30 23:00:00,3708_1,3706_7,3706_3
1999-12-31 00:00:00,3708_3,3707,3706_6
1999-12-31 01:00:00,3708_5,3707_3,3706_9
1999-12-31 02:00:00,3708_7,3707_5,3707_2
1999-12-31 03:00:00,3708_9,3707_8,3707_5
1999-12-31 04:00:00,3709_1,3708,3707_7
1999-12-31 05:00:00,3709_3,3708_3,3708
1999-12-31 06:00:00,3709_4,3708_5,3708_2
1999-12-31 07:00:00,3709_6,3708_7,3708_4
1999-12-31 08:00:00,3709_7,3708_9,3708_7
1999-12-31 09:00:00,3709_9,3709_1,3708_9
1999-12-31 10:00:00,3710,3709_3,3709
1999-12-31 11:00:00,3710_2,3709_4,3709_2
1999-12-31 12:00:00,3710_3,3709_6,3709_4
1999-12-31 13:00:00,3710_4,3709_7,3709_6
1999-12-31 14:00:00,3710_5,3709_9,3709_7
1999-12-31 15:00:00,3710_6,3710,3709_9
1999-12-31 16:00:00,3710_7,3710_2,3710
1999-12-31 17:00:00,3710_8,3710_3,3710_1
1999-12-31 18:00:00,3710_9,3710_4,3710_3
1999-12-31 19:00:00,3711,3710_5,3710_4
1999-12-31 20:00:00,3711_1,3710_6,3710_5
1999-12-31 21:00:00,3711_1,3710_7,3710_6
1999-12-31 22:00:00,3711_2,3710_8,3710_7
1999-12-31 23:00:00,3711_3,3710_9,3710_8
2000-01-01 00:00:00,3711_3,3711,3710_9
2000-01-01 01:00:00,3711_4,3711_1,3711
2000-01-01 02:00:00,3711_6,3711_2,3711_1
2000-01-01 03:00:00,3711_7,3711_4,3711_3
2000-01-01 04:00:00,3711_8,3711_5,3711_4
2000-01-01 05:00:00,3711_8,3711_5,3711_5
2000-01-01 06:00:00,3711_5,3711_4,3711_3
2000-01-01 07:00:00,3710_8,3711,3711
2000-01-01 08:00:00,3710,3710_4,3710_5
2000-01-01 09:00:00,3708_8,3709_5,3709_7
2000-01-01 10:00:00,3707_4,3708_5,3708_7
2000-01-01 11:00:00,3705_8,3707_2,3707_5
2000-01-01 12:00:00,3703_9,3705_7,3706_1
2000-01-01 13:00:00,3701_9,3704,3704_4
2000-01-01 14:00:00,3699_7,3702_1,3702_7
2000-01-01 15:00:00,3697_3,3700_1,3700_7
2000-01-01 16:00:00,3694_8,3697_9,3698_6
2000-01-01 17:00:00,3692_2,3695_6,3696_4
2000-01-01 18:00:00,3689_5,3693_1,3694
2000-01-01 19:00:00,3686_6,3690_6,3691_5
2000-01-01 20:00:00,3683_7,3687_9,3689
2000-01-01 21:00:00,3680_6,3685_2,3686_3
2000-01-01 22:00:00,3677_5,3682_3,3683_5
2000-01-01 23:00:00,3674_3,3679_4,3680_6
2000-01-02 00:00:00,3671_1,3676_4,3677_7
2000-01-02 01:00:00,3667_8,3673_3,3674_7
2000-01-02 02:00:00,3664_4,3670_1,3671_5
2000-01-02 03:00:00,3661,3666_9,3668_3
2000-01-02 04:00:00,3657_8,3663_7,3665_2
2000-01-02 05:00:00,3655_1,3660_9,3662_4
2000-01-02 06:00:00,3653_1,3658_5,3659_9
2000-01-02 07:00:00,3651_8,3656_7,3658
2000-01-02 08:00:00,3651_3,3655_6,3656_7
2000-01-02 09:00:00,3651_5,3655,3656
2000-01-02 10:00:00,3652_4,3655_1,3655_9
2000-01-02 11:00:00,3653_8,3655_7,3656_3
2000-01-02 12:00:00,3655_8,3656_9,3657_3
2000-01-02 13:00:00,3658_3,3658_6,3658_7
2000-01-02 14:00:00,3661_3,3660_7,3660_6
2000-01-02 15:00:00,3664_7,3663_2,3663
2000-01-02 16:00:00,3668_4,3666_1,3665_7
2000-01-02 17:00:00,3672_5,3669_4,3668_8
2000-01-02 18:00:00,3676_9,3673_1,3672_2
2000-01-02 19:00:00,3681_6,3677,3676
2000-01-02 20:00:00,3686_5,3681_3,3680
2000-01-02 21:00:00,3691_7,3685_7,3684_3
2000-01-02 22:00:00,3697,3690_4,3688_9
2000-01-02 23:00:00,3702_5,3695_3,3693_6
2000-01-03 00:00:00,3708_2,3700_4,3698_6
2000-01-03 01:00:00,3714_1,3705_7,3703_7
2000-01-03 02:00:00,3720,3711_1,3709
2000-01-03 03:00:00,3725_9,3716_6,3714_4
2000-01-03 04:00:00,3731_6,3722_1,3719_7
2000-01-03 05:00:00,3736_7,3727_2,3724_8
2000-01-03 06:00:00,3741_1,3731_8,3729_4
2000-01-03 07:00:00,3744_5,3735_7,3733_4
2000-01-03 08:00:00,3747_1,3738_8,3736_7
2000-01-03 09:00:00,3748_8,3741_3,3739_3
2000-01-03 10:00:00,3749_6,3742_9,3741_2
2000-01-03 11:00:00,3749_7,3743_9,3742_4
2000-01-03 12:00:00,3749,3744_3,3742_9
2000-01-03 13:00:00,3747_8,3743_9,3742_8
2000-01-03 14:00:00,3745_9,3743,3742_1
2000-01-03 15:00:00,3743_5,3741_6,3740_9
2000-01-03 16:00:00,3740_6,3739_6,3739_2
2000-01-03 17:00:00,3737_3,3737_3,3737_1
2000-01-03 18:00:00,3733_6,3734_4,3734_5
2000-01-03 19:00:00,3729_5,3731_3,3731_6
2000-01-03 20:00:00,3725_2,3727_8,3728_3
2000-01-03 21:00:00,3720_6,3723_9,3724_6
2000-01-03 22:00:00,3715_7,3719_8,3720_7
2000-01-03 23:00:00,3710_6,3715_5,3716_6
2000-01-04 00:00:00,3705_4,3710_9,3712_2
2000-01-04 01:00:00,3699_9,3706_1,3707_5
2000-01-04 02:00:00,3694_3,3701_1,3702_7
2000-01-04 03:00:00,3688_5,3695_9,3697_7
2000-01-04 04:00:00,3682_8,3690_7,3692_6
2000-01-04 05:00:00,3677_4,3685_6,3687_6
2000-01-04 06:00:00,3672_3,3680_7,3682_7
2000-01-04 07:00:00,3667_6,3676,3678_1
2000-01-04 08:00:00,3663_3,3671_7,3673_8
2000-01-04 09:00:00,3659_4,3667_6,3669_7
2000-01-04 10:00:00,3655_9,3663_9,3665_9
2000-01-04 11:00:00,3652_7,3660_4,3662_4
2000-01-04 12:00:00,3649_8,3657_3,3659_2
2000-01-04 13:00:00,3647_1,3654_3,3656_2
2000-01-04 14:00:00,3644_7,3651_6,3653_4
2000-01-04 15:00:00,3642_5,3649_1,3650_8
2000-01-04 16:00:00,3640_5,3646_7,3648_4
2000-01-04 17:00:00,3638_7,3644_6,3646_1
2000-01-04 18:00:00,3637,3642_6,3644
2000-01-04 19:00:00,3635_4,3640_7,3642_1
2000-01-04 20:00:00,3634,3639,3640_3
2000-01-04 21:00:00,3632_7,3637_3,3638_6
2000-01-04 22:00:00,3631_4,3635_8,3637
2000-01-04 23:00:00,3630_3,3634_4,3635_5
2000-01-05 00:00:00,3629_2,3633_1,3634_2
2000-01-05 01:00:00,3628_3,3631_9,3632_9
2000-01-05 02:00:00,3627_4,3630_8,3631_7
2000-01-05 03:00:00,3626_6,3629_8,3630_6
2000-01-05 04:00:00,3626,3628_9,3629_7
2000-01-05 05:00:00,3625_6,3628_2,3628_9
2000-01-05 06:00:00,3625_7,3627_8,3628_4
2000-01-05 07:00:00,3626_1,3627_8,3628_3
2000-01-05 08:00:00,3626_8,3628_1,3628_4
2000-01-05 09:00:00,3627_9,3628_7,3628_9
2000-01-05 10:00:00,3629_4,3629_6,3629_7
2000-01-05 11:00:00,3631_1,3630_8,3630_8
2000-01-05 12:00:00,3633_1,3632_3,3632_1
2000-01-05 13:00:00,3635_3,3634,3633_8
2000-01-05 14:00:00,3637_8,3636,3635_6
2000-01-05 15:00:00,3640_5,3638_2,3637_7
2000-01-05 16:00:00,3643_4,3640_6,3640
2000-01-05 17:00:00,3646_4,3643_2,3642_5
2000-01-05 18:00:00,3649_6,3646,3645_1
2000-01-05 19:00:00,3652_9,3648_9,3647_9
2000-01-05 20:00:00,3656_3,3651_9,3650_9
2000-01-05 21:00:00,3659_8,3655_1,3653_9
2000-01-05 22:00:00,3663_4,3658_4,3657_1
2000-01-05 23:00:00,3667_2,3661_7,3660_4
2000-01-06 00:00:00,3670_9,3665_2,3663_8
2000-01-06 01:00:00,3674_8,3668_8,3667_3
2000-01-06 02:00:00,3678_7,3672_4,3670_8
2000-01-06 03:00:00,3682_7,3676_1,3674_5
2000-01-06 04:00:00,3687_1,3680_1,3678_3
2000-01-06 05:00:00,3692,3684_4,3682_5
2000-01-06 06:00:00,3697_7,3689_3,3687_3
2000-01-06 07:00:00,3704_1,3694_9,3692_6
2000-01-06 08:00:00,3711_4,3701_1,3698_6
2000-01-06 09:00:00,3719_3,3708,3705_3
2000-01-06 10:00:00,3728,3715_6,3712_6
2000-01-06 11:00:00,3737_4,3723_9,3720_6
2000-01-06 12:00:00,3747_3,3732_7,3729_2
2000-01-06 13:00:00,3758,3742_2,3738_4
2000-01-06 14:00:00,3769_8,3752_5,3748_3
2000-01-06 15:00:00,3783_2,3764_2,3759_6
2000-01-06 16:00:00,3797_5,3776_9,3772
2000-01-06 17:00:00,3812_3,3790_3,3785
2000-01-06 18:00:00,3827_3,3804_3,3798_8
2000-01-06 19:00:00,3842_7,3819_1,3813_5
2000-01-06 20:00:00,3858_4,3834_4,3828_8
2000-01-06 21:00:00,3874_5,3850_2,3844_5
2000-01-06 22:00:00,3890_9,3866_2,3860_5
2000-01-06 23:00:00,3907_4,3882_5,3876_8
2000-01-07 00:00:00,3924_2,3899_3,3893_5
2000-01-07 01:00:00,3941_2,3916_3,3910_6
2000-01-07 02:00:00,3958_5,3933_6,3927_9
2000-01-07 03:00:00,3976,3951,3945_4
2000-01-07 04:00:00,3993_7,3968_7,3963
2000-01-07 05:00:00,4011_6,3986_4,3980_7
2000-01-07 06:00:00,4029_7,4004_3,3998_6
2000-01-07 07:00:00,4047_9,4022_3,4016_5
2000-01-07 08:00:00,4066_3,4040_4,4034_6
2000-01-07 09:00:00,4084_8,4058_9,4053_1
2000-01-07 10:00:00,4103_6,4077_7,4072
2000-01-07 11:00:00,4122_8,4096_9,4091_1
2000-01-07 12:00:00,4142,4115_9,4110_1
2000-01-07 13:00:00,4161_3,4135,4129_2
2000-01-07 14:00:00,4180_6,4154_2,4148_4
2000-01-07 15:00:00,4199_9,4173_5,4167_7
2000-01-07 16:00:00,4219_4,4193,4187_3
2000-01-07 17:00:00,4239,4212_6,4206_9
2000-01-07 18:00:00,4258_7,4232_4,4226_7
2000-01-07 19:00:00,4278_4,4252_1,4246_4
2000-01-07 20:00:00,4298_2,4271_9,4266_2
2000-01-07 21:00:00,4318,4291_3,4285_4
2000-01-07 22:00:00,4337_7,4310_7,4304_8
2000-01-07 23:00:00,4357_7,4331_3,4325_6
2000-01-08 00:00:00,4378,4351_2,4345_5
2000-01-08 01:00:00,4397_9,4371,4365_2
2000-01-08 02:00:00,4417_8,4390_9,4385_1
2000-01-08 03:00:00,4437_7,4410_8,4405
2000-01-08 04:00:00,4458_1,4431,4425_2
2000-01-08 05:00:00,4479_3,4451_8,4446
2000-01-08 06:00:00,4501_7,4473_6,4467_7
2000-01-08 07:00:00,4525_4,4496_5,4490_4
2000-01-08 08:00:00,4550_4,4520_4,4514_1
2000-01-08 09:00:00,4576_8,4545_7,4539_2
2000-01-08 10:00:00,4604_6,4572_3,4565_6
2000-01-08 11:00:00,4633_7,4600_2,4593_3
2000-01-08 12:00:00,4664_5,4629_4,4622_4
2000-01-08 13:00:00,4696_9,4660,4652_7
2000-01-08 14:00:00,4730_7,4691_8,4684_2
2000-01-08 15:00:00,4765_5,4724_5,4716_7
2000-01-08 16:00:00,4801_2,4758,4749_9
2000-01-08 17:00:00,4837_7,4792_2,4783_8
2000-01-08 18:00:00,4874_9,4827_5,4819_1
2000-01-08 19:00:00,4912_9,4864_4,4856
2000-01-08 20:00:00,4951_9,4901_9,4893_6
2000-01-08 21:00:00,4991_6,4939_9,4931_7
2000-01-08 22:00:00,5031_4,4978_2,4970
2000-01-08 23:00:00,5071_3,5016_6,5008_5
2000-01-09 00:00:00,5111_1,5055,5047
2000-01-09 01:00:00,5149_8,5093_9,5085_9
2000-01-09 02:00:00,5188_1,5133,5125_1
2000-01-09 03:00:00,5226_4,5171_9,5164_2
2000-01-09 04:00:00,5264_2,5211,5203_5
2000-01-09 05:00:00,5301,5249_6,5242_4
2000-01-09 06:00:00,5337_6,5288_1,5281
2000-01-09 07:00:00,5375_1,5327,5320
2000-01-09 08:00:00,5414,5367,5360
2000-01-09 09:00:00,5453_7,5407_9,5400_9
2000-01-09 10:00:00,5494,5449_4,5442_4
2000-01-09 11:00:00,5534_7,5491_2,5484_2
2000-01-09 12:00:00,5574_9,5532_8,5525_6
2000-01-09 13:00:00,5615_3,5574,5566_7
2000-01-09 14:00:00,5656_3,5615_2,5607_8
2000-01-09 15:00:00,5697_4,5656_4,5648_9
2000-01-09 16:00:00,5738_5,5697_7,5690_1
2000-01-09 17:00:00,5779_5,5738_7,5730_8
2000-01-09 18:00:00,5820_9,5779_8,5771_9
2000-01-09 19:00:00,5863_5,5821_5,5813_3
2000-01-09 20:00:00,5907_1,5863_9,5855_6
2000-01-09 21:00:00,5953_3,5908_2,5899_4
2000-01-09 22:00:00,6001_4,5954_4,5945_1
2000-01-09 23:00:00,6049_4,6000_2,5990_5
2000-01-10 00:00:00,6095_5,6045,6035_1
2000-01-10 01:00:00,6137_6,6087_2,6077_2
2000-01-10 02:00:00,6175_8,6126_3,6116_3
2000-01-10 03:00:00,6211_8,6163,6153
2000-01-10 04:00:00,6246_4,6198,6187_9
2000-01-10 05:00:00,6280_2,6231_8,6221_6
2000-01-10 06:00:00,6313_6,6265,6254_7
2000-01-10 07:00:00,6347_7,6298,6287_5
2000-01-10 08:00:00,6382_9,6331_8,6320_8
2000-01-10 09:00:00,6418_4,6365_4,6353_9
2000-01-10 10:00:00,6454_3,6398_9,6386_7
2000-01-10 11:00:00,6490_2,6432_6,6420
2000-01-10 12:00:00,6525_3,6466_2,6453_1
2000-01-10 13:00:00,6561,6500_7,6486_8
2000-01-10 14:00:00,6597_9,6537_3,6522_4
2000-01-10 15:00:00,6635_7,6573_8,6557_8
2000-01-10 16:00:00,6674_1,6610_8,6593_6
2000-01-10 17:00:00,6715_3,6649,6630_1
2000-01-10 18:00:00,6761_1,6691_2,6670
2000-01-10 19:00:00,6811_6,6734_2,6710_8
2000-01-10 20:00:00,7024_6,6867_5,6816_8
2000-01-10 21:00:00,7109_8,6971_6,6919_8
2000-01-10 22:00:00,7146_1,7024_4,6973_9
2000-01-10 23:00:00,7162_4,7051_3,6996_4
2000-01-11 00:00:00,7179_2,7069_7,7010
2000-01-11 01:00:00,7209,7099_9,7030_8
2000-01-11 02:00:00,7241,7131_5,7053_9
2000-01-11 03:00:00,7273_7,7163_2,7078_7
2000-01-11 04:00:00,7307_9,7196_1,7105_8
2000-01-11 05:00:00,7344_6,7232_1,7133_6
2000-01-11 06:00:00,7384_4,7268_4,7163_1
2000-01-11 07:00:00,7426_2,7308_5,7197_3
2000-01-11 08:00:00,7471_8,7350_2,7232_3
2000-01-11 09:00:00,7519_5,7393_8,7268_4
2000-01-11 10:00:00,7566_3,7435_6,7302_7
2000-01-11 11:00:00,7611,7475_1,7336
2000-01-11 12:00:00,7654_3,7514_3,7369
2000-01-11 13:00:00,7694_7,7553_4,7402_1
2000-01-11 14:00:00,7730_8,7591_6,7434_9
2000-01-11 15:00:00,7759_3,7618_7,7471_6
2000-01-11 16:00:00,7777_3,7641_6,7508
2000-01-11 17:00:00,7792_1,7664_2,7543_6
2000-01-11 18:00:00,7805,7686,7579_3
2000-01-11 19:00:00,7816_5,7708,7615
2000-01-11 20:00:00,7823_7,7726_1,7645_1
2000-01-11 21:00:00,7840_6,7753_6,7688_1
2000-01-11 22:00:00,7853_6,7776_4,7725_2
2000-01-11 23:00:00,7875_9,7802_1,7764_4
2000-01-12 00:00:00,7906_5,7832_5,7803_3
2000-01-12 01:00:00,7944_3,7869_6,7840_3
2000-01-12 02:00:00,7988_2,7910_7,7880_4
2000-01-12 03:00:00,8034_8,7955_2,7924_2
2000-01-12 04:00:00,8082_5,8002_7,7971_8
2000-01-12 05:00:00,8143_9,8056_7,8023_9
2000-01-12 06:00:00,8217_8,8123_8,8088_2
2000-01-12 07:00:00,8299_9,8197_7,8159_5
2000-01-12 08:00:00,8391_8,8279_3,8238_1
2000-01-12 09:00:00,8492_4,8369_1,8324_6
2000-01-12 10:00:00,8601_4,8477_8,8422_2
2000-01-12 11:00:00,8716,8591,8522_1
2000-01-12 12:00:00,8831_2,8702,8617_7
2000-01-12 13:00:00,8935_4,8809_3,8710_9
2000-01-12 14:00:00,9032_4,8911,8798_4
2000-01-12 15:00:00,9125_1,9010,8883_9
2000-01-12 16:00:00,9213_1,9109_3,8978_4
2000-01-12 17:00:00,9292_9,9188_5,9063_4
2000-01-12 18:00:00,9364_1,9257_4,9142_2
2000-01-12 19:00:00,9427_9,9320_1,9217_4
2000-01-12 20:00:00,9484_1,9375,9287_9
2000-01-12 21:00:00,9535_4,9423_7,9353_6
2000-01-12 22:00:00,9585_2,9466_3,9414_2
2000-01-12 23:00:00,9631,9510_3,9466_8
2000-01-13 00:00:00,9677_2,9557_7,9516_7
2000-01-13 01:00:00,9726_1,9605_4,9565_9
2000-01-13 02:00:00,9776_1,9653_2,9614_9
2000-01-13 03:00:00,9827_1,9701_3,9664_1
2000-01-13 04:00:00,9881_6,9750_8,9714_1
2000-01-13 05:00:00,9943,9801_9,9765_1
2000-01-13 06:00:00,10003,9854_2,9817_4
2000-01-13 07:00:00,10058,9907_7,9870_8
2000-01-13 08:00:00,10113,9961_9,9925
2000-01-13 09:00:00,10169,10019,9981_1
2000-01-13 10:00:00,10228,10078,10040
2000-01-13 11:00:00,10292,10140,10102
2000-01-13 12:00:00,10361,10207,10168
2000-01-13 13:00:00,10433,10284,10242
2000-01-13 14:00:00,10514,10361,10318
2000-01-13 15:00:00,10594,10436,10393
2000-01-13 16:00:00,10673,10512,10468
2000-01-13 17:00:00,10750,10587,10542
2000-01-13 18:00:00,10820,10664,10619
2000-01-13 19:00:00,10886,10739,10694
2000-01-13 20:00:00,10950,10812,10767
2000-01-13 21:00:00,11013,10884,10839
2000-01-13 22:00:00,11076,10955,10911
2000-01-13 23:00:00,11139,11027,10983
2000-01-14 00:00:00,11203,11098,11054
2000-01-14 01:00:00,11269,11166,11123
2000-01-14 02:00:00,11335,11233,11191
2000-01-14 03:00:00,11398,11298,11257
2000-01-14 04:00:00,11455,11359,11319
2000-01-14 05:00:00,11508,11416,11378
2000-01-14 06:00:00,11556,11469,11433
2000-01-14 07:00:00,11600,11518,11483
2000-01-14 08:00:00,11641,11563,11530
2000-01-14 09:00:00,11678,11605,11574
2000-01-14 10:00:00,11714,11644,11615
2000-01-14 11:00:00,11747,11681,11653
2000-01-14 12:00:00,11779,11716,11690
2000-01-14 13:00:00,11810,11750,11725
2000-01-14 14:00:00,11841,11783,11759
2000-01-14 15:00:00,11870,11815,11792
2000-01-14 16:00:00,11899,11846,11823
2000-01-14 17:00:00,11927,11876,11854
2000-01-14 18:00:00,11954,11905,11884
2000-01-14 19:00:00,11981,11933,11913
2000-01-14 20:00:00,12007,11961,11941
2000-01-14 21:00:00,12033,11988,11969
2000-01-14 22:00:00,12059,12015,11997
2000-01-14 23:00:00,12084,12042,12024
2000-01-15 00:00:00,12109,12068,12050
2000-01-15 01:00:00,12134,12094,12077
2000-01-15 02:00:00,12159,12119,12102
2000-01-15 03:00:00,12182,12144,12128
2000-01-15 04:00:00,12204,12167,12152
2000-01-15 05:00:00,12225,12190,12175
2000-01-15 06:00:00,12244,12210,12196
2000-01-15 07:00:00,12262,12230,12216
2000-01-15 08:00:00,12278,12248,12235
2000-01-15 09:00:00,12294,12265,12253
2000-01-15 10:00:00,12309,12282,12270
2000-01-15 11:00:00,12324,12298,12287
2000-01-15 12:00:00,12338,12313,12302
2000-01-15 13:00:00,12351,12327,12317
2000-01-15 14:00:00,12364,12341,12332
2000-01-15 15:00:00,12377,12355,12345
2000-01-15 16:00:00,12389,12368,12359
2000-01-15 17:00:00,12402,12381,12372
2000-01-15 18:00:00,12413,12393,12385
2000-01-15 19:00:00,12425,12406,12397
2000-01-15 20:00:00,12437,12418,12410
2000-01-15 21:00:00,12448,12430,12422
2000-01-15 22:00:00,12459,12441,12434
2000-01-15 23:00:00,12470,12453,12445
2000-01-16 00:00:00,12481,12464,12457
2000-01-16 01:00:00,12492,12475,12468
2000-01-16 02:00:00,12503,12486,12479
2000-01-16 03:00:00,12512,12497,12490
2000-01-16 04:00:00,12519,12505,12499
2000-01-16 05:00:00,12524,12511,12506
2000-01-16 06:00:00,12526,12516,12511
2000-01-16 07:00:00,12528,12519,12515
2000-01-16 08:00:00,12527,12521,12517
2000-01-16 09:00:00,12526,12521,12518
2000-01-16 10:00:00,12524,12520,12518
2000-01-16 11:00:00,12521,12518,12517
2000-01-16 12:00:00,12517,12516,12515
2000-01-16 13:00:00,12513,12512,12512
2000-01-16 14:00:00,12508,12509,12509
2000-01-16 15:00:00,12503,12504,12505
2000-01-16 16:00:00,12497,12499,12500
2000-01-16 17:00:00,12491,12494,12496
2000-01-16 18:00:00,12485,12489,12490
2000-01-16 19:00:00,12478,12483,12485
2000-01-16 20:00:00,12472,12477,12479
2000-01-16 21:00:00,12465,12471,12473
2000-01-16 22:00:00,12458,12464,12467
2000-01-16 23:00:00,12451,12458,12460
2000-01-17 00:00:00,12444,12451,12454
2000-01-17 01:00:00,12437,12444,12447
2000-01-17 02:00:00,12429,12437,12440
2000-01-17 03:00:00,12421,12429,12433
2000-01-17 04:00:00,12411,12421,12424
2000-01-17 05:00:00,12399,12410,12415
2000-01-17 06:00:00,12387,12399,12403
2000-01-17 07:00:00,12373,12386,12391
2000-01-17 08:00:00,12358,12372,12378
2000-01-17 09:00:00,12342,12358,12364
2000-01-17 10:00:00,12326,12343,12349
2000-01-17 11:00:00,12309,12327,12334
2000-01-17 12:00:00,12292,12310,12318
2000-01-17 13:00:00,12274,12293,12301
2000-01-17 14:00:00,12256,12276,12284
2000-01-17 15:00:00,12237,12258,12267
2000-01-17 16:00:00,12219,12240,12249
2000-01-17 17:00:00,12200,12222,12231
2000-01-17 18:00:00,12181,12203,12213
2000-01-17 19:00:00,12161,12185,12194
2000-01-17 20:00:00,12142,12166,12175
2000-01-17 21:00:00,12122,12146,12156
2000-01-17 22:00:00,12103,12127,12137
2000-01-17 23:00:00,12083,12108,12118
2000-01-18 00:00:00,12063,12088,12098
2000-01-18 01:00:00,12043,12068,12079
2000-01-18 02:00:00,12023,12048,12059
2000-01-18 03:00:00,12001,12028,12039
2000-01-18 04:00:00,11978,12006,12017
2000-01-18 05:00:00,11952,11982,11994
2000-01-18 06:00:00,11925,11956,11969
2000-01-18 07:00:00,11896,11929,11942
2000-01-18 08:00:00,11866,11900,11914
2000-01-18 09:00:00,11834,11870,11885
2000-01-18 10:00:00,11802,11840,11855
2000-01-18 11:00:00,11770,11808,11824
2000-01-18 12:00:00,11736,11776,11792
2000-01-18 13:00:00,11702,11743,11760
2000-01-18 14:00:00,11668,11710,11727
2000-01-18 15:00:00,11633,11676,11694
2000-01-18 16:00:00,11598,11642,11660
2000-01-18 17:00:00,11562,11607,11625
2000-01-18 18:00:00,11526,11572,11591
2000-01-18 19:00:00,11490,11537,11556
2000-01-18 20:00:00,11454,11501,11520
2000-01-18 21:00:00,11418,11465,11485
2000-01-18 22:00:00,11381,11430,11449
2000-01-18 23:00:00,11345,11394,11413
2000-01-19 00:00:00,11308,11357,11378
2000-01-19 01:00:00,11271,11321,11342
2000-01-19 02:00:00,11235,11285,11305
2000-01-19 03:00:00,11198,11248,11269
2000-01-19 04:00:00,11161,11212,11233
2000-01-19 05:00:00,11125,11176,11197
2000-01-19 06:00:00,11089,11140,11161
2000-01-19 07:00:00,11053,11105,11126
2000-01-19 08:00:00,11018,11069,11090
2000-01-19 09:00:00,10982,11033,11055
2000-01-19 10:00:00,10947,10998,11019
2000-01-19 11:00:00,10911,10963,10984
2000-01-19 12:00:00,10876,10928,10949
2000-01-19 13:00:00,10841,10893,10914
2000-01-19 14:00:00,10806,10857,10879
2000-01-19 15:00:00,10770,10822,10843
2000-01-19 16:00:00,10733,10786,10807
2000-01-19 17:00:00,10697,10750,10771
2000-01-19 18:00:00,10661,10714,10735
2000-01-19 19:00:00,10625,10678,10700
2000-01-19 20:00:00,10588,10642,10664
2000-01-19 21:00:00,10552,10606,10628
2000-01-19 22:00:00,10516,10570,10592
2000-01-19 23:00:00,10480,10534,10556
2000-01-20 00:00:00,10444,10498,10520
2000-01-20 01:00:00,10408,10463,10485
2000-01-20 02:00:00,10372,10427,10449
2000-01-20 03:00:00,10335,10390,10413
2000-01-20 04:00:00,10298,10354,10376
2000-01-20 05:00:00,10260,10317,10339
2000-01-20 06:00:00,10221,10279,10302
2000-01-20 07:00:00,10182,10241,10264
2000-01-20 08:00:00,10142,10202,10225
2000-01-20 09:00:00,10102,10162,10186
2000-01-20 10:00:00,10062,10123,10147
2000-01-20 11:00:00,10022,10083,10108
2000-01-20 12:00:00,9981_7,10044,10068
2000-01-20 13:00:00,9942_8,10005,10029
2000-01-20 14:00:00,9904_8,9967_4,9991_6
2000-01-20 15:00:00,9866_8,9929_8,9953_9
2000-01-20 16:00:00,9829_8,9892_9,9916_8
2000-01-20 17:00:00,9792_7,9856_4,9880_2
2000-01-20 18:00:00,9755_8,9820_6,9844_4
2000-01-20 19:00:00,9720,9786_1,9809_7
2000-01-20 20:00:00,9685_8,9752_9,9776_3
2000-01-20 21:00:00,9651_6,9719_5,9742_9
2000-01-20 22:00:00,9616_1,9684_8,9708_3
2000-01-20 23:00:00,9579_7,9649_1,9672_9
2000-01-21 00:00:00,9542_6,9612_7,9636_7
2000-01-21 01:00:00,9504_8,9575_5,9599_7
2000-01-21 02:00:00,9466_7,9537_7,9562_3
2000-01-21 03:00:00,9428_2,9499_3,9524_2
2000-01-21 04:00:00,9389,9459_8,9485
2000-01-21 05:00:00,9351_5,9420_7,9445_9
2000-01-21 06:00:00,9315_2,9383_6,9408_6
2000-01-21 07:00:00,9278,9345_7,9370_8
2000-01-21 08:00:00,9241_7,9308_9,9333_7
2000-01-21 09:00:00,9206_5,9273_1,9297_6
2000-01-21 10:00:00,9171_4,9237_7,9262
2000-01-21 11:00:00,9136,9202_5,9226_7
2000-01-21 12:00:00,9100_4,9167_3,9191_5
2000-01-21 13:00:00,9064_4,9132_3,9156_5
2000-01-21 14:00:00,9026_3,9095_9,9120_5
2000-01-21 15:00:00,8986_4,9058_6,9083_6
2000-01-21 16:00:00,8944_4,9019_9,9045_4
2000-01-21 17:00:00,8899_8,8979,9005_3
2000-01-21 18:00:00,8854_8,8937_7,8964_5
2000-01-21 19:00:00,8807_8,8894_1,8921_7
2000-01-21 20:00:00,8757_1,8846_2,8874_8
2000-01-21 21:00:00,8703_4,8795_2,8824_7
2000-01-21 22:00:00,8647_8,8741_5,8771_9
2000-01-21 23:00:00,8590_1,8685_4,8716_5
2000-01-22 00:00:00,8531_7,8627_5,8658_9
2000-01-22 01:00:00,8472_6,8568_1,8599_6
2000-01-22 02:00:00,8414_6,8508_1,8539_2
2000-01-22 03:00:00,8357_2,8448,8478_3
2000-01-22 04:00:00,8300_8,8387_8,8417_1
2000-01-22 05:00:00,8245_1,8328_6,8357
2000-01-22 06:00:00,8190_5,8272_4,8300_7
2000-01-22 07:00:00,8137,8219_4,8247_9
2000-01-22 08:00:00,8085,8167_7,8196_5
2000-01-22 09:00:00,8034_2,8117_1,8146_3
2000-01-22 10:00:00,7984_4,8067_9,8097_6
2000-01-22 11:00:00,7935_6,8020,8050_4
2000-01-22 12:00:00,7888_2,7973_5,8004_7
2000-01-22 13:00:00,7842_6,7929_1,7961_2
2000-01-22 14:00:00,7799_1,7886_7,7919_9
2000-01-22 15:00:00,7757_9,7847_1,7881_5
2000-01-22 16:00:00,7720_1,7810_4,7846_2
2000-01-22 17:00:00,7688_1,7775_9,7811_3
2000-01-22 18:00:00,7662_9,7744_9,7778_9
2000-01-22 19:00:00,7644_2,7719_8,7751_6
2000-01-22 20:00:00,7623_8,7695_4,7725_9
2000-01-22 21:00:00,7604_3,7672_2,7701_7
2000-01-22 22:00:00,7586_2,7650_7,7679_1
2000-01-22 23:00:00,7569_9,7630_7,7657_9
2000-01-23 00:00:00,7555,7612_5,7638_6
2000-01-23 01:00:00,7541_7,7595_9,7620_8
2000-01-23 02:00:00,7529_9,7580_8,7604_6
2000-01-23 03:00:00,7519_5,7567_3,7589_9
2000-01-23 04:00:00,7509_7,7554_7,7576_1
2000-01-23 05:00:00,7498,7541_9,7562_6
2000-01-23 06:00:00,7483_3,7527_1,7547_9
2000-01-23 07:00:00,7465_6,7510_4,7531_7
2000-01-23 08:00:00,7445_4,7491_5,7513_7
2000-01-23 09:00:00,7423_7,7471_2,7494_4
2000-01-23 10:00:00,7399_1,7448_6,7473_4
2000-01-23 11:00:00,7371_8,7423_6,7450_1
2000-01-23 12:00:00,7342,7396_1,7424_8
2000-01-23 13:00:00,7309_6,7366_5,7397_5
2000-01-23 14:00:00,7274_1,7334_1,7368
2000-01-23 15:00:00,7220_3,7295_2,7334_3
2000-01-23 16:00:00,7010_5,7140_1,7224_8
2000-01-23 17:00:00,6953_2,7064_1,7145_4
2000-01-23 18:00:00,6928_7,7020_4,7096_1
2000-01-23 19:00:00,6909_1,6985_9,7056_9
2000-01-23 20:00:00,6889_5,6954_2,7022_5
2000-01-23 21:00:00,6868_9,6926_9,6992_6
2000-01-23 22:00:00,6847_9,6901_6,6965_7
2000-01-23 23:00:00,6827,6877_5,6940_8
2000-01-24 00:00:00,6804_7,6854_6,6917_9
2000-01-24 01:00:00,6777_6,6828_5,6894
2000-01-24 02:00:00,6748,6800_5,6869_6
2000-01-24 03:00:00,6717_5,6774_5,6847_1
2000-01-24 04:00:00,6688,6750,6824_4
2000-01-24 05:00:00,6659_7,6726_9,6802_1
2000-01-24 06:00:00,6633,6707,6781_1
2000-01-24 07:00:00,6608_6,6691_6,6761_4
2000-01-24 08:00:00,6588,6679_6,6743_7
2000-01-24 09:00:00,6569_3,6659_2,6721_4
2000-01-24 10:00:00,6551_2,6636_3,6695_9
2000-01-24 11:00:00,6535_1,6613_9,6670_1
2000-01-24 12:00:00,6520_3,6592_8,6645_5
2000-01-24 13:00:00,6504_1,6572_9,6623_5
2000-01-24 14:00:00,6487_4,6553_5,6602_4
2000-01-24 15:00:00,6470_8,6534_4,6581_6
2000-01-24 16:00:00,6454_4,6515_6,6561_2
2000-01-24 17:00:00,6438,6497,6540_8
2000-01-24 18:00:00,6421_7,6479,6521_3
2000-01-24 19:00:00,6405_5,6461,6501_8
2000-01-24 20:00:00,6389_4,6443_2,6482_5
2000-01-24 21:00:00,6373_5,6425_6,6463_4
2000-01-24 22:00:00,6357_5,6408_1,6444_4
2000-01-24 23:00:00,6340_9,6390_3,6425_3
2000-01-25 00:00:00,6323_5,6371_9,6406_1
2000-01-25 01:00:00,6305_6,6353_4,6386_6
2000-01-25 02:00:00,6287_7,6335,6367_5
2000-01-25 03:00:00,6269_5,6316,6347_9
2000-01-25 04:00:00,6251_3,6297_1,6328_3
2000-01-25 05:00:00,6233_2,6278_4,6308_8
2000-01-25 06:00:00,6215_7,6260,6289_4
2000-01-25 07:00:00,6198_6,6241_9,6270_2
2000-01-25 08:00:00,6181_7,6224,6251_3
2000-01-25 09:00:00,6164_6,6206,6232_1
2000-01-25 10:00:00,6147_1,6188,6213_2
2000-01-25 11:00:00,6129_3,6169_8,6194_3
2000-01-25 12:00:00,6111,6151_3,6175_4
2000-01-25 13:00:00,6092_4,6132_6,6156_3
2000-01-25 14:00:00,6073_3,6113_7,6137_1
2000-01-25 15:00:00,6053_7,6094_4,6117_6
2000-01-25 16:00:00,6033_7,6074_7,6097_8
2000-01-25 17:00:00,6013_4,6054_7,6077_7
2000-01-25 18:00:00,5992_8,6034_3,6057_2
2000-01-25 19:00:00,5972_1,6013_7,6036_4
2000-01-25 20:00:00,5951_2,5993,6015_4
2000-01-25 21:00:00,5930_2,5972,5994_3
2000-01-25 22:00:00,5909_2,5951,5972_9
2000-01-25 23:00:00,5888,5929_7,5951_4
2000-01-26 00:00:00,5866_6,5908_3,5929_8
2000-01-26 01:00:00,5845_1,5886_8,5908_1
2000-01-26 02:00:00,5823_5,5865_2,5886_2
2000-01-26 03:00:00,5801_8,5843_4,5864_1
2000-01-26 04:00:00,5779_8,5821_4,5841_8
2000-01-26 05:00:00,5757_5,5799_1,5819_2
2000-01-26 06:00:00,5734_9,5776_5,5796_4
2000-01-26 07:00:00,5712_1,5753_7,5773_3
2000-01-26 08:00:00,5689_2,5730_6,5750_1
2000-01-26 09:00:00,5666_4,5707_5,5726_7
2000-01-26 10:00:00,5643_5,5684_4,5703_3
2000-01-26 11:00:00,5620_6,5661_2,5679_9
2000-01-26 12:00:00,5597_7,5638,5656_4
2000-01-26 13:00:00,5574_9,5614_8,5632_9
2000-01-26 14:00:00,5552_2,5591_7,5609_4
2000-01-26 15:00:00,5529_6,5568_7,5586
2000-01-26 16:00:00,5507_2,5545_6,5562_4
2000-01-26 17:00:00,5484_7,5522_5,5539
2000-01-26 18:00:00,5462,5499_4,5515_4
2000-01-26 19:00:00,5439_5,5476_3,5492
2000-01-26 20:00:00,5417_1,5453_3,5468_6
2000-01-26 21:00:00,5394_9,5430_5,5445_4
2000-01-26 22:00:00,5372_8,5407_9,5422_3
2000-01-26 23:00:00,5350_8,5385_3,5399_3
2000-01-27 00:00:00,5328_9,5362_8,5376_5
2000-01-27 01:00:00,5307_2,5340_4,5353_8
2000-01-27 02:00:00,5285_4,5318_3,5331_3
2000-01-27 03:00:00,5263_7,5296_2,5309
2000-01-27 04:00:00,5241_8,5274_2,5286_8
2000-01-27 05:00:00,5219_5,5251_9,5264_5
2000-01-27 06:00:00,5196_6,5229_3,5241_9
2000-01-27 07:00:00,5173_3,5206_4,5218_9
2000-01-27 08:00:00,5149_6,5183_1,5195_7
2000-01-27 09:00:00,5125_5,5159_4,5172_1
2000-01-27 10:00:00,5100_9,5135_2,5148
2000-01-27 11:00:00,5075_8,5110_7,5123_5
2000-01-27 12:00:00,5050_4,5085_7,5098_6
2000-01-27 13:00:00,5024_6,5060_3,5073_3
2000-01-27 14:00:00,4998_6,5034_7,5047_7
2000-01-27 15:00:00,4972_5,5008_9,5021_9
2000-01-27 16:00:00,4946_1,4982_8,4995_8
2000-01-27 17:00:00,4919_7,4956_6,4969_6
2000-01-27 18:00:00,4893_1,4930_3,4943_2
2000-01-27 19:00:00,4866_7,4903_9,4916_8
2000-01-27 20:00:00,4840_2,4877_6,4890_4
2000-01-27 21:00:00,4813_6,4851_2,4864
2000-01-27 22:00:00,4786_9,4824_8,4837_6
2000-01-27 23:00:00,4760_3,4798_5,4811_2
2000-01-28 00:00:00,4733_7,4772_1,4784_9
2000-01-28 01:00:00,4706_9,4745_6,4758_4
2000-01-28 02:00:00,4680,4719_1,4731_9
2000-01-28 03:00:00,4653_1,4692_5,4705_3
2000-01-28 04:00:00,4626_4,4666_1,4678_9
2000-01-28 05:00:00,4600_3,4640_2,4652_9
2000-01-28 06:00:00,4575_2,4614_9,4627_4
2000-01-28 07:00:00,4551,4590_4,4602_7
2000-01-28 08:00:00,4527_8,4566_8,4578_8
2000-01-28 09:00:00,4505_7,4544,4555_6
2000-01-28 10:00:00,4484_5,4521_8,4533
2000-01-28 11:00:00,4464_3,4500_5,4511_1
2000-01-28 12:00:00,4445_1,4479_9,4490
2000-01-28 13:00:00,4426_6,4460_3,4469_8
2000-01-28 14:00:00,4408_9,4441_3,4450_4
2000-01-28 15:00:00,4391_8,4423,4431_5
2000-01-28 16:00:00,4375_3,4405_3,4413_3
2000-01-28 17:00:00,4359_3,4388_1,4395_7
2000-01-28 18:00:00,4343_8,4371_6,4378_8
2000-01-28 19:00:00,4328_9,4355_7,4362_5
2000-01-28 20:00:00,4314_3,4340_2,4346_7
2000-01-28 21:00:00,4300_2,4325_2,4331_3
2000-01-28 22:00:00,4286_4,4310_6,4316_4
2000-01-28 23:00:00,4272_9,4296_4,4301_9
2000-01-29 00:00:00,4259_7,4282_5,4287_7
2000-01-29 01:00:00,4246_8,4268_9,4273_9
2000-01-29 02:00:00,4234_1,4255_6,4260_4
2000-01-29 03:00:00,4221_8,4242_6,4247_1
2000-01-29 04:00:00,4209_8,4230,4234_3
2000-01-29 05:00:00,4198_5,4217_8,4222
2000-01-29 06:00:00,4187_9,4206_3,4210_3
2000-01-29 07:00:00,4177_9,4195_4,4199_2
2000-01-29 08:00:00,4168_7,4185_2,4188_8
2000-01-29 09:00:00,4160_1,4175_7,4179_1
2000-01-29 10:00:00,4152_2,4166_9,4170_2
2000-01-29 11:00:00,4144_9,4158_9,4161_9
2000-01-29 12:00:00,4138_2,4151_4,4154_3
2000-01-29 13:00:00,4132_1,4144_6,4147_3
2000-01-29 14:00:00,4126_5,4138_3,4140_9
2000-01-29 15:00:00,4121_3,4132_5,4134_9
2000-01-29 16:00:00,4116_6,4127_1,4129_4
2000-01-29 17:00:00,4112_2,4122_2,4124_4
2000-01-29 18:00:00,4108_2,4117_6,4119_7
2000-01-29 19:00:00,4104_4,4113_4,4115_3
2000-01-29 20:00:00,4101,4109_4,4111_3
2000-01-29 21:00:00,4097_8,4105_8,4107_6
2000-01-29 22:00:00,4094_9,4102_4,4104_1
2000-01-29 23:00:00,4092_2,4099_3,4100_9
2000-01-30 00:00:00,4089_6,4096_4,4097_9
2000-01-30 01:00:00,4087_3,4093_7,4095_2
2000-01-30 02:00:00,4085_1,4091_2,4092_6
2000-01-30 03:00:00,4083,4088_9,4090_2
2000-01-30 04:00:00,4080_7,4086_5,4087_8
2000-01-30 05:00:00,4078,4083_9,4085_1
2000-01-30 06:00:00,4074_8,4080_9,4082_1
2000-01-30 07:00:00,4070_9,4077_3,4078_6
2000-01-30 08:00:00,4066_4,4073_2,4074_6
2000-01-30 09:00:00,4061_3,4068_6,4070_1
2000-01-30 10:00:00,4055_7,4063_4,4065
2000-01-30 11:00:00,4049_5,4057_8,4059_4
2000-01-30 12:00:00,4042_9,4051_6,4053_3
2000-01-30 13:00:00,4035_8,4045,4046_8
2000-01-30 14:00:00,4028_3,4038,4039_9
2000-01-30 15:00:00,4020_4,4030_6,4032_5
2000-01-30 16:00:00,4012_3,4022_8,4024_9
2000-01-30 17:00:00,4003_8,4014_8,4016_9
2000-01-30 18:00:00,3995_1,4006_4,4008_6
2000-01-30 19:00:00,3986_1,3997_8,4000
2000-01-30 20:00:00,3976_9,3988_9,3991_2
2000-01-30 21:00:00,3967_4,3979_8,3982_1
2000-01-30 22:00:00,3957_8,3970_5,3972_9
2000-01-30 23:00:00,3948_1,3961,3963_4
2000-01-31 00:00:00,3938_2,3951_3,3953_8
