Time [yyyy-MM-dd HH:mm:ss];Q-IJsselkpDoesbbrg: Discharge at (IJssel02_B_B_B_ 173_859)_ Flow1D [m³/s];905.00_IJ: Discharge at (IJssel03_B_A_ 474_452)_ Flow1D [m³/s];50844ObsUS: Discharge at (IJssel03_B_A_ 12393_22)_ Flow1D [m³/s];923.00_IJ: Discharge at (IJssel03_B_B_B_ 498_93)_ Flow1D [m³/s];50848ObsUS: Discharge at (IJssel04_A_ 109_4015)_ Flow1D [m³/s];940.00_IJ: Discharge at (IJssel05_B_ 665_96)_ Flow1D [m³/s];50842ObsUS: Discharge at (IJssel06_A_ 1202_662)_ Flow1D [m³/s];Veessenboven: Discharge at (IJssel07_B_B_ 348_517)_ Flow1D [m³/s];odd_006: Discharge at (IJssel07_A_ 249)_ Flow1D [m³/s];944.00_IJ: Discharge at (IJssel06_B_B_A_ 187_8305)_ Flow1D [m³/s];947.00_IJ: Discharge at (IJssel06_B_B_B_A_ 434_799)_ Flow1D [m³/s];949.00_IJ: Discharge at (IJssel06_B_B_B_B_A_ 42_872)_ Flow1D [m³/s];950.00_IJ: Discharge at (IJssel06_B_B_B_B_B_ 65_6005)_ Flow1D [m³/s];977.00_IJ: Discharge at (IJssel09_B_ 100_375)_ Flow1D [m³/s]
29-12-99 00:00;468.38;614.88;643.53;663.59;0;809.09;841.49;853.35;856.57;841.96;860.96;860.99;860.85;830.08
29-12-99 01:00;525.45;654.21;648.29;663.56;731.35;790.64;816.69;831.37;848.62;820.69;838.16;845.17;847.81;839.14
29-12-99 02:00;476.12;629.11;654;665.78;727.22;774.39;799.28;837.9;840.68;804.66;816.45;822.26;825.22;832.98
29-12-99 03:00;463.64;603.81;656.59;668.64;724.02;763.02;785.22;835.49;831.8;789.8;800.78;806.41;809.5;833.18
29-12-99 04:00;469.46;585.11;653.47;666.48;721.22;754.48;774.63;830.46;822.88;778.6;788.94;794.4;797.5;833.86
29-12-99 05:00;479.96;575.18;646.78;660.74;717.41;747.66;766.44;824.45;814.58;769.97;779.79;785;788.02;833.93
29-12-99 06:00;490.96;570.96;639.08;653.51;712.31;741.59;759.59;818.24;807.08;762.86;772.33;777.33;780.24;833.14
29-12-99 07:00;501.2;569.98;631.89;646.32;706.39;735.73;753.4;812.18;800.31;756.55;765.86;770.73;773.56;831.57
29-12-99 08:00;510.34;570.88;625.73;639.84;699.83;729.75;747.43;806.37;794.12;750.55;759.84;764.66;767.46;829.37
29-12-99 09:00;518.36;572.73;620.69;634.29;693.28;723.65;741.47;800.84;788.38;744.62;753.99;758.85;761.66;826.7
29-12-99 10:00;525.35;575.02;616.65;629.71;687.16;717.64;735.55;795.55;782.92;738.71;748.18;753.14;755.98;823.7
29-12-99 11:00;531.46;577.54;613.51;626.01;681.52;711.8;729.71;790.43;777.63;732.87;742.4;747.44;750.32;820.46
29-12-99 12:00;536.8;580.09;611.16;623.13;676.49;706.24;724.09;785.42;772.46;727.26;736.82;741.92;744.83;817.07
29-12-99 13:00;541.48;582.58;609.42;620.94;672.16;701.08;718.76;780.51;767.41;721.87;731.46;736.57;739.51;813.54
29-12-99 14:00;545.61;584.92;608.2;619.34;668.57;696.37;713.77;775.69;762.46;716.81;726.35;731.44;734.4;809.93
29-12-99 15:00;549.25;587.11;607.39;618.19;665.57;692.18;709.25;770.98;757.67;712.2;721.65;726.69;729.64;806.24
29-12-99 16:00;552.47;589.16;606.91;617.41;663.08;688.49;705.19;766.4;753.09;708.03;717.37;722.32;725.24;802.52
29-12-99 17:00;555.33;591.09;606.66;616.88;660.93;685.25;701.56;761.98;748.73;704.29;713.48;718.33;721.21;798.76
29-12-99 18:00;557.87;592.9;606.56;616.53;659.13;682.36;698.31;757.74;744.62;700.94;709.99;714.71;717.53;795
29-12-99 19:00;560.15;594.59;606.64;616.4;657.7;679.86;695.42;753.71;740.77;697.93;706.82;711.41;714.19;791.26
29-12-99 20:00;562.18;596.17;606.85;616.42;656.58;677.7;692.88;749.89;737.15;695.27;704;708.45;711.16;787.54
29-12-99 21:00;564.01;597.63;607.15;616.57;655.71;675.86;690.67;746.28;733.79;692.94;701.5;705.8;708.44;783.87
29-12-99 22:00;565.65;599;607.55;616.84;655.06;674.29;688.74;742.88;730.66;690.9;699.3;703.44;706;780.27
29-12-99 23:00;567.12;600.29;608.02;617.19;654.57;672.92;687.06;739.67;727.72;689.11;697.33;701.33;703.81;776.76
30-12-99 00:00;568.46;601.49;608.52;617.58;654.19;671.75;685.58;736.65;724.99;687.54;695.59;699.44;701.84;773.34
30-12-99 01:00;569.66;602.62;609.04;618.02;653.94;670.72;684.28;733.81;722.48;686.14;694.04;697.74;700.06;770.01
30-12-99 02:00;570.76;603.67;609.59;618.49;653.79;669.83;683.1;731.13;720.15;684.87;692.63;696.2;698.46;766.78
30-12-99 03:00;571.76;604.66;610.16;618.99;653.68;669.02;682.06;728.63;717.99;683.74;691.37;694.81;696.99;763.64
30-12-99 04:00;572.66;605.58;610.72;619.49;653.63;668.28;681.1;726.29;715.98;682.72;690.23;693.56;695.67;760.62
30-12-99 05:00;573.49;606.45;611.27;619.99;653.65;667.64;680.26;724.11;714.12;681.81;689.19;692.38;694.42;757.69
30-12-99 06:00;574.25;607.26;611.82;620.49;653.73;667.1;679.5;722.07;712.38;680.98;688.22;691.29;693.25;754.87
30-12-99 07:00;574.93;608.02;612.36;620.99;653.85;666.64;678.83;720.16;710.76;680.24;687.36;690.31;692.21;752.15
30-12-99 08:00;575.57;608.72;612.89;621.48;653.96;666.23;678.24;718.36;709.25;679.59;686.6;689.44;691.28;749.53
30-12-99 09:00;576.14;609.39;613.4;621.95;654.09;665.88;677.72;716.66;707.85;679.01;685.92;688.65;690.43;746.99
30-12-99 10:00;576.68;610.01;613.89;622.41;654.25;665.58;677.26;715.06;706.54;678.49;685.3;687.94;689.65;744.54
30-12-99 11:00;577.16;610.59;614.36;622.85;654.43;665.33;676.86;713.55;705.3;678.03;684.73;687.27;688.94;742.17
30-12-99 12:00;577.61;611.14;614.81;623.29;654.62;665.13;676.5;712.13;704.14;677.63;684.24;686.69;688.3;739.86
30-12-99 13:00;578.02;611.65;615.25;623.7;654.83;664.97;676.2;710.78;703.06;677.28;683.8;686.17;687.72;737.64
30-12-99 14:00;578.4;612.12;615.67;624.11;655.04;664.84;675.95;709.5;702.04;676.98;683.42;685.7;687.21;735.48
30-12-99 15:00;578.75;612.57;616.07;624.49;655.25;664.74;675.73;708.3;701.1;676.72;683.08;685.28;686.74;733.4
30-12-99 16:00;579.07;612.99;616.45;624.86;655.45;664.64;675.53;707.16;700.21;676.49;682.77;684.9;686.32;731.36
30-12-99 17:00;579.37;613.38;616.82;625.22;655.65;664.57;675.36;706.08;699.36;676.27;682.49;684.55;685.93;729.39
30-12-99 18:00;579.64;613.74;617.17;625.55;655.85;664.52;675.19;705;698.53;676.07;682.22;684.21;685.54;727.49
30-12-99 19:00;579.9;614.09;617.5;625.87;656.05;664.48;675.05;703.97;697.74;675.9;681.98;683.9;685.19;725.68
30-12-99 20:00;580.13;614.41;617.81;626.18;656.25;664.46;674.94;703;696.99;675.75;681.76;683.62;684.87;723.95
30-12-99 21:00;580.35;614.71;618.11;626.47;656.44;664.44;674.83;702.05;696.28;675.61;681.56;683.35;684.56;722.3
30-12-99 22:00;580.55;614.99;618.4;626.75;656.63;664.44;674.74;701.16;695.6;675.49;681.38;683.1;684.27;720.71
30-12-99 23:00;580.73;615.26;618.67;627.01;656.81;664.44;674.67;700.29;694.92;675.38;681.21;682.88;684.01;719.18
31-12-99 00:00;580.91;615.51;618.92;627.27;656.98;664.44;674.6;699.45;694.28;675.29;681.06;682.66;683.75;717.71
31-12-99 01:00;581.07;615.74;619.17;627.5;657.13;664.45;674.54;698.66;693.68;675.2;680.92;682.46;683.51;716.27
31-12-99 02:00;581.22;615.96;619.39;627.72;657.28;664.45;674.47;697.9;693.11;675.12;680.78;682.27;683.28;714.88
31-12-99 03:00;581.36;616.16;619.61;627.93;657.42;664.45;674.41;697.18;692.56;675.03;680.65;682.08;683.06;713.54
31-12-99 04:00;581.48;616.35;619.81;628.13;657.55;664.46;674.36;696.47;692.04;674.95;680.52;681.91;682.86;712.26
31-12-99 05:00;581.6;616.53;620;628.32;657.69;664.47;674.31;695.78;691.53;674.88;680.41;681.74;682.66;711.02
31-12-99 06:00;581.72;616.7;620.18;628.49;657.81;664.47;674.26;695.12;691.03;674.81;680.29;681.58;682.47;709.83
31-12-99 07:00;581.82;616.86;620.35;628.66;657.93;664.48;674.21;694.49;690.55;674.75;680.19;681.43;682.28;708.69
31-12-99 08:00;581.92;617;620.5;628.82;658.04;664.49;674.17;693.88;690.08;674.69;680.09;681.28;682.11;707.58
31-12-99 09:00;582.01;617.14;620.65;628.96;658.15;664.5;674.13;693.29;689.63;674.63;679.99;681.14;681.94;706.52
31-12-99 10:00;582.1;617.27;620.8;629.1;658.25;664.5;674.09;692.72;689.2;674.57;679.89;681.01;681.78;705.49
31-12-99 11:00;582.18;617.39;620.93;629.23;658.35;664.51;674.05;692.18;688.79;674.51;679.8;680.88;681.62;704.5
31-12-99 12:00;582.25;617.51;621.05;629.36;658.44;664.51;674.01;691.65;688.38;674.46;679.71;680.75;681.47;703.55
31-12-99 13:00;582.32;617.61;621.17;629.47;658.52;664.51;673.97;691.14;687.99;674.4;679.62;680.62;681.32;702.62
31-12-99 14:00;582.39;617.71;621.28;629.58;658.6;664.51;673.93;690.66;687.62;674.35;679.54;680.5;681.18;701.71
31-12-99 15:00;582.45;617.81;621.39;629.68;658.67;664.51;673.89;690.18;687.26;674.29;679.45;680.39;681.04;700.82
31-12-99 16:00;582.51;617.9;621.48;629.78;658.74;664.5;673.85;689.73;686.91;674.24;679.37;680.27;680.91;699.97
31-12-99 17:00;582.56;617.98;621.57;629.87;658.8;664.5;673.8;689.28;686.57;674.18;679.29;680.16;680.77;699.14
31-12-99 18:00;582.62;618.06;621.66;629.95;658.86;664.49;673.76;688.86;686.25;674.13;679.21;680.05;680.65;698.35
31-12-99 19:00;582.66;618.13;621.74;630.03;658.91;664.48;673.72;688.44;685.93;674.08;679.13;679.95;680.52;697.57
31-12-99 20:00;582.71;618.2;621.81;630.1;658.96;664.46;673.68;688.04;685.62;674.02;679.05;679.84;680.4;696.83
31-12-99 21:00;582.76;618.27;621.88;630.17;659;664.45;673.63;687.65;685.32;673.97;678.98;679.74;680.28;696.11
31-12-99 22:00;582.8;618.33;621.95;630.24;659.04;664.44;673.59;687.27;685.02;673.91;678.9;679.64;680.16;695.42
31-12-99 23:00;582.84;618.39;622.01;630.29;659.08;664.42;673.54;686.9;684.73;673.86;678.82;679.53;680.04;694.75
01-01-00 00:00;582.87;618.44;622.07;630.35;659.11;664.4;673.5;686.54;684.46;673.8;678.74;679.42;679.91;694.1
01-01-00 01:00;582.91;618.49;622.12;630.4;659.14;664.37;673.44;686.2;684.19;673.74;678.65;679.32;679.79;693.48
01-01-00 02:00;582.94;618.54;622.17;630.45;659.17;664.35;673.39;685.86;683.92;673.68;678.57;679.22;679.68;692.87
01-01-00 03:00;582.95;618.58;622.21;630.49;659.19;664.32;673.34;685.53;683.67;673.62;678.49;679.12;679.56;692.29
01-01-00 04:00;582.95;618.62;622.25;630.53;659.21;664.29;673.29;685.22;683.42;673.56;678.42;679.02;679.45;691.73
01-01-00 05:00;582.94;618.65;622.29;630.57;659.23;664.26;673.24;684.91;683.18;673.5;678.34;678.92;679.34;691.19
01-01-00 06:00;582.92;618.67;622.32;630.6;659.24;664.23;673.19;684.61;682.94;673.44;678.26;678.83;679.23;690.67
01-01-00 07:00;582.89;618.68;622.35;630.63;659.25;664.2;673.13;684.32;682.71;673.38;678.19;678.73;679.13;690.17
01-01-00 08:00;582.87;618.69;622.37;630.65;659.26;664.16;673.08;684.04;682.49;673.32;678.11;678.64;679.02;689.68
01-01-00 09:00;582.83;618.69;622.39;630.67;659.26;664.13;673.02;683.76;682.27;673.25;678.03;678.55;678.91;689.21
01-01-00 10:00;582.8;618.69;622.4;630.68;659.26;664.09;672.97;683.5;682.06;673.19;677.96;678.45;678.81;688.75
01-01-00 11:00;582.75;618.68;622.41;630.68;659.26;664.05;672.91;683.24;681.85;673.13;677.88;678.36;678.71;688.31
01-01-00 12:00;582.71;618.67;622.41;630.68;659.25;664.01;672.86;682.99;681.65;673.07;677.81;678.27;678.61;687.89
01-01-00 13:00;582.66;618.65;622.4;630.69;659.24;663.97;672.8;682.75;681.45;673.01;677.74;678.19;678.51;687.48
01-01-00 14:00;582.62;618.62;622.39;630.69;659.23;663.93;672.74;682.52;681.27;672.94;677.67;678.11;678.42;687.08
01-01-00 15:00;582.57;618.6;622.38;630.69;659.21;663.88;672.69;682.29;681.08;672.88;677.6;678.03;678.33;686.7
01-01-00 16:00;582.51;618.56;622.37;630.69;659.2;663.84;672.63;682.07;680.9;672.82;677.54;677.95;678.24;686.33
01-01-00 17:00;582.46;618.53;622.35;630.69;659.18;663.79;672.57;681.86;680.73;672.75;677.48;677.87;678.16;685.97
01-01-00 18:00;582.4;618.49;622.33;630.68;659.16;663.75;672.51;681.65;680.57;672.69;677.41;677.8;678.07;685.62
01-01-00 19:00;582.35;618.45;622.3;630.66;659.14;663.7;672.46;681.45;680.4;672.63;677.35;677.72;677.99;685.29
01-01-00 20:00;582.29;618.41;622.28;630.65;659.11;663.65;672.4;681.26;680.24;672.56;677.29;677.65;677.91;684.96
01-01-00 21:00;582.23;618.36;622.25;630.63;659.09;663.6;672.34;681.07;680.09;672.5;677.23;677.58;677.83;684.65
01-01-00 22:00;582.17;618.32;622.22;630.61;659.06;663.55;672.28;680.89;679.94;672.44;677.16;677.5;677.75;684.35
01-01-00 23:00;582.11;618.27;622.18;630.59;659.03;663.5;672.22;680.71;679.8;672.38;677.1;677.43;677.67;684.05
02-01-00 00:00;582.05;618.22;622.14;630.57;659;663.45;672.16;680.54;679.65;672.31;677.04;677.36;677.59;683.77
02-01-00 01:00;581.98;618.16;622.11;630.54;658.97;663.4;672.11;680.37;679.52;672.25;676.98;677.29;677.52;683.5
02-01-00 02:00;581.9;618.11;622.07;630.51;658.93;663.34;672.05;680.21;679.38;672.19;676.92;677.22;677.44;683.23
02-01-00 03:00;581.79;618.05;622.02;630.48;658.89;663.29;671.99;680.05;679.25;672.12;676.86;677.15;677.37;682.97
02-01-00 04:00;581.65;617.98;621.98;630.45;658.86;663.23;671.93;679.89;679.12;672.06;676.8;677.09;677.29;682.72
02-01-00 05:00;581.49;617.9;621.93;630.42;658.82;663.18;671.87;679.74;678.99;672;676.74;677.02;677.22;682.48
02-01-00 06:00;581.32;617.8;621.88;630.38;658.77;663.12;671.81;679.6;678.87;671.93;676.68;676.95;677.15;682.25
02-01-00 07:00;581.14;617.69;621.82;630.33;658.73;663.07;671.74;679.45;678.75;671.87;676.62;676.88;677.07;682.02
02-01-00 08:00;580.94;617.58;621.75;630.28;658.68;663.01;671.68;679.31;678.63;671.8;676.56;676.82;677;681.8
02-01-00 09:00;580.74;617.45;621.67;630.22;658.63;662.95;671.62;679.18;678.51;671.74;676.5;676.75;676.93;681.59
02-01-00 10:00;580.53;617.31;621.59;630.15;658.57;662.89;671.55;679.04;678.4;671.67;676.44;676.68;676.86;681.38
02-01-00 11:00;580.31;617.16;621.5;630.07;658.5;662.82;671.49;678.91;678.29;671.6;676.38;676.62;676.79;681.18
02-01-00 12:00;580.09;617;621.4;629.99;658.43;662.76;671.42;678.78;678.18;671.53;676.31;676.55;676.72;680.98
02-01-00 13:00;579.87;616.85;621.27;629.96;658.36;662.67;671.38;678.66;678.07;671.48;676.29;676.51;676.67;680.76
02-01-00 14:00;579.64;616.68;621.13;629.93;658.29;662.57;671.35;678.54;677.97;671.44;676.3;676.5;676.64;680.54
02-01-00 15:00;579.4;616.51;621;629.9;658.22;662.48;671.33;678.42;677.88;671.41;676.31;676.5;676.63;680.32
02-01-00 16:00;579.16;616.34;620.86;629.86;658.15;662.39;671.32;678.32;677.8;671.39;676.34;676.51;676.63;680.11
02-01-00 17:00;578.92;616.15;620.72;629.82;658.09;662.31;671.3;678.22;677.73;671.37;676.37;676.52;676.64;679.91
02-01-00 18:00;578.64;616.12;620.57;629.78;658.02;662.23;671.3;678.12;677.67;671.36;676.4;676.55;676.65;679.71
02-01-00 19:00;578.28;616.19;620.45;629.76;657.95;662.15;671.3;678.04;677.61;671.35;676.45;676.58;676.67;679.52
02-01-00 20:00;577.89;616.32;620.37;629.77;657.89;662.07;671.3;677.96;677.56;671.35;676.49;676.61;676.7;679.35
02-01-00 21:00;577.49;616.47;620.33;629.82;657.85;662.01;671.31;677.89;677.52;671.35;676.54;676.65;676.73;679.18
02-01-00 22:00;577.08;616.65;620.33;629.91;657.84;661.95;671.32;677.82;677.49;671.35;676.6;676.69;676.76;679.01
02-01-00 23:00;576.67;616.85;620.36;630.03;657.85;661.9;671.34;677.77;677.46;671.37;676.66;676.74;676.8;678.86
03-01-00 00:00;576.25;617.07;620.42;630.17;657.88;661.87;671.38;677.72;677.43;671.4;676.73;676.8;676.85;678.71
03-01-00 01:00;575.83;617.3;620.5;630.35;657.94;661.85;671.42;677.67;677.42;671.43;676.82;676.87;676.91;678.58
03-01-00 02:00;575.49;617.54;620.6;630.54;658.02;661.85;671.49;677.64;677.41;671.49;676.91;676.95;676.99;678.45
03-01-00 03:00;575.32;617.8;620.73;630.76;658.12;661.87;671.56;677.61;677.41;671.56;677.03;677.05;677.07;678.33
03-01-00 04:00;575.28;618.13;620.87;630.99;658.24;661.9;671.66;677.59;677.42;671.64;677.15;677.16;677.17;678.22
03-01-00 05:00;575.32;618.53;621.05;631.25;658.38;661.95;671.77;677.58;677.44;671.74;677.29;677.28;677.28;678.11
03-01-00 06:00;575.44;618.99;621.26;631.55;658.55;662.02;671.9;677.58;677.47;671.86;677.45;677.42;677.4;678.02
03-01-00 07:00;575.62;619.52;621.51;631.88;658.73;662.11;672.04;677.59;677.52;671.99;677.62;677.57;677.55;677.93
03-01-00 08:00;575.84;620.1;621.8;632.25;658.95;662.22;672.2;677.61;677.57;672.14;677.81;677.74;677.7;677.85
03-01-00 09:00;576.11;620.74;622.13;632.67;659.2;662.35;672.38;677.65;677.64;672.31;678.02;677.93;677.87;677.78
03-01-00 10:00;576.41;621.44;622.52;633.13;659.49;662.5;672.59;677.69;677.72;672.49;678.24;678.13;678.06;677.72
03-01-00 11:00;576.73;622.17;622.94;633.63;659.81;662.68;672.81;677.75;677.82;672.7;678.49;678.36;678.27;677.67
03-01-00 12:00;577.08;622.94;623.41;634.18;660.16;662.88;673.06;677.82;677.93;672.94;678.76;678.6;678.5;677.63
03-01-00 13:00;577.45;623.77;623.89;634.84;660.56;663.09;673.37;677.91;678.05;673.22;679.12;678.91;678.78;677.55
03-01-00 14:00;577.83;624.61;624.4;635.54;661.24;663.33;673.73;678.01;678.2;673.55;679.53;679.29;679.13;677.49
03-01-00 15:00;578.23;625.49;624.91;636.22;662.2;663.67;674.16;678.14;678.39;673.94;680;679.71;679.52;677.43
03-01-00 16:00;578.64;626.39;625.41;636.88;663.25;664.15;674.68;678.29;678.6;674.42;680.55;680.2;679.98;677.39
03-01-00 17:00;579.06;627.3;625.92;637.57;664.37;664.73;675.33;678.46;678.86;675.01;681.2;680.78;680.51;677.36
03-01-00 18:00;579.49;628.24;626.46;638.28;665.55;665.42;676.08;678.68;679.16;675.72;681.95;681.46;681.14;677.35
03-01-00 19:00;579.92;629.18;627.02;639.02;666.79;666.19;676.91;678.93;679.51;676.5;682.78;682.21;681.84;677.36
03-01-00 20:00;580.35;630.15;627.61;639.79;668.08;667.03;677.81;679.23;679.92;677.35;683.69;683.04;682.62;677.39
03-01-00 21:00;580.79;631.12;628.23;640.59;669.41;667.94;678.78;679.58;680.38;678.28;684.66;683.93;683.46;677.45
03-01-00 22:00;581.23;632.1;628.87;641.41;670.79;668.91;679.82;679.98;680.9;679.27;685.71;684.9;684.37;677.54
03-01-00 23:00;581.67;633.1;629.53;642.26;672.19;669.91;680.91;680.43;681.48;680.31;686.81;685.92;685.35;677.66
04-01-00 00:00;582.13;634.06;630.22;643.13;673.63;670.96;682.04;680.93;682.11;681.4;687.96;687;686.37;677.81
04-01-00 01:00;582.61;635.01;630.93;644.02;675.1;672.07;683.23;681.48;682.79;682.55;689.16;688.13;687.45;677.99
04-01-00 02:00;583.08;635.93;631.64;644.92;676.68;673.26;684.48;682.07;683.52;683.75;690.42;689.31;688.58;678.21
04-01-00 03:00;583.51;636.85;632.35;645.83;678.3;674.56;685.82;682.71;684.3;685.04;691.75;690.56;689.77;678.47
04-01-00 04:00;583.92;637.75;633.08;646.76;679.95;675.98;687.27;683.4;685.13;686.43;693.17;691.89;691.04;678.76
04-01-00 05:00;584.31;638.66;633.81;647.7;681.59;677.43;688.81;684.14;686.02;687.91;694.69;693.31;692.4;679.1
04-01-00 06:00;584.69;639.57;634.56;648.64;683.26;678.87;690.35;684.94;686.98;689.41;696.25;694.79;693.83;679.47
04-01-00 07:00;585.06;640.47;635.32;649.6;684.96;680.33;691.92;685.79;687.99;690.94;697.85;696.3;695.29;679.89
04-01-00 08:00;585.42;641.36;636.09;650.57;686.68;681.83;693.52;686.69;689.06;692.5;699.47;697.85;696.79;680.34
04-01-00 09:00;585.76;642.27;636.87;651.56;688.41;683.36;695.14;687.64;690.17;694.08;701.11;699.41;698.3;680.84
04-01-00 10:00;586.09;643.21;637.66;652.54;690.12;684.9;696.79;688.64;691.33;695.69;702.79;701.02;699.87;681.39
04-01-00 11:00;586.41;644.16;638.46;653.54;691.88;686.46;698.47;689.68;692.53;697.34;704.51;702.67;701.47;681.97
04-01-00 12:00;586.72;645.11;639.27;654.56;693.69;688.04;700.18;690.76;693.77;699.02;706.26;704.35;703.11;682.6
04-01-00 13:00;587.03;646.07;640.16;655.48;695.52;689.61;701.9;691.89;695.05;700.7;708.04;706.06;704.78;683.27
04-01-00 14:00;587.34;647.05;641.03;656.37;697.17;691.22;703.66;693.06;696.37;702.43;709.86;707.81;706.49;683.97
04-01-00 15:00;587.64;648.03;641.89;657.24;698.87;692.78;705.41;694.26;697.73;704.15;711.69;709.59;708.22;684.72
04-01-00 16:00;587.95;649.01;642.76;658.14;700.61;694.39;707.18;695.5;699.13;705.89;713.53;711.37;709.97;685.51
04-01-00 17:00;588.23;650.02;643.64;659.04;702.53;696.05;708.99;696.78;700.56;707.67;715.41;713.19;711.75;686.34
04-01-00 18:00;588.5;651.04;644.52;659.93;704.49;697.79;710.86;698.08;702.01;709.5;717.33;715.04;713.57;687.21
04-01-00 19:00;588.76;652.08;645.4;660.83;706.5;699.6;712.79;699.4;703.49;711.39;719.3;716.94;715.43;688.12
04-01-00 20:00;589.02;653.11;646.29;661.75;708.54;701.45;714.78;700.77;705.01;713.34;721.33;718.89;717.33;689.07
04-01-00 21:00;589.27;654.16;647.22;662.71;710.31;703.27;716.74;702.18;706.57;715.26;723.35;720.86;719.26;690.06
04-01-00 22:00;589.52;655.2;648.14;663.66;712.02;705.1;718.72;703.62;708.18;717.21;725.39;722.84;721.21;691.08
04-01-00 23:00;589.76;656.25;649.07;664.61;713.75;706.91;720.7;705.1;709.8;719.16;727.44;724.83;723.17;692.14
05-01-00 00:00;590.01;657.32;650.04;665.62;715.52;708.72;722.7;706.61;711.46;721.13;729.52;726.84;725.15;693.23
05-01-00 01:00;590.25;658.4;651.02;666.63;717.31;710.56;724.71;708.15;713.15;723.12;731.61;728.88;727.16;694.37
05-01-00 02:00;590.45;659.48;652.05;667.68;719.14;712.42;726.74;709.72;714.88;725.12;733.73;730.95;729.2;695.54
05-01-00 03:00;590.58;660.57;653.09;668.76;720.98;714.3;728.8;711.33;716.65;727.16;735.87;733.05;731.27;696.75
05-01-00 04:00;590.66;661.64;654.17;669.86;722.95;716.21;730.89;712.98;718.47;729.22;738.04;735.17;733.37;697.99
05-01-00 05:00;590.68;662.73;655.24;670.96;724.95;718.18;733.02;714.68;720.32;731.32;740.26;737.34;735.51;699.28
05-01-00 06:00;590.65;663.81;656.32;672.07;726.97;720.19;735.2;716.4;722.22;733.47;742.52;739.56;737.7;700.6
05-01-00 07:00;590.6;664.87;657.42;673.19;729.01;722.24;737.41;718.17;724.16;735.65;744.81;741.81;739.94;701.94
05-01-00 08:00;590.52;665.92;658.52;674.33;731.09;724.31;739.63;719.95;726.13;737.85;747.14;744.1;742.2;703.33
05-01-00 09:00;590.43;666.93;659.63;675.47;733.18;726.41;741.91;721.79;728.13;740.1;749.5;746.4;744.49;704.75
05-01-00 10:00;590.34;667.85;660.75;676.62;735.32;728.55;744.22;723.66;730.16;742.39;751.91;748.77;746.83;706.21
05-01-00 11:00;590.27;668.74;661.83;677.75;737.49;730.73;746.58;725.55;732.21;744.72;754.35;751.17;749.2;707.69
05-01-00 12:00;590.19;669.6;662.9;678.86;739.69;732.95;748.97;727.48;734.31;747.09;756.84;753.61;751.62;709.2
05-01-00 13:00;590.1;670.44;663.98;679.93;741.9;735.2;751.4;729.44;736.47;749.5;759.36;756.09;754.08;710.75
05-01-00 14:00;590.01;671.29;665.04;681;744.14;737.46;753.86;731.44;738.66;751.94;761.92;758.58;756.53;712.34
05-01-00 15:00;589.93;672.13;666.1;682.05;746.5;739.76;756.33;733.47;740.86;754.39;764.47;761.09;759.02;713.97
05-01-00 16:00;589.84;672.96;667.12;683.06;748.87;742.1;758.85;735.51;743.08;756.88;767.08;763.66;761.57;715.65
05-01-00 17:00;589.74;673.77;668.12;684.05;751.24;744.48;761.42;737.62;745.37;759.43;769.75;766.29;764.18;717.35
05-01-00 18:00;589.65;674.57;669.12;685.03;753.62;746.89;764.03;739.78;747.73;762.03;772.47;768.97;766.85;719.08
05-01-00 19:00;589.55;675.36;670.06;685.98;755.96;749.33;766.68;742;750.16;764.67;775.24;771.71;769.57;720.84
05-01-00 20:00;589.46;676.14;670.99;686.91;758.29;751.77;769.36;744.28;752.64;767.33;778.05;774.49;772.34;722.62
05-01-00 21:00;589.36;676.9;671.94;687.86;760.62;754.21;772.05;746.6;755.18;770.02;780.89;777.3;775.15;724.42
05-01-00 22:00;589.26;677.67;672.91;688.82;762.96;756.67;774.75;748.97;757.77;772.73;783.74;780.15;777.99;726.23
05-01-00 23:00;589.17;678.42;673.89;689.81;765.15;759.1;777.46;751.4;760.4;775.45;786.62;783.01;780.85;728.07
06-01-00 00:00;589.07;679.18;674.91;690.83;767.31;761.46;780.14;753.88;763.08;778.14;789.49;785.88;783.72;729.92
06-01-00 01:00;588.97;679.94;675.94;691.86;769.46;763.8;782.76;756.42;765.81;780.76;792.3;788.71;786.57;731.81
06-01-00 02:00;589.04;680.71;676.97;692.9;771.61;766.12;785.38;758.99;768.55;783.39;795.11;791.53;789.4;733.77
06-01-00 03:00;589.43;681.51;677.98;693.91;773.76;768.44;788;761.6;771.31;786.03;797.92;794.36;792.24;735.81
06-01-00 04:00;590.07;682.43;679;694.93;775.9;770.76;790.62;764.24;774.11;788.67;800.75;797.2;795.1;737.91
06-01-00 05:00;590.92;683.46;680.02;695.95;778.05;773.07;793.25;766.93;776.93;791.31;803.58;800.06;797.97;740.07
06-01-00 06:00;591.93;684.65;681.06;696.99;780.17;775.36;795.83;769.65;779.78;793.9;806.38;802.9;800.83;742.28
06-01-00 07:00;593.05;685.97;682.17;698.08;782.31;777.63;798.41;772.41;782.66;796.5;809.16;805.71;803.67;744.56
06-01-00 08:00;594.29;687.41;683.35;699.23;784.46;779.91;800.99;775.2;785.54;799.1;811.94;808.53;806.51;746.89
06-01-00 09:00;595.62;688.96;684.58;700.42;786.65;782.2;803.57;778.02;788.45;801.7;814.73;811.35;809.34;749.28
06-01-00 10:00;597.03;690.62;685.87;701.67;788.85;784.51;806.18;780.85;791.35;804.33;817.55;814.19;812.21;751.71
06-01-00 11:00;598.51;692.36;687.21;702.99;791.11;786.81;808.81;783.72;794.29;806.98;820.38;817.04;815.07;754.2
06-01-00 12:00;600.04;694.18;688.64;704.37;793.42;789.17;811.46;786.61;797.25;809.65;823.24;819.93;817.96;756.72
06-01-00 13:00;601.63;696.08;690.09;705.82;795.79;791.6;814.15;789.53;800.24;812.37;826.13;822.85;820.9;759.33
06-01-00 14:00;603.24;698.1;691.55;707.27;798.23;794.08;816.88;792.47;803.27;815.12;829.04;825.8;823.86;761.99
06-01-00 15:00;604.86;700.15;693.11;708.8;800.71;796.62;819.67;795.46;806.32;817.92;832;828.79;826.87;764.69
06-01-00 16:00;606.5;702.26;694.76;710.42;803.25;799.2;822.5;798.49;809.42;820.77;835.01;831.83;829.91;767.43
06-01-00 17:00;608.16;704.46;696.49;712.12;805.86;801.83;825.37;801.57;812.56;823.66;838.05;834.91;833.01;770.23
06-01-00 18:00;609.85;706.69;698.27;713.88;808.53;804.52;828.3;804.69;815.76;826.6;841.15;838.04;836.14;773.07
06-01-00 19:00;611.57;708.92;700.1;715.69;811.25;807.26;831.27;807.87;819.01;829.59;844.29;841.23;839.35;775.97
06-01-00 20:00;613.33;711.21;702;717.56;814.02;810.06;834.3;811.11;822.32;832.64;847.49;844.46;842.6;778.92
06-01-00 21:00;615.11;713.54;703.96;719.5;816.86;812.9;837.38;814.41;825.68;835.73;850.73;847.74;845.89;781.91
06-01-00 22:00;616.91;715.92;705.98;721.49;819.75;815.79;840.51;817.75;829.09;838.88;854.03;851.07;849.23;784.97
06-01-00 23:00;618.72;718.34;708.04;723.53;822.7;818.74;843.68;821.15;832.56;842.06;857.35;854.43;852.6;788.08
07-01-00 00:00;620.55;720.81;710.15;725.6;826.42;821.81;846.91;824.6;836.08;845.29;860.73;857.83;856.02;791.25
07-01-00 01:00;622.4;723.34;712.25;727.6;830.81;825.27;850.39;828.11;839.65;848.73;864.25;861.36;859.55;794.49
07-01-00 02:00;624.42;725.93;714.3;729.55;835.37;829.17;854.27;831.68;843.31;852.54;868.1;865.15;863.32;797.8
07-01-00 03:00;626.78;728.59;716.35;731.52;840.09;833.37;858.47;835.35;847.12;856.68;872.27;869.27;867.4;801.16
07-01-00 04:00;629.41;731.4;718.44;733.52;845.03;837.81;862.94;839.14;851.13;861.09;876.73;873.67;871.75;804.58
07-01-00 05:00;632.29;734.2;720.58;735.57;850.1;842.49;867.66;843.08;855.34;865.76;881.45;878.33;876.36;808.06
07-01-00 06:00;635.37;737.11;722.77;737.69;855.3;847.36;872.6;847.21;859.77;870.65;886.4;883.22;881.22;811.62
07-01-00 07:00;638.58;740.15;725.05;739.92;859.68;852.27;877.69;851.53;864.42;875.73;891.57;888.33;886.28;815.27
07-01-00 08:00;641.9;743.32;727.52;742.37;864.05;856.95;882.68;856.06;869.29;880.75;896.75;893.52;891.45;819.02
07-01-00 09:00;645.3;746.61;730.13;744.97;868.43;861.56;887.58;860.78;874.31;885.68;901.84;898.64;896.57;822.89
07-01-00 10:00;648.78;750.01;732.89;747.69;872.88;866.13;892.43;865.65;879.42;890.56;906.89;903.72;901.66;826.92
07-01-00 11:00;652.34;753.53;735.78;750.54;877.41;870.73;897.27;870.64;884.58;895.43;911.91;908.78;906.73;831.11
07-01-00 12:00;655.95;757.16;738.67;753.43;882.02;875.38;902.15;875.73;889.78;900.32;916.95;913.85;911.81;835.45
07-01-00 13:00;659.65;760.73;741.75;756.46;885.7;880.02;906.88;880.93;895.03;905.12;921.77;918.75;916.75;840.02
07-01-00 14:00;663.44;764.31;745.03;759.73;889.35;884.31;911.31;886.22;900.24;909.64;926.34;923.43;921.48;844.73
07-01-00 15:00;667.26;767.93;748.46;763.16;892.03;888.3;915.47;891.44;905.32;913.9;930.63;927.83;925.95;849.58
07-01-00 16:00;671.12;771.49;752.08;766.83;894.57;891.77;919.18;896.56;910.2;917.73;934.56;931.91;930.1;854.53
07-01-00 17:00;675.07;775.02;755.82;770.61;897.07;894.95;922.52;901.57;914.84;921.18;938.08;935.57;933.85;859.54
07-01-00 18:00;679.04;778.57;759.62;774.44;899.55;897.94;925.61;906.43;919.25;924.36;941.3;938.93;937.29;864.61
07-01-00 19:00;683.03;782.15;763.46;778.3;901.97;900.79;928.52;911.1;923.4;927.33;944.31;942.06;940.5;869.7
07-01-00 20:00;687.03;785.73;767.31;782.17;904.36;903.53;931.28;915.57;927.3;930.16;947.15;945.02;943.52;874.78
07-01-00 21:00;691.05;789.33;771.19;786.09;905.77;906.05;933.9;919.82;931.01;932.85;949.85;947.83;946.39;879.81
07-01-00 22:00;695.08;792.9;775.17;790.15;907.03;908.11;936.13;923.87;934.52;935.19;952.26;950.38;949.03;884.75
07-01-00 23:00;699.16;796.44;779.19;794.23;908.17;909.89;938.05;927.72;937.79;937.2;954.33;952.58;951.32;889.59
08-01-00 00:00;703.28;799.97;783.23;798.32;909.34;911.49;939.72;931.3;940.78;938.96;956.12;954.51;953.34;894.29
08-01-00 01:00;707.41;803.5;787.27;802.4;910.48;912.98;941.24;934.62;943.5;940.53;957.71;956.22;955.14;898.84
08-01-00 02:00;711.59;807.03;791.29;806.46;911.56;914.38;942.63;937.68;945.98;941.98;959.16;957.78;956.77;903.22
08-01-00 03:00;715.69;810.54;795.28;810.47;913.14;915.76;943.95;940.49;948.25;943.33;960.5;959.21;958.27;907.41
08-01-00 04:00;719.54;814;799.18;814.35;915.59;917.42;945.37;943.08;950.35;944.75;961.84;960.62;959.72;911.41
08-01-00 05:00;723.39;817.36;802.95;818.08;918.17;919.48;947.13;945.47;952.34;946.46;963.42;962.2;961.32;915.22
08-01-00 06:00;727.53;820.65;806.63;821.72;920.81;921.77;949.14;947.78;954.36;948.44;965.27;964.03;963.15;918.83
08-01-00 07:00;732.11;823.92;810.24;825.32;923.49;924.2;951.33;950.06;956.44;950.6;967.31;966.05;965.16;922.27
08-01-00 08:00;736.47;827.31;813.79;828.86;926.18;926.73;953.65;952.35;958.6;952.89;969.48;968.2;967.3;925.55
08-01-00 09:00;740.79;830.79;817.32;832.38;928.88;929.32;956.05;954.68;960.84;955.28;971.76;970.46;969.55;928.7
08-01-00 10:00;745.11;834.32;820.87;835.91;931.61;931.96;958.51;957.05;963.15;957.73;974.11;972.8;971.88;931.76
08-01-00 11:00;749.43;837.88;824.43;839.44;934.35;934.64;961.01;959.46;965.52;960.23;976.51;975.19;974.25;934.74
08-01-00 12:00;753.79;841.46;828;842.99;937.11;937.34;963.56;961.9;967.93;962.77;978.95;977.62;976.67;937.65
08-01-00 13:00;758.15;845.06;831.59;846.55;939.89;940.09;966.12;964.39;970.38;965.33;981.4;980.07;979.12;940.55
08-01-00 14:00;762.5;848.69;835.19;850.13;942.7;942.86;968.71;966.9;972.86;967.91;983.88;982.55;981.59;943.43
08-01-00 15:00;766.83;852.32;838.82;853.74;945.52;945.65;971.32;969.44;975.37;970.52;986.38;985.04;984.09;946.28
08-01-00 16:00;771.13;855.96;842.46;857.35;948.38;948.47;973.95;971.99;977.9;973.15;988.9;987.56;986.6;949.11
08-01-00 17:00;775.42;859.6;846.1;860.98;951.24;951.31;976.61;974.55;980.45;975.8;991.45;990.1;989.13;951.93
08-01-00 18:00;779.67;863.24;849.76;864.62;954.12;954.16;979.28;977.11;983;978.48;994.01;992.66;991.68;954.74
08-01-00 19:00;783.91;866.87;853.45;868.28;957.02;957.04;981.98;979.7;985.58;981.17;996.59;995.24;994.25;957.52
08-01-00 20:00;788.11;870.5;857.14;871.96;959.94;959.93;984.69;982.3;988.17;983.88;999.19;997.83;996.84;960.29
08-01-00 21:00;792.32;874.17;860.86;875.65;962.88;962.84;987.42;984.93;990.79;986.61;1001.8;1000.4;999.45;963.05
08-01-00 22:00;796.53;877.84;864.59;879.36;965.83;965.77;990.17;987.57;993.42;989.36;1004.5;1003.1;1002.1;965.8
08-01-00 23:00;800.71;881.49;868.32;883.07;968.79;968.71;992.93;990.23;996.07;992.12;1007.1;1005.7;1004.7;968.56
09-01-00 00:00;804.88;885.14;872.06;886.8;971.78;971.67;995.72;992.9;998.74;994.9;1009.8;1008.4;1007.4;971.32
09-01-00 01:00;809.05;888.76;875.8;890.53;974.78;974.65;998.51;995.58;1001.4;997.69;1012.5;1011.1;1010;974.07
09-01-00 02:00;813.22;892.37;879.54;894.25;977.78;977.64;1001.3;998.23;1004.1;1000.5;1015.2;1013.8;1012.7;976.83
09-01-00 03:00;817.45;895.98;883.26;897.97;980.83;980.65;1004.2;1000.9;1006.8;1003.3;1017.9;1016.5;1015.4;979.57
09-01-00 04:00;821.81;899.62;886.97;901.67;983.87;983.68;1007;1003.7;1009.5;1006.2;1020.6;1019.2;1018.2;982.32
09-01-00 05:00;826.28;903.29;890.69;905.38;986.91;986.71;1009.9;1006.4;1012.3;1009;1023.4;1022;1020.9;985.08
09-01-00 06:00;830.87;907.02;894.42;909.1;989.95;989.75;1012.7;1009.2;1015;1011.9;1026.1;1024.7;1023.6;987.83
09-01-00 07:00;835.54;910.81;898.17;912.83;993;992.79;1015.6;1011.9;1017.8;1014.8;1028.9;1027.5;1026.4;990.59
09-01-00 08:00;840.25;914.65;901.94;916.58;996.05;995.85;1018.5;1014.7;1020.6;1017.7;1031.7;1030.3;1029.2;993.36
09-01-00 09:00;845;918.54;905.74;920.36;999.12;998.91;1021.4;1017.5;1023.4;1020.5;1034.5;1033;1032;996.13
09-01-00 10:00;849.83;922.49;909.57;924.16;1002.2;1002;1024.3;1020.3;1026.2;1023.4;1037.2;1035.8;1034.7;998.91
09-01-00 11:00;854.73;926.48;913.44;927.99;1005.3;1005.1;1027.2;1023.1;1029;1026.4;1040.1;1038.6;1037.5;1001.7
09-01-00 12:00;859.6;930.54;917.34;931.86;1008.4;1008.2;1030.1;1025.9;1031.8;1029.3;1042.9;1041.4;1040.3;1004.5
09-01-00 13:00;864.5;934.64;921.29;935.77;1011.6;1011.3;1033.1;1028.8;1034.7;1032.2;1045.7;1044.3;1043.2;1007.3
09-01-00 14:00;869.41;938.77;925.28;939.72;1014.9;1014.5;1036.1;1031.6;1037.5;1035.2;1048.6;1047.2;1046;1010.1
09-01-00 15:00;874.33;942.93;929.31;943.72;1018.1;1017.7;1039.1;1034.5;1040.4;1038.2;1051.5;1050.1;1049;1012.9
09-01-00 16:00;879.24;947.12;933.38;947.75;1021.4;1020.9;1042.2;1037.4;1043.4;1041.3;1054.5;1053;1051.9;1015.7
09-01-00 17:00;884.15;951.32;937.48;951.81;1024.8;1024.2;1045.3;1040.3;1046.3;1044.4;1057.5;1056;1054.9;1018.5
09-01-00 18:00;889.03;955.54;941.61;955.91;1028.2;1027.5;1048.4;1043.3;1049.3;1047.6;1060.6;1059.1;1057.9;1021.4
09-01-00 19:00;893.91;959.76;945.8;960.05;1031.6;1030.9;1051.6;1046.3;1052.3;1050.8;1063.6;1062.1;1061;1024.2
09-01-00 20:00;898.77;963.99;950;964.23;1035;1034.3;1054.9;1049.3;1055.4;1054;1066.8;1065.2;1064;1027.1
09-01-00 21:00;903.64;968.23;954.25;968.44;1038.5;1037.7;1058.1;1052.3;1058.5;1057.2;1069.9;1068.4;1067.2;1030
09-01-00 22:00;908.53;972.48;958.51;972.67;1042;1041.2;1061.4;1055.4;1061.6;1060.5;1073.1;1071.6;1070.3;1032.9
09-01-00 23:00;913.43;976.73;962.78;976.91;1045.6;1044.7;1064.8;1058.5;1064.7;1063.9;1076.3;1074.8;1073.5;1035.8
10-01-00 00:00;918.34;981;967.05;981.17;1049.1;1048.2;1068.1;1061.7;1067.9;1067.2;1079.6;1078;1076.8;1038.8
10-01-00 01:00;923.27;985.27;971.34;985.43;1052.7;1051.7;1071.5;1064.8;1071.1;1070.6;1082.9;1081.3;1080;1041.8
10-01-00 02:00;928.24;989.56;975.64;989.71;1056.3;1055.3;1074.9;1068;1074.4;1074;1086.2;1084.6;1083.3;1044.8
10-01-00 03:00;933.37;993.86;979.95;994;1059.9;1058.9;1078.3;1071.3;1077.7;1077.4;1089.5;1087.9;1086.6;1047.8
10-01-00 04:00;938.78;998.2;984.27;998.31;1063.5;1062.5;1081.8;1074.5;1081;1080.9;1092.9;1091.2;1089.9;1050.9
10-01-00 05:00;944.38;1002.6;988.62;1002.6;1067.2;1066.1;1085.2;1077.8;1084.2;1084.3;1096.2;1094.6;1093.3;1054
10-01-00 06:00;950.18;1007.1;992.99;1007;1070.9;1069.8;1088.7;1081;1087.5;1087.8;1099.6;1098;1096.6;1057.1
10-01-00 07:00;956.15;1011.8;997.4;1011.4;1074.7;1073.5;1092.3;1084.3;1090.9;1091.4;1103;1101.4;1100;1060.3
10-01-00 08:00;962.28;1016.5;1001.9;1015.8;1078.5;1077.3;1095.9;1087.7;1094.3;1094.9;1106.5;1104.8;1103.5;1063.4
10-01-00 09:00;968.63;1021.3;1006.5;1020.3;1082.3;1081;1099.5;1091;1097.7;1098.5;1110;1108.3;1106.9;1066.6
10-01-00 10:00;975.19;1026.3;1011.1;1024.9;1086.2;1084.9;1103.2;1094.4;1101.1;1102.2;1113.6;1111.8;1110.4;1069.8
10-01-00 11:00;982.06;1031.5;1015.8;1029.6;1090.2;1088.8;1106.9;1097.8;1104.6;1105.9;1117.1;1115.4;1114;1073.1
10-01-00 12:00;989.31;1036.9;1020.6;1034.3;1094.3;1092.7;1110.6;1101.3;1108.2;1109.6;1120.8;1119;1117.6;1076.3
10-01-00 13:00;997.06;1042.6;1025.6;1039.2;1098.4;1096.7;1114.5;1104.9;1111.8;1113.5;1124.5;1122.7;1121.3;1079.6
10-01-00 14:00;1005.4;1048.5;1030.8;1044.3;1102.6;1100.8;1118.4;1108.4;1115.4;1117.4;1128.3;1126.5;1125;1083
10-01-00 15:00;1014.5;1054.7;1036.1;1049.5;1107;1105;1122.4;1112.1;1119.1;1121.4;1132.2;1130.3;1128.8;1086.3
10-01-00 16:00;1024.2;1061.3;1041.7;1055;1111.6;1109.4;1126.5;1115.8;1122.9;1125.5;1136.2;1134.3;1132.7;1089.7
10-01-00 17:00;1034.6;1068.3;1047.5;1060.6;1116.3;1113.8;1130.8;1119.5;1126.7;1129.7;1140.3;1138.4;1136.8;1093.1
10-01-00 18:00;1045.2;1075.5;1053.6;1066.6;1121.3;1118.5;1135.2;1123.4;1130.7;1134.1;1144.5;1142.6;1140.9;1096.6
10-01-00 19:00;1056.1;1083.1;1059.9;1072.8;1126.4;1123.3;1139.8;1127.3;1134.8;1138.6;1148.9;1146.9;1145.2;1100.1
10-01-00 20:00;1067.3;1091.1;1066.6;1079.2;1131.8;1128.3;1144.5;1131.4;1139;1143.3;1153.5;1151.4;1149.7;1103.7
10-01-00 21:00;1078.2;1099.4;1073.6;1086.1;1137.4;1133.5;1149.5;1135.6;1143.4;1148.2;1158.3;1156.1;1154.3;1107.4
10-01-00 22:00;1089.2;1108;1080.9;1093.2;1143.4;1138.9;1154.6;1139.9;1147.8;1153.2;1163.1;1160.9;1159;1111.1
10-01-00 23:00;1101.1;1116.7;1088.6;1100.7;1149.7;1144.6;1159.9;1144.3;1152.5;1158.5;1168.2;1165.9;1164;1114.9
11-01-00 00:00;1113.9;1125.8;1096.6;1108.5;1156.2;1150.6;1165.6;1148.9;1157.3;1164.1;1173.7;1171.2;1169.2;1118.8
11-01-00 01:00;1127;1135.3;1104.8;1116.5;1163;1156.9;1171.6;1153.7;1162.3;1170;1179.4;1176.8;1174.7;1122.8
11-01-00 02:00;1139.9;1145.3;1113.4;1124.9;1170.2;1163.5;1177.8;1158.7;1167.6;1176.2;1185.4;1182.7;1180.5;1126.9
11-01-00 03:00;1152.6;1155.6;1122.4;1133.7;1177.8;1170.4;1184.4;1163.9;1173.2;1182.7;1191.7;1188.9;1186.6;1131.1
11-01-00 04:00;1165.2;1166.2;1131.7;1142.8;1185.6;1177.6;1191.4;1169.5;1179;1189.6;1198.4;1195.4;1193;1135.4
11-01-00 05:00;1177.8;1176.9;1141.4;1152.3;1193.9;1185.2;1198.6;1175.3;1185.1;1196.7;1205.3;1202.2;1199.7;1140
11-01-00 06:00;1190.5;1187.8;1151.4;1162.1;1202.5;1193.2;1206.2;1181.3;1191.6;1204.2;1212.6;1209.3;1206.7;1144.7
11-01-00 07:00;1203.3;1198.8;1161.7;1172.2;1211.4;1201.5;1214.1;1187.7;1198.3;1212.1;1220.2;1216.8;1214;1149.5
11-01-00 08:00;1216.4;1209.9;1172.2;1182.6;1220.6;1210.1;1222.4;1194.4;1205.3;1220.2;1228.1;1224.6;1221.7;1154.6
11-01-00 09:00;1229.7;1221.2;1182.9;1193.2;1230.2;1219;1230.9;1201.4;1212.7;1228.7;1236.4;1232.6;1229.6;1159.9
11-01-00 10:00;1243.2;1231.8;1193.8;1204;1240;1228.3;1239.8;1208.7;1220.3;1237.5;1244.9;1241;1237.9;1165.5
11-01-00 11:00;1256.6;1242.6;1204.7;1214.9;1250.1;1237.8;1249;1216.3;1228.3;1246.5;1253.8;1249.7;1246.4;1171.3
11-01-00 12:00;1269.8;1253.7;1215.5;1225.7;1260.2;1247.5;1258.4;1224.3;1236.6;1255.8;1262.9;1258.7;1255.3;1177.4
11-01-00 13:00;1282.9;1264.9;1226.5;1236.6;1270.5;1257.4;1268;1232.6;1245.1;1265.3;1272.2;1267.9;1264.3;1183.8
11-01-00 14:00;1295.9;1276.3;1237.4;1247.6;1280.8;1267.3;1277.7;1241.1;1253.9;1275;1281.6;1277.2;1273.5;1190.4
11-01-00 15:00;1308.7;1287.7;1248.6;1258.7;1291.3;1277.4;1287.5;1249.9;1262.9;1284.7;1291.1;1286.6;1282.9;1197.3
11-01-00 16:00;1321.5;1299.1;1259.7;1269.8;1301.9;1287.6;1297.4;1258.9;1272;1294.5;1300.8;1296.1;1292.3;1204.5
11-01-00 17:00;1334;1310.5;1270.9;1281;1312.5;1297.9;1307.4;1268.1;1281.3;1304.4;1310.5;1305.8;1301.9;1212
11-01-00 18:00;1346.1;1321.7;1282.1;1292.2;1323.2;1308.2;1317.4;1277.4;1290.8;1314.4;1320.3;1315.5;1311.6;1219.8
11-01-00 19:00;1358;1332.1;1293.3;1303.5;1334;1318.7;1327.6;1287;1300.3;1324.5;1330.2;1325.3;1321.4;1227.8
11-01-00 20:00;1369.7;1342.7;1304.4;1314.6;1344.8;1329.2;1337.8;1296.7;1310.1;1334.6;1340.2;1335.2;1331.2;1236.1
11-01-00 21:00;1381.1;1353.5;1315.3;1325.6;1355.5;1339.7;1348.1;1306.5;1319.9;1344.9;1350.2;1345.3;1341.2;1244.5
11-01-00 22:00;1392.1;1365.1;1326.2;1336.5;1366.1;1350.1;1358.4;1316.4;1329.8;1355;1360.3;1355.3;1351.2;1253.2
11-01-00 23:00;1402.9;1376.5;1337.5;1347.7;1376.7;1360.6;1368.6;1326.4;1339.8;1365.2;1370.3;1365.3;1361.2;1262.2
12-01-00 00:00;1413.3;1387.7;1348.8;1359;1387.5;1371.1;1378.9;1336.5;1349.7;1375.4;1380.4;1375.3;1371.2;1271.2
12-01-00 01:00;1423.4;1398.6;1360;1370.2;1398.4;1381.7;1389.2;1346.6;1359.8;1385.7;1390.5;1385.4;1381.3;1280.5
12-01-00 02:00;1433.2;1409.4;1371.2;1381.4;1409.2;1392.4;1399.7;1356.8;1369.8;1396.2;1400.8;1395.6;1391.4;1289.9
12-01-00 03:00;1443.1;1420.1;1382.3;1392.5;1420;1403.1;1410.2;1366.9;1379.9;1406.6;1411;1405.9;1401.7;1299.4
12-01-00 04:00;1453.2;1430.7;1393.3;1403.5;1430.8;1413.8;1420.8;1377.1;1390;1417.1;1421.3;1416.2;1411.9;1309.1
12-01-00 05:00;1463.9;1441.3;1404.1;1414.4;1441.5;1424.5;1431.3;1387.3;1400.2;1427.6;1431.7;1426.5;1422.2;1318.8
12-01-00 06:00;1475.3;1451.8;1414.9;1425.1;1452;1435.1;1441.8;1397.4;1410.3;1438;1442;1436.8;1432.5;1328.8
12-01-00 07:00;1487.2;1462.5;1425.6;1435.8;1462.4;1445.6;1452.2;1407.5;1420.4;1448.4;1452.2;1446.9;1442.6;1338.8
12-01-00 08:00;1499.7;1473.3;1436.2;1446.4;1472.8;1456;1462.5;1417.6;1430.3;1458.6;1462.3;1457;1452.7;1349
12-01-00 09:00;1512.7;1484.4;1447;1457.1;1483.2;1466.4;1472.8;1427.6;1440.3;1468.8;1472.4;1467.1;1462.7;1359.3
12-01-00 10:00;1526.6;1495.6;1457.8;1467.8;1493.4;1476.8;1483;1437.6;1450.2;1479;1482.4;1477.1;1472.7;1369.6
12-01-00 11:00;1541.3;1507.1;1468.8;1478.6;1503.7;1487;1493.1;1447.4;1460;1489.1;1492.3;1487;1482.6;1379.9
12-01-00 12:00;1556.8;1519;1479.8;1489.5;1514.1;1497.3;1503.3;1457.3;1469.8;1499.2;1502.3;1497;1492.6;1390.3
12-01-00 13:00;1573;1531.3;1491.3;1500.6;1524.5;1507.6;1513.4;1467.2;1479.6;1509.3;1512.3;1506.9;1502.5;1400.6
12-01-00 14:00;1589.6;1544;1503;1512;1535.1;1518;1523.7;1477.2;1489.5;1519.5;1522.3;1516.9;1512.5;1410.9
12-01-00 15:00;1606.2;1557.3;1515.2;1523.9;1545.9;1528.6;1534;1487.2;1499.5;1529.8;1532.4;1527;1522.5;1421.3
12-01-00 16:00;1621.9;1571.1;1527.9;1536.2;1557.1;1539.3;1544.5;1497.3;1509.6;1540.3;1542.8;1537.3;1532.8;1431.6
12-01-00 17:00;1636.9;1585.1;1541;1548.9;1568.6;1550.4;1555.3;1507.5;1519.7;1551;1553.3;1547.8;1543.2;1442
12-01-00 18:00;1651.4;1599.3;1554.5;1562;1580.7;1562;1566.9;1517.7;1530.1;1562.6;1564.7;1559;1554.3;1452.4
12-01-00 19:00;1665.2;1613.5;1568.3;1575.6;1593.2;1574.1;1578.7;1528.3;1540.9;1574.3;1576.1;1570.3;1565.5;1462.9
12-01-00 20:00;1678.9;1627.6;1582.3;1589.4;1606.1;1586.4;1590.7;1539.1;1551.8;1586.2;1587.8;1581.9;1577;1473.5
12-01-00 21:00;1692.2;1641.6;1596.4;1603.3;1619.3;1599;1602.9;1550.1;1563;1598.4;1599.7;1593.7;1588.7;1484.3
12-01-00 22:00;1705.1;1655.3;1610.6;1617.3;1632.6;1611.8;1615.4;1561.4;1574.4;1610.7;1611.9;1605.7;1600.6;1495.3
12-01-00 23:00;1717.4;1668.8;1624.7;1631.4;1646.1;1624.7;1628;1572.8;1586;1623.3;1624.2;1617.9;1612.7;1506.4
13-01-00 00:00;1729.3;1682.1;1638.8;1645.5;1659.6;1637.7;1640.7;1584.5;1597.8;1635.9;1636.6;1630.2;1624.9;1517.5
13-01-00 01:00;1741.2;1695.1;1652.8;1659.5;1673.1;1650.7;1653.4;1596.3;1609.8;1648.5;1649;1642.6;1637.2;1528.9
13-01-00 02:00;1753.1;1708.8;1666.6;1673.3;1686.5;1663.7;1666.2;1608.3;1621.9;1661.2;1661.6;1655.2;1649.7;1540.4
13-01-00 03:00;1765.7;1722.2;1680.6;1687.3;1699.9;1676.8;1679.1;1620.4;1634.1;1674.1;1674.3;1667.8;1662.3;1552.1
13-01-00 04:00;1778.9;1735.3;1694.5;1701.1;1713.4;1689.9;1692;1632.7;1646.5;1687;1687.1;1680.5;1675;1564
13-01-00 05:00;1793.1;1748.4;1708.2;1714.9;1726.8;1703;1704.9;1645.1;1659;1699.9;1699.9;1693.3;1687.7;1576.1
13-01-00 06:00;1808.4;1761.3;1721.8;1728.5;1740.1;1716;1717.7;1657.7;1671.6;1712.8;1712.7;1706;1700.4;1588.2
13-01-00 07:00;1824.7;1774.4;1735.4;1742.1;1753.4;1729;1730.5;1670.3;1684.2;1725.6;1725.4;1718.8;1713.1;1600.6
13-01-00 08:00;1842;1787.7;1749.1;1755.8;1766.6;1741.9;1743.2;1683;1696.8;1738.2;1738;1731.4;1725.8;1613
13-01-00 09:00;1861;1801.5;1762.9;1769.4;1779.8;1754.7;1755.9;1695.6;1709.5;1750.9;1750.6;1744;1738.4;1625.6
13-01-00 10:00;1881.8;1815.9;1776.8;1783.2;1793.1;1767.7;1768.6;1708.4;1722.1;1763.6;1763.3;1756.7;1751;1638.3
13-01-00 11:00;1904.3;1830.8;1791;1797.3;1806.5;1780.7;1781.4;1721.1;1734.9;1776.4;1776;1769.4;1763.8;1650.8
13-01-00 12:00;1928;1846.2;1805.4;1811.6;1819.8;1793.8;1794.2;1733.9;1747.6;1789.2;1788.7;1782.1;1776.5;1663.4
13-01-00 13:00;1953;1862.5;1819.9;1825.8;1833.2;1806.5;1806.9;1746.7;1760.4;1801.9;1801.4;1794.8;1789.2;1675.9
13-01-00 14:00;1979.2;1879.8;1834.8;1840.4;1846.3;1817.5;1818.2;1759.5;1773;1813.6;1813.4;1807;1801.5;1688.6
13-01-00 15:00;2005.7;1897.8;1850.6;1855.7;1859;1828.3;1828.8;1771.9;1785.1;1824.2;1824.2;1818;1812.7;1701.2
13-01-00 16:00;2033.2;1916.7;1867.1;1871.6;1872.7;1840.4;1840.4;1783.8;1796.7;1835.8;1835.6;1829.4;1824.1;1713.9
13-01-00 17:00;2062;1936.8;1884.4;1888.5;1887.3;1853.7;1853.7;1795.7;1808.6;1849.1;1848.8;1842.3;1836.8;1726.4
13-01-00 18:00;2091.5;1957.6;1902.7;1906.3;1903;1868.1;1867.6;1808.4;1821.4;1863;1862.4;1855.8;1850.1;1738.6
13-01-00 19:00;2122.2;1979.2;1922;1925.2;1919.7;1883.1;1882;1821.4;1834.6;1877.3;1876.4;1869.7;1863.9;1750.8
13-01-00 20:00;2154;2001.4;1942.1;1944.8;1937.3;1898.8;1897.2;1834.8;1848.2;1892.3;1891.2;1884.2;1878.3;1763
13-01-00 21:00;2186.3;2024.2;1962.8;1965.2;1955.8;1915.3;1913;1848.6;1862.3;1908;1906.6;1899.4;1893.3;1775.2
13-01-00 22:00;2216.2;2047.6;1984.3;1986.4;1975.2;1932.5;1929.6;1863;1877;1924.5;1922.7;1915.3;1909;1787.6
13-01-00 23:00;2245.9;2071.4;2006.5;2008.3;1995.4;1950.4;1946.8;1877.9;1892.3;1941.6;1939.5;1931.8;1925.3;1799.7
14-01-00 00:00;2276.6;2095.6;2029.3;2030.8;2016.5;1969.2;1964.8;1893.3;1908.2;1959.5;1957;1949.1;1942.3;1812.3
14-01-00 01:00;2308.1;2120;2052.7;2053.9;2038.1;1988.5;1983.5;1909.4;1924.8;1978;1975.2;1967.1;1960.1;1825.3
14-01-00 02:00;2339.3;2144.9;2076.5;2077.5;2060.3;2008.5;2002.8;1926.1;1942;1997.2;1994.1;1985.7;1978.5;1838.7
14-01-00 03:00;2369.5;2170.1;2100.8;2101.6;2082.9;2030.2;2020.5;1943.4;1959.8;2015.1;2012.2;2003.9;1996.7;1852.7
14-01-00 04:00;2397.8;2195.6;2125.6;2126.2;2106.5;2053.4;2035.7;1960.7;1977.1;2030.4;2028.1;2020.2;2013.3;1867.1
14-01-00 05:00;2429.4;2221.1;2150.9;2151.3;2130.7;2076.8;2049.2;1977.2;1993.2;2043.9;2041.9;2034.4;2027.8;1882
14-01-00 06:00;2496.1;2246.7;2176.3;2176.7;2155.3;2101.4;2062.6;1992.8;2008.3;2057.3;2055.5;2048.2;2041.8;1897
14-01-00 07:00;2548.9;2275.2;2202;2202.3;2181;2123.9;2074.1;2007.8;2022.8;2069;2067.7;2060.8;2054.8;1911.9
14-01-00 08:00;2606.9;2307.5;2229.4;2229.3;2207.3;2145.6;2084.3;2021.8;2036.2;2079.3;2078.5;2072.1;2066.4;1926.5
14-01-00 09:00;2654.4;2342.9;2259.1;2258.3;2235.1;2166.9;2093.8;2034.9;2048.6;2088.9;2088.5;2082.4;2077.1;1940.8
14-01-00 10:00;2672.6;2380.4;2291.2;2289.5;2264.7;2188.2;2103.1;2047.1;2060.1;2098.3;2098.1;2092.3;2087.2;1954.5
14-01-00 11:00;2694.1;2419.6;2325.4;2323;2296.1;2210.1;2112.4;2058.7;2071.2;2107.7;2107.6;2102;2097.2;1967.8
14-01-00 12:00;2744.4;2459.3;2361.5;2358.3;2329.6;2232.7;2122.1;2069.9;2081.9;2117.2;2117.2;2111.8;2107.1;1980.5
14-01-00 13:00;2798.3;2499.3;2398.7;2395;2365.1;2256.5;2133.1;2080.9;2092.5;2128.3;2128.2;2122.6;2117.8;1992.7
14-01-00 14:00;2838;2538.6;2434.5;2431.9;2402.4;2281.9;2144.9;2092.2;2103.8;2140;2139.8;2134.2;2129.3;2004.7
14-01-00 15:00;2866.6;2577.9;2474.9;2470.5;2440.2;2307.3;2156.5;2103.7;2115.3;2151.5;2151.3;2145.7;2140.8;2016.3
14-01-00 16:00;2891.3;2616.5;2513.7;2509.3;2479.3;2333.3;2168.1;2115.2;2126.8;2163;2162.7;2157.1;2152.3;2028.6
14-01-00 17:00;2915.6;2654.3;2552.5;2548.1;2519.3;2359.7;2179.8;2126.7;2138.3;2174.5;2174.3;2168.6;2163.8;2040.6
14-01-00 18:00;2940.7;2690.7;2590.9;2586.7;2559.3;2386.4;2191.5;2138.3;2149.9;2186.1;2185.8;2180.2;2175.3;2052.3
14-01-00 19:00;2963.2;2726.1;2628.6;2624.7;2599.3;2413.3;2202.1;2149.8;2161.3;2197;2196.6;2191.2;2186.3;2063.9
14-01-00 20:00;2986.2;2759.8;2665.4;2661.9;2638.6;2439.5;2213.3;2161.1;2172.6;2207.8;2207.7;2202.2;2197.5;2075.4
14-01-00 21:00;3008.7;2792.4;2700.1;2697.3;2677;2465.2;2223.7;2172.3;2183.7;2218.3;2218.2;2212.9;2208.2;2086.7
14-01-00 22:00;3030.7;2823.8;2732.7;2730.2;2713.6;2489.9;2233.6;2183.3;2194.5;2228.3;2228.3;2223.1;2218.5;2097.9
14-01-00 23:00;3052.1;2850.3;2763.9;2761.7;2745.4;2512;2242.1;2193.9;2205;2237.2;2237.6;2232.6;2228.3;2109
15-01-00 00:00;3072.8;2877.9;2792.7;2790.5;2774.1;2526.7;2246.1;2204;2214.5;2242;2243.1;2239;2235.2;2120
15-01-00 01:00;3092.9;2905.5;2820.8;2818.5;2802.6;2498.3;2382.6;2212.4;2222.1;2309.1;2270.2;2253.3;2244.6;2130.7
15-01-00 02:00;3111.1;2932.9;2848.5;2845.8;2817.5;2452;2411.5;2246.7;2271.2;2385.6;2375.5;2359.9;2345.7;2141.1
15-01-00 03:00;3125.3;2959.8;2872.9;2868.9;2835.7;2524.5;2458.6;2283.9;2310.8;2412;2397.1;2382.3;2370.4;2154.1
15-01-00 04:00;3136.4;2984.8;2895.3;2888.7;2840;2654.9;2574.7;2319;2351.8;2505.6;2485.5;2463.3;2444.2;2173
15-01-00 05:00;3146.5;3007.1;2914.8;2907.7;2862.6;2698.4;2625.4;2370.9;2408.9;2554.7;2537.5;2517.1;2499.5;2194.7
15-01-00 06:00;3155.6;3027;2935.7;2928.7;2885.6;2732.8;2664.8;2418.1;2456.9;2593.1;2578;2559.4;2543;2221.4
15-01-00 07:00;3164;3045.4;2956.3;2949.5;2907.9;2765.2;2699.6;2461.3;2499.2;2626.9;2613.2;2595.8;2580.5;2251.9
15-01-00 08:00;3171.9;3062.3;2976.1;2969.5;2930;2797;2731.5;2501.3;2538.2;2658.5;2646;2629.7;2615.3;2284.2
15-01-00 09:00;3179.4;3077.8;2994.8;2988.7;2951.4;2826.7;2762.3;2538.5;2574.1;2688.3;2676.7;2661.2;2647.5;2317.1
15-01-00 10:00;3186.6;3092.1;3012.5;3006.8;2972;2855.4;2791.9;2573.4;2607.9;2717;2706.2;2691.4;2678.3;2350.1
15-01-00 11:00;3193.5;3105.6;3029.2;3024;2991.7;2882.2;2819.1;2606.3;2639.7;2742.8;2732.9;2719;2706.6;2382.5
15-01-00 12:00;3200.1;3118.3;3045.2;3040.5;3010.6;2906.2;2844.4;2636.9;2669.3;2769.5;2759.8;2746.1;2734.1;2414.2
15-01-00 13:00;3206.5;3130.3;3060.5;3056.3;3028.1;2926.7;2867.8;2666.4;2698.4;2797.8;2788.2;2774.7;2762.8;2445.5
15-01-00 14:00;3212.8;3141.6;3074.8;3071.1;3044.4;2946.3;2890.7;2695.5;2727.5;2825.9;2816.5;2803.1;2791.3;2475.1
15-01-00 15:00;3218.9;3152.3;3088.3;3085;3059.9;2965;2912.9;2724.3;2756.1;2853.3;2844.1;2830.9;2819.3;2503.8
15-01-00 16:00;3224.5;3162.5;3101;3098.1;3074.7;2982.8;2934.2;2752.4;2784.1;2879.7;2870.9;2857.9;2846.5;2532
15-01-00 17:00;3229.1;3171.9;3113;3110.5;3088.8;2999.8;2953.8;2779.8;2811.3;2902.5;2894.5;2882.7;2872;2559.7
15-01-00 18:00;3233.3;3180.7;3124.3;3122.3;3102.1;3013.3;2968.3;2804.7;2834.8;2920.2;2912.5;2901.2;2891.1;2586.7
15-01-00 19:00;3237.4;3188.9;3135;3133.2;3114.1;3026.2;2983.9;2827.1;2856.4;2940;2932.5;2921.4;2911.5;2612.8
15-01-00 20:00;3241.3;3196.6;3144.8;3143.3;3125.3;3038.9;2999.3;2848.7;2877.5;2959.5;2952.2;2941.3;2931.6;2638.6
15-01-00 21:00;3245.1;3203.7;3153.9;3152.8;3136;3051.4;3014.5;2869.7;2898.1;2978.5;2971.5;2960.9;2951.4;2664.6
15-01-00 22:00;3248.9;3210.5;3162.5;3161.6;3146.1;3063.4;3029.2;2890;2918.2;2997;2990.3;2979.8;2970.5;2690.4
15-01-00 23:00;3252.7;3216.8;3170.5;3170;3155.6;3075.1;3043.5;2909.9;2937.6;3014.8;3008.3;2998.1;2989;2715.9
16-01-00 00:00;3256.4;3222.9;3178.2;3177.9;3164.7;3086.3;3057.2;2929.2;2956.5;3031.9;3025.7;3015.7;3006.8;2741.2
16-01-00 01:00;3260.1;3228.6;3185.4;3185.4;3173.3;3097.1;3070.4;2948;2974.8;3048.3;3042.4;3032.6;3023.9;2766.1
16-01-00 02:00;3263.2;3234.2;3192.3;3192.5;3181.6;3107.5;3083.2;2966.3;2992.5;3064;3058.4;3048.9;3040.4;2790.7
16-01-00 03:00;3265.4;3239.4;3199;3199.4;3189.5;3117.6;3095.4;2983.9;3009.6;3079;3073.7;3064.5;3056.3;2814.7
16-01-00 04:00;3266.7;3244.3;3205.3;3205.9;3197.1;3127.4;3107.4;3001.1;3026;3093.4;3088.4;3079.5;3071.5;2838.3
16-01-00 05:00;3267.4;3248.7;3211.3;3212.2;3204.6;3137.9;3119.5;3017.6;3041.9;3106.2;3101.7;3093.2;3085.5;2861.3
16-01-00 06:00;3267.5;3252.5;3216.9;3218.1;3212;3148.3;3131;3033.3;3056.7;3118.3;3114.2;3106;3098.7;2883.7
16-01-00 07:00;3267.1;3255.8;3222.2;3223.7;3219.1;3158.2;3141.9;3048.3;3070.8;3129.8;3126.1;3118.2;3111.2;2905.5
16-01-00 08:00;3266.4;3258.7;3227.1;3229;3225.9;3167.7;3152.4;3062.6;3084.3;3140.8;3137.4;3129.9;3123.1;2926.5
16-01-00 09:00;3265.5;3261.1;3231.6;3233.8;3232.2;3176.6;3162.4;3076.3;3097.2;3151.2;3148.2;3141;3134.5;2946.7
16-01-00 10:00;3264.2;3263.2;3235.6;3238.2;3238;3185.1;3171.8;3089.4;3109.5;3161.1;3158.4;3151.5;3145.2;2966.1
16-01-00 11:00;3262.8;3264.9;3239.3;3242.1;3243.4;3193;3180.6;3101.9;3121.2;3170.4;3168;3161.4;3155.4;2984.9
16-01-00 12:00;3261.2;3266.2;3242.5;3245.7;3248.4;3200.5;3188.9;3113.8;3132.3;3179.2;3177.1;3170.7;3165;3003
16-01-00 13:00;3259.5;3267.3;3245.3;3248.9;3252.9;3207.4;3196.8;3125.1;3142.8;3187.5;3185.7;3179.6;3174.2;3020.3
16-01-00 14:00;3257.7;3268.1;3247.9;3251.7;3257;3213.9;3204.2;3136;3152.9;3195.3;3193.8;3188;3182.8;3036.9
16-01-00 15:00;3255.8;3268.6;3250;3254.2;3260.7;3220;3211.1;3146.3;3162.4;3202.6;3201.5;3196;3191;3052.2
16-01-00 16:00;3253.8;3268.9;3251.9;3256.3;3264.1;3225.6;3217.6;3156.1;3171.4;3209.6;3208.7;3203.4;3198.7;3066.8
16-01-00 17:00;3251.7;3269;3253.5;3258.2;3267.2;3230.9;3223.7;3165.5;3180;3216.1;3215.5;3210.5;3206;3080.6
16-01-00 18:00;3249.6;3268.9;3254.8;3259.8;3269.9;3235.8;3229.4;3174.4;3188.2;3222.2;3221.9;3217.1;3212.8;3093.7
16-01-00 19:00;3247.4;3268.6;3255.9;3261.2;3272.4;3240.3;3234.7;3182.8;3195.9;3227.9;3227.9;3223.4;3219.3;3106.2
16-01-00 20:00;3245.1;3268.2;3256.8;3262.3;3274.5;3244.5;3239.7;3190.7;3203.2;3233.2;3233.5;3229.2;3225.4;3118
16-01-00 21:00;3242.9;3267.6;3257.4;3263.2;3276.4;3248.3;3244.2;3198.1;3210;3238.2;3238.7;3234.7;3231;3129.1
16-01-00 22:00;3240.5;3266.9;3257.9;3263.8;3278;3251.9;3248.5;3205.1;3216.4;3242.8;3243.5;3239.7;3236.3;3139.7
16-01-00 23:00;3238.2;3266;3258.1;3264.3;3279.5;3255.1;3252.4;3211.7;3222.4;3247;3248;3244.5;3241.2;3149.7
17-01-00 00:00;3235.8;3265.1;3258.3;3264.6;3280.7;3258.1;3256;3217.9;3228;3250.9;3252.2;3248.8;3245.8;3159.1
17-01-00 01:00;3233.5;3264;3258.2;3264.8;3281.7;3260.7;3259.3;3223.8;3233.3;3254.6;3256.1;3252.9;3250;3168
17-01-00 02:00;3230.5;3262.9;3258;3264.8;3282.5;3263.1;3262.4;3229.2;3238.2;3257.9;3259.6;3256.6;3253.9;3176.4
17-01-00 03:00;3226.6;3261.5;3257.7;3264.7;3283.1;3265.3;3265.1;3234.2;3242.7;3260.9;3262.9;3260;3257.5;3184.3
17-01-00 04:00;3221.9;3259.8;3257.2;3264.3;3283.6;3267.3;3267.6;3239;3246.9;3263.7;3265.8;3263.2;3260.8;3191.8
17-01-00 05:00;3216.4;3257.6;3256.4;3263.7;3283.8;3268.9;3269.9;3243.3;3250.8;3266.2;3268.5;3266.1;3263.8;3198.8
17-01-00 06:00;3210.4;3255;3255.2;3262.8;3283.8;3270.4;3271.8;3247.4;3254.4;3268.5;3271;3268.7;3266.6;3205.5
17-01-00 07:00;3204;3251.8;3253.6;3261.5;3283.4;3271.5;3273.5;3251.1;3257.7;3270.4;3273.1;3271;3269.1;3211.7
17-01-00 08:00;3197;3248.2;3251.7;3259.8;3282.6;3272.3;3274.9;3254.6;3260.7;3272.1;3275;3273;3271.2;3217.5
17-01-00 09:00;3188.9;3244.2;3249.3;3257.7;3281.5;3272.8;3275.9;3257.6;3263.4;3273.4;3276.5;3274.7;3273;3222.9
17-01-00 10:00;3180;3239.6;3246.5;3255.1;3280;3272.9;3276.6;3260.4;3265.7;3274.3;3277.6;3276;3274.5;3228
17-01-00 11:00;3168.1;3234.3;3243.1;3252.1;3278;3272.6;3276.9;3262.8;3267.6;3274.9;3278.4;3277;3275.6;3232.7
17-01-00 12:00;3155.1;3227.9;3239.2;3248.5;3275.6;3271.9;3276.8;3264.8;3269.2;3275.2;3278.8;3277.6;3276.4;3237
17-01-00 13:00;3142;3220.5;3234.5;3244.2;3272.6;3270.8;3276.3;3266.5;3270.5;3275;3278.9;3277.8;3276.8;3240.9
17-01-00 14:00;3128.8;3212.2;3229;3239;3268.9;3269.2;3275.4;3267.8;3271.3;3274.3;3278.5;3277.6;3276.7;3244.5
17-01-00 15:00;3115.4;3203.4;3222.7;3233.2;3264.5;3266.9;3273.9;3268.7;3271.7;3273.2;3277.5;3276.8;3276.2;3247.7
17-01-00 16:00;3102;3194;3215.7;3226.6;3259.5;3264;3271.8;3269.1;3271.7;3271.5;3276.1;3275.6;3275.1;3250.4
17-01-00 17:00;3088.4;3184.2;3208.2;3219.5;3253.9;3260.3;3269;3269.1;3271.1;3269.1;3274;3273.7;3273.5;3252.8
17-01-00 18:00;3074.7;3174;3200.2;3211.9;3247.7;3256;3265.5;3268.5;3270;3266;3271.2;3271.2;3271.2;3254.7
17-01-00 19:00;3060.9;3163.4;3191.8;3203.8;3241.1;3251.2;3261.5;3267.3;3268.2;3262.4;3267.9;3268.1;3268.3;3256.2
17-01-00 20:00;3047;3152.5;3182.9;3195.3;3233.9;3245.8;3256.9;3265.6;3266;3258.3;3264;3264.5;3264.9;3257.2
17-01-00 21:00;3033;3141.3;3173.7;3186.4;3226.3;3239.9;3251.8;3263.3;3263.1;3253.6;3259.6;3260.3;3260.9;3257.7
17-01-00 22:00;3018.9;3129.8;3164;3177;3218.3;3233.5;3246.3;3260.6;3259.8;3248.4;3254.7;3255.7;3256.4;3257.7
17-01-00 23:00;3004.8;3118.1;3153.9;3167.3;3209.8;3226.7;3240.2;3257.3;3256;3242.7;3249.3;3250.5;3251.5;3257.3
18-01-00 00:00;2990.4;3106.2;3143.6;3157.3;3201;3219.4;3233.7;3253.5;3251.6;3236.6;3243.5;3244.9;3246.1;3256.3
18-01-00 01:00;2976;3094.1;3133;3146.9;3191.8;3211.8;3226.8;3249.3;3246.8;3230;3237.1;3238.8;3240.2;3254.8
18-01-00 02:00;2960.1;3081.7;3122.1;3136.3;3182.2;3203.7;3219.5;3244.6;3241.6;3223.1;3230.4;3232.3;3233.8;3252.9
18-01-00 03:00;2942.6;3068.9;3110.9;3125.4;3172.3;3195.3;3211.7;3239.4;3235.9;3215.7;3223.3;3225.3;3227.1;3250.5
18-01-00 04:00;2923.7;3055.3;3099.4;3114.1;3162.2;3186.5;3203.6;3233.8;3229.7;3207.9;3215.7;3218;3220;3247.6
18-01-00 05:00;2903.7;3041;3087.3;3102.4;3151.6;3177.4;3195.2;3227.8;3223.2;3199.8;3207.9;3210.3;3212.5;3244.3
18-01-00 06:00;2882.6;3025.7;3074.6;3090;3140.5;3167.8;3186.3;3221.4;3216.3;3191.3;3199.6;3202.2;3204.5;3240.5
18-01-00 07:00;2860.2;3009.6;3061.1;3077;3128.9;3157.8;3177;3214.6;3209;3182.3;3190.8;3193.7;3196.2;3236.3
18-01-00 08:00;2836.4;2992.6;3047;3063.2;3116.6;3147.2;3167.1;3207.3;3201.2;3172.8;3181.6;3184.7;3187.4;3231.6
18-01-00 09:00;2811.2;2974.6;3032;3048.7;3103.7;3136;3156.8;3199.6;3193;3162.8;3171.9;3175.2;3178.1;3226.6
18-01-00 10:00;2784.5;2955.5;3016.2;3033.4;3090.1;3124.2;3145.8;3191.4;3184.2;3152.2;3161.6;3165.1;3168.2;3221
18-01-00 11:00;2756.1;2935.2;2999.6;3017.2;3075.7;3111.7;3134.2;3182.7;3174.9;3141;3150.6;3154.4;3157.8;3215.1
18-01-00 12:00;2726.2;2913.8;2981.9;3000.1;3060.5;3098.6;3121.9;3173.4;3165.1;3129.1;3139.1;3143.1;3146.7;3208.6
18-01-00 13:00;2696;2891.1;2963.3;2982.1;3044.4;3084.7;3108.9;3163.6;3154.6;3116.6;3126.9;3131.2;3134.9;3201.7
18-01-00 14:00;2667.3;2867.5;2943.5;2962.9;3027.5;3070;3095.2;3153.1;3143.4;3103.4;3114;3118.5;3122.5;3194.2
18-01-00 15:00;2638;2843.5;2922.9;2942.9;3009.6;3054.4;3080.7;3141.9;3131.7;3089.4;3100.3;3105.2;3109.4;3186.2
18-01-00 16:00;2607.9;2819;2901.7;2922.2;2990.9;3038.1;3065.4;3130.1;3119.2;3074.6;3085.9;3091.1;3095.6;3177.6
18-01-00 17:00;2577.5;2794;2879.9;2901;2971.6;3021;3049.4;3117.6;3106;3059.2;3070.8;3076.3;3081;3168.3
18-01-00 18:00;2547.8;2768.5;2857.5;2879.1;2951.6;3003.3;3032.7;3104.4;3092.2;3043;3054.9;3060.7;3065.8;3158.5
18-01-00 19:00;2518.5;2742.3;2834.6;2856.6;2931.1;2985;3015.4;3090.6;3077.7;3026.1;3038.5;3044.5;3049.8;3148.1
18-01-00 20:00;2500.5;2716.1;2811;2833.5;2909.9;2966.1;2997.5;3076.2;3062.6;3008.7;3021.4;3027.7;3033.3;3137.1
18-01-00 21:00;2486.2;2691.7;2787.2;2810.2;2888.2;2946.5;2978.9;3061.2;3046.8;2990.6;3003.7;3010.3;3016.2;3125.4
18-01-00 22:00;2472.8;2669.2;2763.7;2786.9;2866.2;2926.4;2959.8;3045.5;3030.5;2972;2985.3;2992.3;2998.4;3113.1
18-01-00 23:00;2459.3;2649;2741.3;2764.5;2844.3;2906.1;2940.3;3029.3;3013.6;2952.9;2966.6;2973.8;2980.1;3100.3
19-01-00 00:00;2445.4;2630.1;2719.8;2743;2823;2885.8;2920.7;3012.6;2996.2;2933.7;2947.6;2955;2961.6;3086.9
19-01-00 01:00;2431.2;2612.1;2699.3;2722.3;2802.2;2865.8;2901.2;2995.5;2978.5;2914.4;2928.5;2936.1;2942.8;3072.9
19-01-00 02:00;2416.8;2594.8;2679.9;2702.6;2782.1;2846.1;2881.9;2978.1;2960.6;2895.2;2909.5;2917.3;2924.1;3058.5
19-01-00 03:00;2402.3;2576.2;2661.2;2683.6;2762.6;2826.7;2862.8;2960.6;2942.7;2876.3;2890.7;2898.6;2905.5;3043.6
19-01-00 04:00;2388;2557.2;2641.7;2664.1;2743.1;2807.4;2843.8;2943.1;2924.8;2857.8;2872.2;2880.2;2887.2;3028.4
19-01-00 05:00;2374.4;2539.7;2622.8;2645;2723.8;2788.3;2825;2925.6;2907;2839.3;2853.8;2861.9;2869;3012.9
19-01-00 06:00;2360.8;2523.2;2604.6;2626.7;2704.7;2769.3;2806.3;2908.1;2889.3;2821.1;2835.6;2843.7;2850.9;2997.2
19-01-00 07:00;2347.1;2507.4;2586.9;2608.7;2685.5;2749.9;2787.5;2890.7;2871.7;2802.7;2817.4;2825.6;2832.8;2981.3
19-01-00 08:00;2333.2;2491.9;2569.8;2591.3;2666.7;2730;2768.3;2873.2;2853.9;2784.1;2798.9;2807.2;2814.5;2965.3
19-01-00 09:00;2319.1;2476.7;2553;2574.1;2648;2709;2748.1;2855.6;2835.9;2764.7;2779.8;2788.3;2795.8;2949.2
19-01-00 10:00;2304.7;2461.6;2536.3;2557.1;2629.8;2689.9;2728.8;2837.4;2817.4;2745.6;2760.6;2769.2;2776.8;2932.8
19-01-00 11:00;2289.9;2446.4;2519.9;2540.5;2612.4;2671.4;2710.1;2818.9;2798.8;2727.1;2742.1;2750.7;2758.2;2916.3
19-01-00 12:00;2275.1;2431.3;2503.8;2524.2;2595.4;2653.4;2691.5;2800.5;2780.4;2708.6;2723.6;2732.2;2739.7;2899.4
19-01-00 13:00;2260.3;2416.1;2487.8;2508.1;2578.5;2635.5;2673.4;2782.3;2762;2690.5;2705.5;2714;2721.5;2882.4
19-01-00 14:00;2245.5;2401;2471.9;2492;2561.8;2618.2;2655.9;2764.5;2744.2;2673.1;2688;2696.4;2703.8;2865.4
19-01-00 15:00;2230.7;2386;2456.1;2476;2545.3;2601.2;2638.7;2747;2726.7;2656.1;2670.9;2679.2;2686.6;2848.4
19-01-00 16:00;2214;2371;2440.3;2460.1;2529;2584.4;2621.8;2729.8;2709.6;2639.4;2654.1;2662.4;2669.7;2831.5
19-01-00 17:00;2197;2355.7;2424.6;2444.2;2512.7;2567.2;2603.2;2712.8;2692.7;2620;2634.9;2643.8;2651.5;2814.7
19-01-00 18:00;2180;2340.1;2408.7;2428.2;2495.7;2548;2583.6;2694.7;2673.9;2600.5;2615.3;2624.2;2632;2798
19-01-00 19:00;2163.3;2324.2;2392.4;2411.7;2478.5;2530.3;2565.6;2676.4;2655.5;2582.5;2597.2;2606;2613.7;2781
19-01-00 20:00;2146.8;2308.1;2375.9;2395.1;2461.5;2512.9;2548.1;2658.6;2637.7;2565.1;2579.7;2588.4;2596.1;2763.8
19-01-00 21:00;2130.5;2291.8;2359.3;2378.3;2444.4;2495.6;2530.7;2641.1;2620.2;2547.9;2562.5;2571.2;2578.8;2746.6
19-01-00 22:00;2114.5;2275.6;2342.6;2361.6;2427.4;2478.4;2513.6;2623.8;2603;2531;2545.5;2554.2;2561.7;2729.5
19-01-00 23:00;2098.9;2259.5;2325.9;2344.8;2410.3;2461.2;2496.4;2606.7;2585.9;2514;2528.6;2537.2;2544.8;2712.5
20-01-00 00:00;2083.7;2243.4;2309.1;2327.9;2393.2;2443.9;2479.2;2589.7;2568.9;2497.1;2511.7;2520.3;2527.8;2695.6
20-01-00 01:00;2068.5;2227.4;2292.4;2311.1;2376.1;2426.8;2462.1;2572.8;2552;2480.3;2494.8;2503.4;2511;2678.8
20-01-00 02:00;2053.6;2211.5;2275.8;2294.4;2359.2;2409.8;2445.1;2556;2535.2;2463.5;2478.1;2486.7;2494.2;2662.1
20-01-00 03:00;2039.3;2195.7;2259.3;2277.8;2342.3;2392.9;2428.3;2539.2;2518.5;2446.9;2461.5;2470;2477.6;2645.5
20-01-00 04:00;2025.3;2180.1;2242.9;2261.3;2325.5;2376.1;2411.5;2522.6;2501.9;2430.4;2444.9;2453.5;2461;2628.8
20-01-00 05:00;2010.9;2164.7;2226.6;2244.9;2308.7;2359.3;2394.8;2506;2485.3;2413.9;2428.4;2437;2444.5;2612.3
20-01-00 06:00;1996.6;2149.4;2210.4;2228.6;2292;2342.6;2378.1;2489.4;2468.9;2397.5;2412;2420.5;2428.1;2595.7
20-01-00 07:00;1982.5;2134.2;2194.4;2212.5;2275.5;2326.1;2361.6;2473;2452.5;2381.2;2395.7;2404.2;2411.8;2579.2
20-01-00 08:00;1968.8;2119.1;2178.5;2196.4;2259.1;2309.6;2345.2;2456.7;2436.2;2365;2379.5;2388;2395.5;2562.8
20-01-00 09:00;1955.5;2104.1;2162.7;2180.5;2242.7;2293.3;2328.9;2440.4;2419.9;2348.9;2363.4;2371.9;2379.4;2546.4
20-01-00 10:00;1942.5;2089.2;2147;2164.6;2226.5;2277.1;2313;2424.2;2403.8;2333.2;2347.6;2356.1;2363.5;2529.9
20-01-00 11:00;1930;2074.5;2131.4;2148.9;2210.4;2261.2;2297.2;2408.1;2387.8;2317.4;2331.8;2340.2;2347.7;2513.5
20-01-00 12:00;1917.8;2060.1;2116;2133.3;2194.3;2245.3;2281.4;2392;2371.9;2301.7;2316.1;2324.5;2331.9;2497.1
20-01-00 13:00;1905.9;2045.8;2100.7;2117.9;2178.5;2229.4;2265.7;2376;2356;2286;2300.4;2308.8;2316.1;2480.9
20-01-00 14:00;1894.5;2031.9;2085.6;2102.6;2162.7;2213.7;2250.2;2360.1;2340.2;2270.4;2284.8;2293.1;2300.5;2464.9
20-01-00 15:00;1883.4;2018.3;2070.8;2087.6;2147.2;2198.3;2234.8;2344.3;2324.5;2255;2269.4;2277.7;2285;2448.7
20-01-00 16:00;1872.7;2004.9;2056.2;2072.9;2131.9;2183;2219.6;2328.5;2308.9;2239.8;2254.1;2262.4;2269.6;2432.5
20-01-00 17:00;1862.2;1991.9;2042;2058.4;2116.9;2167.9;2204.6;2312.9;2293.4;2224.8;2239;2247.2;2254.5;2416.4
20-01-00 18:00;1852.2;1979.2;2028;2044.3;2102.2;2153.1;2189.9;2297.4;2278.2;2210;2224.2;2232.3;2239.5;2400.2
20-01-00 19:00;1842.5;1966.7;2014.4;2030.5;2087.8;2138.8;2175.7;2282;2263;2195.5;2209.6;2217.6;2224.7;2384.1
20-01-00 20:00;1833.1;1954.6;2001.2;2017.1;2073.9;2124.9;2161.6;2266.8;2248;2181.3;2195.2;2203.2;2210.2;2368.1
20-01-00 21:00;1824.1;1942.8;1988.3;2004.1;2060.3;2111.2;2147.6;2251.7;2233.2;2167.1;2180.9;2188.9;2195.8;2352.1
20-01-00 22:00;1815.3;1931.4;1975.8;1991.4;2047.1;2097.8;2133.9;2236.8;2218.5;2153.2;2166.9;2174.7;2181.6;2336.2
20-01-00 23:00;1806.8;1920.2;1963.6;1979.1;2034.3;2084.7;2120.6;2222;2204;2139.6;2153.2;2160.9;2167.6;2320.3
21-01-00 00:00;1798.5;1909.3;1951.8;1967.1;2021.8;2072.1;2107.5;2207.4;2189.8;2126.2;2139.7;2147.3;2154;2304.6
21-01-00 01:00;1790.4;1898.7;1940.2;1955.4;2009.6;2059.5;2094.5;2193.1;2175.7;2113;2126.3;2133.8;2140.4;2289
21-01-00 02:00;1782.3;1888.4;1928.9;1943.9;1997.6;2047.1;2081.7;2178.9;2161.8;2099.9;2113.1;2120.5;2127;2273.7
21-01-00 03:00;1774.1;1878.4;1917.9;1932.8;1986;2034.9;2069.1;2164.9;2148.1;2087;2100.1;2107.4;2113.8;2258.5
21-01-00 04:00;1765.6;1868.7;1907.2;1922;1974.7;2023;2056.8;2151.1;2134.6;2074.4;2087.4;2094.6;2100.9;2243.5
21-01-00 05:00;1756.3;1859.2;1896.9;1911.5;1963.8;2011.4;2044.7;2137.4;2121.3;2062.1;2074.9;2081.9;2088.2;2228.6
21-01-00 06:00;1746.8;1849.7;1886.7;1901.2;1953.1;2000.1;2032.8;2124;2108.2;2049.9;2062.6;2069.5;2075.6;2214
21-01-00 07:00;1737.2;1840.2;1876.8;1891.2;1942.7;1989;2021.2;2110.8;2095.3;2038;2050.5;2057.4;2063.4;2199.5
21-01-00 08:00;1727.5;1830.6;1867;1881.3;1932.6;1978.2;2009.9;2097.8;2082.7;2026.4;2038.8;2045.5;2051.4;2185.1
21-01-00 09:00;1717.5;1821;1857.2;1871.5;1922.6;1967.7;1998.9;2085.1;2070.2;2015.1;2027.2;2033.8;2039.6;2171
21-01-00 10:00;1707.4;1811.3;1847.4;1861.7;1912.7;1957.3;1988.6;2072.5;2058;2004.9;2016.8;2023;2028.5;2157
21-01-00 11:00;1697.3;1801.4;1837.6;1851.9;1902.9;1947.8;1978.9;2060.6;2046.7;1995.1;2007;2013;2018.3;2143.3
21-01-00 12:00;1687.1;1791.4;1827.7;1842;1893.3;1937.9;1968.8;2049;2035.6;1984.9;1996.6;2002.6;2007.8;2129.8
21-01-00 13:00;1676.6;1781.5;1817.7;1832.1;1883.7;1927.3;1958.2;2037.6;2024.5;1974.3;1986;1992;1997.1;2116.7
21-01-00 14:00;1665.3;1771.5;1807.6;1822.1;1874;1917;1947.7;2026.2;2013.4;1963.5;1975.2;1981.1;1986.2;2103.9
21-01-00 15:00;1653.5;1761.4;1797.6;1812.1;1864.1;1906.9;1937.3;2014.9;2002.2;1952.8;1964.4;1970.3;1975.4;2091.3
21-01-00 16:00;1641.4;1751.2;1787.6;1802.1;1854.3;1896.9;1927.1;2003.6;1991.1;1942.1;1953.7;1959.5;1964.5;2078.9
21-01-00 17:00;1629.1;1740.9;1777.5;1792;1844.3;1887;1916.8;1992.3;1980;1931.5;1943;1948.7;1953.7;2066.6
21-01-00 18:00;1616.5;1730.3;1767.4;1781.9;1834.3;1876.8;1906;1981.1;1969;1920.6;1932.2;1938;1942.9;2054.4
21-01-00 19:00;1604;1719.4;1757.1;1771.7;1824.3;1866.4;1895.3;1969.9;1957.9;1909.3;1921.1;1926.9;1931.9;2042.3
21-01-00 20:00;1591.6;1708.4;1746.8;1761.4;1814.2;1855.7;1883.3;1958.6;1946.5;1897.1;1908.9;1914.8;1919.9;2030.3
21-01-00 21:00;1579.2;1697.1;1736.2;1750.9;1803.7;1845.1;1871.4;1946.9;1934.8;1885.1;1896.9;1902.9;1908.1;2018.3
21-01-00 22:00;1567.1;1685.8;1725.5;1740.3;1793.1;1834.3;1859.8;1935.2;1923;1873.3;1885.2;1891.1;1896.3;2006.4
21-01-00 23:00;1555.3;1674.5;1714.7;1729.6;1782.6;1823.5;1848.6;1923.4;1911.2;1861.8;1873.6;1879.5;1884.7;1994.4
22-01-00 00:00;1543.9;1663.9;1703.8;1718.7;1771.8;1810.8;1836.3;1911.8;1899.6;1849.9;1861.9;1867.9;1873.1;1982.4
22-01-00 01:00;1533;1653.1;1693.1;1708;1760.5;1797.9;1823.2;1900;1887.7;1836.9;1849.1;1855.2;1860.5;1970.4
22-01-00 02:00;1522.6;1642.2;1682.3;1697.2;1749.5;1786.5;1811.4;1887.8;1875.4;1824.7;1836.8;1842.9;1848.2;1958.4
22-01-00 03:00;1512.8;1631.4;1671.6;1686.5;1738.8;1775.4;1799.8;1875.7;1863.3;1812.8;1824.9;1831;1836.3;1946.4
22-01-00 04:00;1503.5;1620.8;1660.9;1675.8;1728.1;1764.2;1788.4;1863.8;1851.4;1801.2;1813.2;1819.3;1824.5;1934.8
22-01-00 05:00;1494.7;1610.3;1650.3;1665.2;1717.5;1753.3;1777.2;1852;1839.6;1789.8;1801.8;1807.8;1812.9;1923.1
22-01-00 06:00;1486.5;1600.1;1639.9;1654.8;1707;1742.5;1766.2;1840.4;1828.1;1778.5;1790.5;1796.4;1801.6;1911.1
22-01-00 07:00;1478.8;1590.3;1629.6;1644.5;1696.6;1731.9;1755.3;1828.9;1816.7;1767.4;1779.3;1785.2;1790.3;1899.1
22-01-00 08:00;1471.6;1580.8;1619.6;1634.4;1686.4;1721.3;1744.5;1817.5;1805.4;1756.4;1768.3;1774.2;1779.2;1887.2
22-01-00 09:00;1464.8;1571.7;1609.9;1624.6;1676.4;1710.9;1733.8;1806.3;1794.3;1745.5;1757.4;1763.2;1768.2;1875.5
22-01-00 10:00;1458.4;1562.9;1600.4;1615.1;1666.6;1700.7;1723.3;1795.1;1783.2;1735;1746.8;1752.5;1757.4;1863.8
22-01-00 11:00;1452;1554.5;1591.3;1605.9;1657.1;1691.1;1713.8;1784.2;1772.6;1725.5;1737.2;1742.8;1747.6;1852.3
22-01-00 12:00;1445.5;1546.5;1582.5;1597;1647.9;1681.7;1704.1;1773.7;1762.2;1715.5;1727.2;1732.7;1737.5;1841
22-01-00 13:00;1439.1;1538.7;1574;1588.4;1639;1672.3;1694.4;1763.2;1751.8;1705.6;1717.2;1722.7;1727.4;1829.9
22-01-00 14:00;1432.8;1531.2;1565.8;1580.1;1630.3;1663;1684.9;1752.9;1741.6;1695.8;1707.4;1712.8;1717.5;1819
22-01-00 15:00;1426.4;1523.9;1557.9;1572.1;1621.9;1654;1675.5;1742.7;1731.6;1686.2;1697.7;1703;1707.7;1808.3
22-01-00 16:00;1419.9;1516.8;1550.2;1564.3;1613.8;1645.2;1666.4;1732.7;1721.6;1676.8;1688.2;1693.5;1698;1797.7
22-01-00 17:00;1413.3;1509.8;1542.7;1556.8;1605.9;1636.6;1657.5;1722.8;1711.8;1667.5;1678.8;1684.1;1688.6;1787.3
22-01-00 18:00;1406.6;1503;1535.5;1549.5;1598.2;1628.2;1648.7;1713.1;1702.2;1658.5;1669.7;1674.8;1679.3;1777.2
22-01-00 19:00;1399.7;1496.3;1528.4;1542.3;1590.8;1620;1640.2;1703.4;1692.7;1649.6;1660.7;1665.8;1670.1;1767.1
22-01-00 20:00;1392.5;1489.6;1521.5;1535.3;1583.4;1612;1631.9;1694;1683.4;1641;1652;1656.9;1661.2;1757.2
22-01-00 21:00;1385.2;1482.9;1514.7;1528.4;1576.3;1604.2;1623.7;1684.7;1674.2;1632.5;1643.4;1648.3;1652.5;1747.3
22-01-00 22:00;1377.6;1476.3;1507.9;1521.6;1569.2;1596.4;1615.6;1675.6;1665.3;1624.2;1635;1639.8;1643.9;1737.7
22-01-00 23:00;1369.7;1469.6;1501.2;1514.9;1562.2;1588.8;1607.8;1666.7;1656.5;1616;1626.7;1631.4;1635.5;1728
23-01-00 00:00;1361.6;1462.9;1494.6;1508.2;1555.4;1581.4;1600;1658;1647.9;1608.1;1618.6;1623.3;1627.3;1718.1
23-01-00 01:00;1353.4;1456.1;1488;1501.5;1548.6;1574.1;1592.5;1649.4;1639.5;1600.3;1610.8;1615.3;1619.2;1708.4
23-01-00 02:00;1345;1449.2;1481.4;1494.9;1541.8;1566.9;1585.1;1641;1631.3;1592.7;1603.1;1607.5;1611.4;1699.1
23-01-00 03:00;1336.6;1442.2;1474.7;1488.2;1535.1;1559.7;1577.7;1632.8;1623.2;1585.1;1595.4;1599.9;1603.6;1689.9
23-01-00 04:00;1328.2;1435.2;1468;1481.5;1528.3;1552.7;1570.5;1624.7;1615.2;1577.7;1587.9;1592.3;1596;1681
23-01-00 05:00;1320;1428.1;1461.3;1474.7;1521.6;1545.6;1563.3;1616.7;1607.4;1570.4;1580.5;1584.8;1588.4;1672.3
23-01-00 06:00;1311.9;1421.1;1454.4;1467.9;1514.8;1538.6;1556.2;1608.8;1599.7;1563.1;1573.2;1577.4;1581;1663.7
23-01-00 07:00;1303.9;1414.1;1447.7;1461.1;1508;1531.6;1549;1601.1;1592;1555.8;1565.8;1570;1573.5;1655.3
23-01-00 08:00;1296.1;1407.1;1440.8;1454.3;1501.2;1524.6;1541.9;1593.4;1584.4;1548.5;1558.5;1562.6;1566.2;1647
23-01-00 09:00;1288.4;1400;1434;1447.4;1494.4;1517.6;1534.8;1585.8;1576.9;1541.3;1551.2;1555.3;1558.8;1638.8
23-01-00 10:00;1280.8;1393;1427.1;1440.5;1487.5;1510.6;1527.7;1578.3;1569.5;1534.1;1544;1548.1;1551.5;1630.8
23-01-00 11:00;1273.2;1386.1;1420.1;1433.6;1480.5;1503.6;1520.6;1570.8;1562;1526.9;1536.7;1540.8;1544.2;1622.9
23-01-00 12:00;1265.7;1379.2;1413.2;1426.6;1473.6;1496.6;1513.4;1563.3;1554.6;1519.6;1529.5;1533.5;1536.9;1615.1
23-01-00 13:00;1258.3;1372.3;1406.3;1419.6;1466.6;1489.5;1506.3;1555.9;1547.3;1512.4;1522.2;1526.3;1529.7;1607.5
23-01-00 14:00;1251;1365.4;1399.4;1412.6;1459.6;1482.4;1499.2;1548.5;1539.9;1505.2;1515;1519;1522.4;1599.9
23-01-00 15:00;1243.8;1358.5;1392.5;1405.7;1452.6;1475.4;1492.1;1541.2;1532.6;1498;1507.7;1511.7;1515.1;1592.2
23-01-00 16:00;1236.5;1351.6;1385.6;1398.8;1445.7;1468.4;1485;1533.8;1525.2;1490.8;1500.5;1504.5;1507.9;1584.6
23-01-00 17:00;1229.3;1344.7;1378.6;1391.8;1438.8;1461.4;1478;1526.4;1517.9;1483.7;1493.4;1497.3;1500.7;1577.3
23-01-00 18:00;1222;1337.9;1371.7;1384.9;1431.9;1454.4;1471;1519.1;1510.6;1476.6;1486.2;1490.2;1493.5;1569.9
23-01-00 19:00;1214.8;1331.1;1364.8;1378;1425;1447.6;1464.2;1511.9;1503.4;1469.9;1479.5;1483.3;1486.6;1562.8
23-01-00 20:00;1207.5;1324.8;1358;1371.1;1418.3;1440.8;1457.4;1504.7;1496.4;1463;1472.6;1476.4;1479.7;1555.7
23-01-00 21:00;1200.4;1318.6;1351.3;1364.4;1411.5;1434.1;1450.6;1497.7;1489.3;1456.2;1465.7;1469.5;1472.7;1548.6
23-01-00 22:00;1193.4;1312.4;1344.8;1357.9;1404.8;1427.3;1443.8;1490.6;1482.3;1449.3;1458.8;1462.6;1465.8;1541.6
23-01-00 23:00;1186.5;1306.1;1338.4;1351.4;1398.3;1420.7;1437.1;1483.5;1475.3;1442.4;1451.9;1455.7;1458.8;1534.7
24-01-00 00:00;1179.6;1299.9;1332;1345;1391.8;1414.1;1430.4;1476.5;1468.3;1435.7;1445.1;1448.8;1452;1527.8
24-01-00 01:00;1172.8;1293.2;1325.7;1338.7;1385.4;1407.5;1423.8;1469.5;1461.3;1428.9;1438.3;1442;1445.2;1521
24-01-00 02:00;1166;1286.4;1319.3;1332.3;1379;1401;1417.2;1462.6;1454.4;1422.3;1431.6;1435.3;1438.4;1514.2
24-01-00 03:00;1159.2;1279.8;1312.7;1325.8;1372.5;1394.5;1410.6;1455.7;1447.6;1415.6;1424.9;1428.6;1431.7;1507.5
24-01-00 04:00;1152.4;1273.2;1306.3;1319.3;1366.1;1388;1404.1;1448.8;1440.8;1409;1418.2;1421.9;1424.9;1500.8
24-01-00 05:00;1145.7;1266.7;1299.8;1312.9;1359.6;1381.5;1397.6;1442;1434;1402.4;1411.5;1415.2;1418.2;1494.1
24-01-00 06:00;1139.1;1260.3;1293.3;1306.4;1353.1;1375;1391;1435.2;1427.2;1395.7;1404.8;1408.5;1411.5;1487.5
24-01-00 07:00;1132.5;1253.8;1286.9;1300;1346.7;1368.6;1384.5;1428.4;1420.4;1389.1;1398.2;1401.8;1404.8;1481
24-01-00 08:00;1125.9;1247.3;1280.5;1293.6;1340.3;1362.1;1378;1421.6;1413.6;1382.5;1391.5;1395.1;1398.1;1474.3
24-01-00 09:00;1119.5;1240.9;1274.1;1287.2;1333.9;1355.6;1371.5;1415;1407;1375.9;1384.9;1388.5;1391.5;1467.7
24-01-00 10:00;1113.2;1234.4;1267.7;1280.8;1327.6;1349.2;1365;1408.3;1400.3;1369.4;1378.3;1381.9;1384.8;1461.1
24-01-00 11:00;1107.1;1228.1;1261.3;1274.4;1321.2;1342.8;1358.6;1401.6;1393.6;1362.8;1371.7;1375.3;1378.2;1454.7
24-01-00 12:00;1101.1;1221.7;1254.9;1268;1314.8;1336.4;1352.1;1394.9;1386.9;1356.3;1365.1;1368.7;1371.6;1448.2
24-01-00 13:00;1095;1215.4;1248.5;1261.7;1308.5;1330;1345.6;1388.3;1380.3;1349.7;1358.5;1362.1;1365;1441.8
24-01-00 14:00;1088.9;1209.2;1242.2;1255.4;1302.1;1323.6;1339.2;1381.6;1373.6;1343.2;1351.9;1355.5;1358.4;1435.4
24-01-00 15:00;1082.9;1203;1235.9;1249.1;1295.8;1317.2;1332.7;1374.9;1366.9;1336.7;1345.3;1348.9;1351.8;1429
24-01-00 16:00;1076.8;1196.8;1229.7;1242.9;1289.5;1310.8;1326.2;1368.2;1360.2;1330.1;1338.8;1342.3;1345.2;1422.6
24-01-00 17:00;1070.9;1190.1;1223.4;1236.6;1283.3;1304.4;1319.8;1361.6;1353.5;1323.6;1332.2;1335.7;1338.6;1416.3
24-01-00 18:00;1065;1183.4;1217;1230.3;1277;1298;1313.3;1354.9;1346.9;1317.1;1325.6;1329.1;1332;1409.9
24-01-00 19:00;1059.2;1176.8;1210.6;1223.9;1270.7;1291.7;1306.9;1348.3;1340.2;1310.5;1319.1;1322.6;1325.4;1403.6
24-01-00 20:00;1053.6;1170.3;1204.1;1217.5;1264.3;1285.2;1300.4;1341.6;1333.6;1304;1312.5;1316;1318.8;1397.2
24-01-00 21:00;1048.1;1163.9;1197.7;1211.1;1257.9;1278.8;1293.9;1335;1326.9;1297.5;1305.9;1309.4;1312.2;1390.8
24-01-00 22:00;1042.9;1157.6;1191.3;1204.7;1251.5;1272.4;1287.4;1328.3;1320.3;1290.9;1299.3;1302.7;1305.6;1384.4
24-01-00 23:00;1037.8;1151.4;1184.9;1198.3;1245.2;1265.9;1280.8;1321.7;1313.6;1284.2;1292.6;1296.1;1298.9;1378
25-01-00 00:00;1032.7;1145.3;1178.6;1192;1238.8;1259.4;1274.3;1315;1306.9;1277.6;1286;1289.4;1292.2;1371.6
25-01-00 01:00;1027.8;1139.3;1172.4;1185.8;1232.5;1252.9;1267.8;1308.3;1300.2;1271;1279.3;1282.8;1285.5;1365.2
25-01-00 02:00;1023;1133.4;1166.4;1179.7;1226.2;1246.5;1261.2;1301.7;1293.5;1264.4;1272.7;1276.1;1278.9;1358.9
25-01-00 03:00;1018.3;1127.7;1160.4;1173.7;1220;1240;1254.7;1295;1286.8;1257.8;1266.1;1269.5;1272.2;1352.5
25-01-00 04:00;1013.7;1122.1;1154.5;1167.7;1213.8;1233.7;1248.2;1288.4;1280.2;1251.3;1259.5;1262.9;1265.6;1346.1
25-01-00 05:00;1009.2;1116.5;1148.7;1161.9;1207.7;1227.3;1241.8;1281.8;1273.5;1244.8;1252.9;1256.3;1259;1339.7
25-01-00 06:00;1004.9;1111;1142.9;1156.1;1201.7;1221.1;1235.4;1275.2;1267;1238.3;1246.4;1249.8;1252.5;1333.3
25-01-00 07:00;1000.5;1105.7;1137.3;1150.5;1195.8;1214.9;1229.1;1268.7;1260.4;1231.9;1240;1243.3;1246;1327
25-01-00 08:00;996.3;1100.4;1131.8;1144.9;1190;1208.8;1222.9;1262.3;1254;1225.6;1233.7;1237;1239.6;1320.7
25-01-00 09:00;992.15;1095.1;1126.3;1139.4;1184.2;1202.8;1216.8;1256;1247.6;1219.4;1227.4;1230.7;1233.3;1314.4
25-01-00 10:00;988.06;1089.9;1120.9;1134;1178.6;1196.9;1210.8;1249.6;1241.3;1213.3;1221.3;1224.5;1227.1;1308.1
25-01-00 11:00;984.01;1084.8;1115.6;1128.6;1173;1191;1204.8;1243.4;1235.1;1207.3;1215.2;1218.4;1221;1301.8
25-01-00 12:00;979.96;1079.8;1110.4;1123.3;1167.5;1185.3;1199;1237.3;1229;1201.4;1209.2;1212.4;1214.9;1295.6
25-01-00 13:00;975.9;1074.8;1105.2;1118.1;1162;1179.6;1193.2;1231.3;1222.9;1195.6;1203.3;1206.4;1209;1289.3
25-01-00 14:00;971.85;1069.9;1100.1;1113;1156.6;1174;1187.5;1225.3;1217;1189.8;1197.5;1200.6;1203.1;1283.2
25-01-00 15:00;967.78;1065.1;1095;1107.9;1151.3;1168.5;1181.9;1219.4;1211.1;1184.1;1191.8;1194.8;1197.3;1277.1
25-01-00 16:00;963.72;1060.2;1090.1;1102.9;1146.1;1163.1;1176.4;1213.6;1205.3;1178.6;1186.2;1189.2;1191.6;1271
25-01-00 17:00;959.64;1055.4;1085.2;1097.9;1141;1157.7;1170.9;1207.9;1199.6;1173.1;1180.7;1183.6;1186;1265
25-01-00 18:00;955.45;1050.5;1080.3;1093;1135.9;1152.4;1165.6;1202.2;1194;1167.6;1175.2;1178.1;1180.5;1259
25-01-00 19:00;951.24;1045.7;1075.4;1088.1;1130.8;1147.2;1160.3;1196.6;1188.4;1162.3;1169.8;1172.7;1175;1253
25-01-00 20:00;947.02;1040.9;1070.6;1083.3;1125.8;1142.1;1155;1191.1;1182.9;1157;1164.5;1167.3;1169.6;1247.1
25-01-00 21:00;942.79;1036.2;1065.8;1078.5;1120.9;1137;1149.9;1185.7;1177.5;1151.8;1159.2;1162;1164.3;1241.2
25-01-00 22:00;938.54;1031.4;1061;1073.7;1115.9;1131.9;1144.8;1180.4;1172.2;1146.7;1154.1;1156.8;1159.1;1235.4
25-01-00 23:00;934.26;1026.7;1056.2;1068.9;1111.1;1126.9;1139.7;1175.1;1166.9;1141.6;1148.9;1151.7;1153.9;1229.6
26-01-00 00:00;929.96;1022;1051.5;1064.2;1106.3;1122;1134.7;1169.9;1161.7;1136.5;1143.9;1146.6;1148.8;1223.9
26-01-00 01:00;925.62;1017.4;1046.9;1059.5;1101.5;1117.1;1129.8;1164.8;1156.6;1131.5;1138.9;1141.5;1143.7;1218.3
26-01-00 02:00;921.27;1012.7;1042.2;1054.9;1096.7;1112.2;1124.9;1159.7;1151.5;1126.6;1133.9;1136.5;1138.7;1212.7
26-01-00 03:00;916.92;1008.2;1037.6;1050.2;1092;1107.4;1120;1154.7;1146.5;1121.7;1129;1131.6;1133.7;1207.2
26-01-00 04:00;912.61;1003.6;1033;1045.6;1087.3;1102.6;1115.2;1149.7;1141.6;1116.9;1124.1;1126.7;1128.8;1201.7
26-01-00 05:00;908.34;999.05;1028.5;1041.1;1082.6;1097.9;1110.4;1144.8;1136.6;1112;1119.2;1121.8;1123.9;1196.3
26-01-00 06:00;904.14;994.5;1024;1036.6;1078;1093.2;1105.5;1139.9;1131.7;1107.1;1114.3;1116.8;1118.9;1190.9
26-01-00 07:00;900;989.74;1019.5;1032.1;1073.4;1088.5;1100.8;1135.1;1126.8;1102.3;1109.5;1112;1114.1;1185.6
26-01-00 08:00;895.93;985.08;1014.9;1027.6;1068.9;1083.9;1096.1;1130.3;1122;1097.7;1104.8;1107.3;1109.3;1180.4
26-01-00 09:00;891.91;980.47;1010.4;1023;1064.4;1079.3;1091.5;1125.6;1117.2;1093;1100.1;1102.6;1104.6;1175.2
26-01-00 10:00;887.95;975.85;1005.9;1018.5;1059.8;1074.8;1087;1120.9;1112.6;1088.4;1095.5;1097.9;1100;1170.1
26-01-00 11:00;884.03;971.31;1001.4;1014;1055.3;1070.2;1082.4;1116.2;1107.9;1083.8;1090.9;1093.3;1095.3;1165
26-01-00 12:00;880.14;966.81;996.91;1009.6;1050.8;1065.7;1077.8;1111.6;1103.3;1079.3;1086.3;1088.7;1090.7;1159.9
26-01-00 13:00;876.28;962.35;992.49;1005.1;1046.3;1061.1;1073.3;1107;1098.6;1074.7;1081.7;1084.1;1086.1;1154.9
26-01-00 14:00;872.41;957.94;988.09;1000.7;1041.8;1056.6;1068.7;1102.4;1094;1070.1;1077.1;1079.5;1081.4;1150
26-01-00 15:00;868.54;953.57;983.72;996.34;1037.4;1052.2;1064.3;1097.9;1089.5;1065.6;1072.6;1075;1076.9;1145.1
26-01-00 16:00;864.67;949.23;979.39;991.99;1033;1047.7;1059.8;1093.3;1084.9;1061.1;1068.1;1070.4;1072.4;1140.2
26-01-00 17:00;860.8;944.91;975.08;987.67;1028.6;1043.3;1055.4;1088.8;1080.4;1056.7;1063.7;1066;1067.9;1135.3
26-01-00 18:00;856.93;940.62;970.8;983.38;1024.3;1038.9;1051;1084.3;1075.9;1052.3;1059.3;1061.5;1063.4;1130.5
26-01-00 19:00;853.05;936.35;966.54;979.1;1019.9;1034.5;1046.6;1079.8;1071.4;1047.9;1054.8;1057.1;1059;1125.7
26-01-00 20:00;849.18;932.09;962.31;974.85;1015.6;1030.2;1042.2;1075.4;1067;1043.5;1050.5;1052.7;1054.5;1121
26-01-00 21:00;845.32;927.86;958.1;970.63;1011.4;1025.9;1037.9;1071;1062.6;1039.2;1046.1;1048.4;1050.2;1116.2
26-01-00 22:00;841.46;923.64;953.91;966.42;1007.1;1021.7;1033.6;1066.7;1058.3;1034.9;1041.8;1044.1;1045.8;1111.5
26-01-00 23:00;837.61;919.45;949.77;962.25;1002.9;1017.4;1029.4;1062.3;1053.9;1030.6;1037.6;1039.8;1041.5;1106.9
27-01-00 00:00;833.72;915.28;945.65;958.12;998.72;1013.2;1025.1;1058;1049.7;1026.4;1033.3;1035.5;1037.3;1102.2
27-01-00 01:00;829.8;911.12;941.58;954.04;994.57;1009;1020.9;1053.8;1045.4;1022.2;1029.1;1031.3;1033;1097.6
27-01-00 02:00;825.89;906.97;937.52;949.97;990.45;1004.8;1016.7;1049.5;1041.2;1018;1024.9;1027.1;1028.8;1093
27-01-00 03:00;822.04;902.83;933.47;945.91;986.35;1000.7;1012.6;1045.3;1037;1013.8;1020.7;1022.9;1024.6;1088.5
27-01-00 04:00;818.3;898.69;929.42;941.86;982.27;996.56;1008.5;1041.2;1032.8;1009.7;1016.6;1018.7;1020.4;1084
27-01-00 05:00;814.67;894.54;925.4;937.83;978.21;992.46;1004.3;1037;1028.7;1005.6;1012.5;1014.6;1016.3;1079.5
27-01-00 06:00;811.15;890.42;921.39;933.82;974.17;988.39;1000.3;1032.8;1024.5;1001.5;1008.4;1010.5;1012.2;1075.1
27-01-00 07:00;807.73;886.36;917.39;929.81;970.15;984.33;996.2;1028.7;1020.4;997.41;1004.3;1006.4;1008.1;1070.6
27-01-00 08:00;804.41;882.36;913.41;925.83;966.14;980.29;992.15;1024.6;1016.3;993.36;1000.3;1002.4;1004;1066.2
27-01-00 09:00;801.18;878.43;909.46;921.87;962.16;976.27;988.12;1020.6;1012.3;989.34;996.22;998.34;999.94;1061.9
27-01-00 10:00;798.04;874.56;905.55;917.94;958.2;972.28;984.12;1016.5;1008.3;985.33;992.21;994.32;995.91;1057.6
27-01-00 11:00;794.98;870.77;901.68;914.06;954.28;968.31;980.14;1012.5;1004.3;981.35;988.23;990.33;991.9;1053.3
27-01-00 12:00;791.97;867.06;897.86;910.22;950.38;964.37;976.19;1008.5;1000.3;977.4;984.28;986.37;987.92;1049
27-01-00 13:00;789.01;863.4;894.1;906.44;946.53;960.46;972.27;1004.6;996.37;973.47;980.35;982.43;983.97;1044.8
27-01-00 14:00;786.09;859.81;890.38;902.7;942.72;956.59;968.38;1000.7;992.47;969.58;976.45;978.52;980.05;1040.6
27-01-00 15:00;783.2;856.27;886.7;899;938.97;952.75;964.53;996.84;988.6;965.72;972.59;974.65;976.16;1036.4
27-01-00 16:00;780.35;852.82;883.07;895.35;935.25;948.96;960.72;993;984.75;961.91;968.76;970.81;972.31;1032.3
27-01-00 17:00;777.53;849.48;879.51;891.75;931.57;945.21;956.95;989.18;980.94;958.13;964.98;967.01;968.5;1028.2
27-01-00 18:00;774.76;846.16;876;888.21;927.94;941.5;953.21;985.4;977.16;954.39;961.23;963.25;964.72;1024.1
27-01-00 19:00;772;842.89;872.54;884.72;924.36;937.83;949.52;981.63;973.42;950.69;957.52;959.53;960.98;1020
27-01-00 20:00;769.26;839.66;869.13;881.28;920.82;934.21;945.88;977.87;969.69;947.04;953.86;955.85;957.29;1016
27-01-00 21:00;766.54;836.46;865.79;877.91;917.34;930.63;942.27;974.16;966;943.43;950.24;952.22;953.63;1012
27-01-00 22:00;763.84;833.3;862.52;874.59;913.91;927.1;938.71;970.49;962.36;939.86;946.66;948.62;950.02;1008
27-01-00 23:00;761.14;830.18;859.28;871.33;910.54;923.62;935.21;966.86;958.75;936.35;943.14;945.08;946.46;1004
28-01-00 00:00;758.44;827.09;856.09;868.11;907.22;920.2;931.75;963.23;955.19;932.89;939.66;941.59;942.96;1000.1
28-01-00 01:00;755.76;824.01;852.94;864.94;903.95;916.82;928.36;959.63;951.65;929.49;936.26;938.18;939.52;996.16
28-01-00 02:00;753.09;820.95;849.82;861.8;900.73;913.5;925.02;956.11;948.17;926.14;932.91;934.8;936.13;992.3
28-01-00 03:00;750.49;817.91;846.72;858.68;897.56;910.24;921.73;952.64;944.75;922.84;929.59;931.47;932.78;988.46
28-01-00 04:00;747.96;814.89;843.64;855.59;894.42;907.01;918.48;949.22;941.37;919.58;926.32;928.18;929.47;984.67
28-01-00 05:00;745.52;811.91;840.6;852.52;891.29;903.82;915.27;945.84;938.03;916.37;923.1;924.94;926.21;980.91
28-01-00 06:00;743.14;808.98;837.58;849.49;888.19;900.65;912.09;942.51;934.74;913.19;919.91;921.73;922.99;977.18
28-01-00 07:00;740.82;806.11;834.6;846.49;885.12;897.52;908.94;939.22;931.49;910.03;916.74;918.55;919.8;973.5
28-01-00 08:00;738.57;803.29;831.65;843.52;882.09;894.42;905.83;935.91;928.26;906.91;913.62;915.41;916.64;969.85
28-01-00 09:00;736.34;800.54;828.75;840.59;879.09;891.36;902.75;932.67;925.06;903.83;910.52;912.3;913.52;966.22
28-01-00 10:00;734.15;797.84;825.9;837.71;876.14;888.33;899.7;929.47;921.9;900.77;907.46;909.23;910.43;962.64
28-01-00 11:00;731.98;795.19;823.09;834.88;873.23;885.35;896.69;926.3;918.78;897.76;904.44;906.18;907.37;959.11
28-01-00 12:00;729.82;792.58;820.32;832.09;870.36;882.4;893.72;923.19;915.72;894.78;901.45;903.18;904.36;955.61
28-01-00 13:00;727.66;790.02;817.6;829.34;867.52;879.49;890.79;920.12;912.69;891.84;898.5;900.22;901.38;952.17
28-01-00 14:00;725.49;787.49;814.92;826.63;864.73;876.62;887.9;917.09;909.68;888.94;895.58;897.29;898.44;948.77
28-01-00 15:00;723.33;785;812.27;823.95;861.98;873.79;885.04;914.09;906.71;886.07;892.7;894.4;895.53;945.41
28-01-00 16:00;721.1;782.52;809.66;821.32;859.27;870.99;882.22;911.12;903.77;883.25;889.86;891.54;892.66;942.08
28-01-00 17:00;718.97;780.06;807.08;818.71;856.6;868.24;879.44;908.19;900.88;880.46;887.06;888.73;889.84;938.79
28-01-00 18:00;716.88;777.63;804.53;816.15;853.97;865.53;876.71;905.29;898.02;877.71;884.3;885.95;887.05;935.54
28-01-00 19:00;714.81;775.24;802.02;813.62;851.37;862.86;874.01;902.43;895.19;875.01;881.59;883.22;884.3;932.32
28-01-00 20:00;712.76;772.88;799.55;811.12;848.79;860.23;871.35;899.61;892.41;872.34;878.91;880.53;881.59;929.15
28-01-00 21:00;710.73;770.55;797.11;808.66;846.26;857.62;868.72;896.83;889.67;869.7;876.26;877.86;878.92;925.99
28-01-00 22:00;708.7;768.24;794.71;806.23;843.76;855.05;866.13;894.08;886.96;867.1;873.65;875.24;876.28;922.86
28-01-00 23:00;706.68;765.98;792.33;803.83;841.29;852.51;863.57;891.37;884.3;864.53;871.07;872.65;873.68;919.78
29-01-00 00:00;704.66;763.75;789.98;801.46;838.85;850;861.04;888.7;881.66;862;868.52;870.09;871.12;916.74
29-01-00 01:00;702.65;761.54;787.66;799.11;836.44;847.53;858.55;886.06;879.07;859.5;866.01;867.57;868.59;913.74
29-01-00 02:00;700.64;759.35;785.37;796.79;834.06;845.08;856.09;883.47;876.51;857.03;863.54;865.09;866.09;910.79
29-01-00 03:00;698.63;757.19;783.1;794.5;831.7;842.67;853.65;880.91;874;854.59;861.09;862.63;863.63;907.88
29-01-00 04:00;696.6;755.04;780.86;792.24;829.37;840.29;851.25;878.4;871.54;852.19;858.68;860.22;861.21;905
29-01-00 05:00;694.57;752.9;778.66;790;827.08;837.93;848.89;875.92;869.09;849.81;856.3;857.83;858.81;902.17
29-01-00 06:00;692.54;750.76;776.46;787.79;824.81;835.61;846.55;873.47;866.68;847.47;853.95;855.47;856.45;899.38
29-01-00 07:00;690.51;748.63;774.28;785.59;822.56;833.32;844.24;871.05;864.3;845.16;851.64;853.15;854.12;896.63
29-01-00 08:00;688.47;746.52;772.12;783.41;820.34;831.06;841.98;868.67;861.95;842.89;849.36;850.87;851.83;893.92
29-01-00 09:00;686.44;744.42;769.98;781.25;818.14;828.84;839.73;866.32;859.64;840.65;847.11;848.61;849.57;891.25
29-01-00 10:00;684.4;742.33;767.86;779.11;815.97;826.63;837.52;864;857.36;838.43;844.88;846.38;847.33;888.61
29-01-00 11:00;682.37;740.24;765.76;777;813.81;824.44;835.33;861.72;855.11;836.23;842.69;844.18;845.13;886.02
29-01-00 12:00;680.33;738.15;763.67;774.9;811.68;822.28;833.16;859.46;852.9;834.06;840.51;842;842.94;883.47
29-01-00 13:00;678.3;736.08;761.61;772.82;809.58;820.15;831.02;857.23;850.71;831.92;838.36;839.85;840.79;880.96
29-01-00 14:00;676.28;734.01;759.56;770.75;807.49;818.05;828.91;855.04;848.55;829.81;836.25;837.73;838.67;878.48
29-01-00 15:00;674.25;731.96;757.52;768.7;805.42;815.96;826.82;852.87;846.42;827.72;834.16;835.64;836.57;876.05
29-01-00 16:00;672.23;729.91;755.41;766.62;803.36;813.89;824.75;850.75;844.33;825.64;832.09;833.56;834.49;873.65
29-01-00 17:00;670.22;727.85;753.31;764.51;801.3;811.82;822.68;848.65;842.26;823.58;830.03;831.51;832.43;871.29
29-01-00 18:00;668.21;725.8;751.23;762.42;799.23;809.76;820.63;846.58;840.21;821.53;827.98;829.46;830.39;868.96
29-01-00 19:00;666.19;723.76;749.16;760.34;797.17;807.71;818.59;844.5;838.18;819.49;825.94;827.43;828.36;866.67
29-01-00 20:00;664.19;721.71;747.11;758.28;795.12;805.67;816.56;842.44;836.17;817.46;823.92;825.41;826.34;864.42
29-01-00 21:00;662.18;719.68;745.06;756.22;793.08;803.65;814.54;840.42;834.17;815.44;821.91;823.41;824.34;862.19
29-01-00 22:00;660.18;717.65;743.01;754.18;791.05;801.63;812.53;838.41;832.19;813.44;819.91;821.42;822.35;859.99
29-01-00 23:00;658.17;715.63;740.98;752.13;789.02;799.63;810.53;836.42;830.22;811.45;817.93;819.43;820.37;857.82
30-01-00 00:00;656.17;713.62;738.95;750.1;787.01;797.63;808.55;834.45;828.27;809.46;815.95;817.46;818.4;855.68
30-01-00 01:00;654.18;711.6;736.93;748.07;785;795.64;806.58;832.49;826.33;807.5;813.99;815.51;816.45;853.56
30-01-00 02:00;652.27;709.59;734.91;746.04;783;793.67;804.62;830.55;824.41;805.54;812.04;813.57;814.51;851.47
30-01-00 03:00;650.57;707.58;732.89;744.02;781;791.7;802.66;828.62;822.5;803.59;810.09;811.63;812.57;849.4
30-01-00 04:00;649.04;705.63;730.86;741.99;779.01;789.74;800.71;826.71;820.6;801.64;808.16;809.7;810.65;847.35
30-01-00 05:00;647.65;703.76;728.85;739.97;777.03;787.79;798.77;824.82;818.72;799.71;806.23;807.79;808.74;845.32
30-01-00 06:00;646.38;701.98;726.85;737.96;775.04;785.84;796.84;822.93;816.85;797.79;804.32;805.88;806.84;843.31
30-01-00 07:00;645.2;700.28;724.89;735.98;773.07;783.9;794.92;821.07;814.99;795.87;802.41;803.99;804.95;841.32
30-01-00 08:00;644.1;698.67;722.96;734.03;771.12;781.97;793.01;819.22;813.15;793.96;800.52;802.1;803.06;839.35
30-01-00 09:00;643.06;697.13;721.07;732.12;769.18;780.06;791.1;817.38;811.32;792.06;798.63;800.23;801.19;837.4
30-01-00 10:00;642.08;695.66;719.24;730.25;767.27;778.16;789.22;815.55;809.5;790.18;796.76;798.36;799.34;835.46
30-01-00 11:00;641.15;694.26;717.45;728.43;765.39;776.27;787.35;813.73;807.69;788.31;794.9;796.52;797.49;833.54
30-01-00 12:00;640.26;692.92;715.7;726.65;763.54;774.42;785.5;811.93;805.89;786.47;793.06;794.69;795.66;831.64
30-01-00 13:00;639.42;691.62;714;724.92;761.72;772.59;783.67;810.14;804.1;784.64;791.25;792.88;793.86;829.75
30-01-00 14:00;638.6;690.38;712.34;723.22;759.95;770.78;781.87;808.36;802.34;782.84;789.45;791.09;792.07;827.87
30-01-00 15:00;637.82;689.15;710.72;721.57;758.2;769;780.1;806.59;800.58;781.07;787.69;789.33;790.31;826.02
30-01-00 16:00;637.05;687.96;709.15;719.97;756.49;767.24;778.34;804.85;798.85;779.32;785.94;787.59;788.57;824.18
30-01-00 17:00;636.31;686.8;707.63;718.4;754.82;765.52;776.62;803.12;797.14;777.59;784.22;785.87;786.86;822.36
30-01-00 18:00;635.58;685.68;706.16;716.89;753.19;763.84;774.93;801.41;795.45;775.9;782.53;784.19;785.18;820.56
30-01-00 19:00;634.86;684.6;704.73;715.42;751.6;762.2;773.28;799.72;793.79;774.25;780.88;782.54;783.53;818.77
30-01-00 20:00;634.16;683.57;703.25;713.93;750.04;760.59;771.66;798.05;792.16;772.63;779.26;780.93;781.92;816.99
30-01-00 21:00;633.48;682.55;701.82;712.46;748.51;759.02;770.08;796.4;790.54;771.05;777.68;779.34;780.33;815.23
30-01-00 22:00;632.82;681.56;700.45;711.05;746.99;757.47;768.52;794.78;788.95;769.49;776.12;777.78;778.76;813.48
30-01-00 23:00;632.17;680.59;699.12;709.68;745.51;755.95;766.99;793.17;787.38;767.96;774.59;776.24;777.23;811.75
31-01-00 00:00;631.53;679.65;697.83;708.36;744.07;754.45;765.49;791.59;785.83;766.45;773.08;774.74;775.71;810.03
