Time [yyyy-MM-dd HH:mm:ss],Water level at (Waal3_B_B_A_A_ 14276_89) [m AD],Water level at (Waal3_B_B_A_B_ 434_885) [m AD],Water level at (Waal4_A_B_ 2436_3) [m AD],Water level at (Waal5_A_ 5200_192) [m AD],Water level at (Waal5_B_A_ 5567_768) [m AD],Water level at (Waal5_B_B_A_B_ 6363_314) [m AD],Water level at (Waal5_B_B_B_A_ 5601_266) [m AD],Water level at (Waal6_B_A_ 1057_043) [m AD],Water level at (Waal6_B_B_A_ 973_946) [m AD],Water level at (Waal6_A_ 2734_108) [m AD],Water level at (Waal6_B_B_B_A_ 479_153) [m AD],Water level at (Waal6_B_B_B_B_A_ 1993_346) [m AD]
1999-12-27 00:00:00,3_9931,4_1946,1_7756,-2_4958,-3_1972,-4_1086,-5_418,-5_9504,-6_539,-5_7388,-7_0601,-7_4248
1999-12-27 01:00:00,4_4663,4_2729,2_05,-1_3342,-2_7612,-4_3993,-4_3059,-0_97539,-0_63566,-1_4375,-0_46036,0_052953
1999-12-27 02:00:00,4_477,4_3006,2_3131,-1_0057,-2_1822,-3_1099,-1_071,-0_22605,-0_099285,-0_38396,-0_031117,0_18594
1999-12-27 03:00:00,4_493,4_3231,2_4772,-0_67195,-1_6895,-1_0161,-0_15887,0_12181,0_16231,0_072318,0_18464,0_25793
1999-12-27 04:00:00,4_5262,4_3592,2_593,-0_24696,-0_50398,-0_16118,0_16423,0_25192,0_2626,0_23823,0_26854,0_28716
1999-12-27 05:00:00,4_5788,4_4112,2_6868,0_4755,0_35038,0_28965,0_30431,0_30143,0_30038,0_30232,0_30009,0_29804
1999-12-27 06:00:00,4_6616,4_4893,2_7862,0_93682,0_72767,0_54533,0_45506,0_37433,0_36174,0_38985,0_3562,0_34063
1999-12-27 07:00:00,4_7833,4_6035,2_9038,1_1413,0_86233,0_59743,0_51876,0_49673,0_49385,0_50028,0_49236,0_48725
1999-12-27 08:00:00,4_9485,4_7598,3_032,1_2754,0_98055,0_68605,0_58413,0_55504,0_55141,0_55956,0_54952,0_54306
1999-12-27 09:00:00,5_1527,4_9555,3_175,1_3993,1_087,0_75827,0_63796,0_60293,0_59859,0_60836,0_59631,0_58862
1999-12-27 10:00:00,5_3851,5_1815,3_341,1_5174,1_1852,0_82286,0_68479,0_64389,0_63883,0_65023,0_63617,0_62721
1999-12-27 11:00:00,5_633,5_426,3_5317,1_6381,1_2818,0_88403,0_72777,0_6808,0_67498,0_68808,0_67192,0_66161
1999-12-27 12:00:00,5_8857,5_6785,3_7419,1_7675,1_3828,0_94568,0_7697,0_71615,0_70951,0_72447,0_70602,0_69426
1999-12-27 13:00:00,6_1329,5_9277,3_9687,1_9084,1_4919,1_011,0_81304,0_75212,0_74456,0_7616,0_74058,0_72721
1999-12-27 14:00:00,6_3698,6_1681,4_2065,2_0623,1_6113,1_0823,0_85958,0_79032,0_78171,0_80111,0_77717,0_76195
1999-12-27 15:00:00,6_5928,6_3956,4_448,2_2282,1_7417,1_1609,0_91051,0_83177,0_82196,0_84405,0_8168,0_79947
1999-12-27 16:00:00,6_8004,6_608,4_6861,2_4052,1_8828,1_2474,0_9665,0_87707,0_8659,0_89104,0_86002,0_84029
1999-12-27 17:00:00,6_9919,6_8043,4_9159,2_5895,2_0332,1_3419,1_028,0_92657,0_91386,0_94246,0_90717,0_88474
1999-12-27 18:00:00,7_1682,6_9854,5_1329,2_7753,2_189,1_4434,1_0947,0_98024,0_96583,0_99823,0_95824,0_9328
1999-12-27 19:00:00,7_3302,7_1519,5_3326,2_9581,2_3461,1_5494,1_1638,1_0319,1_0149,1_0529,1_006,0_97572
1999-12-27 20:00:00,7_4777,7_3035,5_5152,3_1351,2_5007,1_6525,1_2258,1_0761,1_0568,1_1001,1_0466,1_0119
1999-12-27 21:00:00,7_6111,7_4406,5_681,3_303,2_6491,1_7523,1_2858,1_1183,1_0965,1_1452,1_085,1_0459
1999-12-27 22:00:00,7_7318,7_5646,5_8303,3_4591,2_789,1_8492,1_3458,1_1589,1_1344,1_1892,1_1215,1_0777
1999-12-27 23:00:00,7_8406,7_6762,5_964,3_6029,2_9198,1_9439,1_4079,1_1998,1_1721,1_2341,1_1574,1_1075
1999-12-28 00:00:00,7_9388,7_7766,6_083,3_7343,3_041,2_035,1_4696,1_2405,1_2093,1_2788,1_1929,1_1365
1999-12-28 01:00:00,8_0278,7_8675,6_1898,3_8534,3_1521,2_1212,1_5296,1_2798,1_2452,1_3222,1_227,1_1641
1999-12-28 02:00:00,8_1087,7_9501,6_2865,3_9613,3_2535,2_2018,1_5871,1_3175,1_2795,1_3638,1_2595,1_1901
1999-12-28 03:00:00,8_1823,8_0252,6_3742,4_0593,3_3457,2_2767,1_6417,1_3531,1_3118,1_4034,1_2901,1_2144
1999-12-28 04:00:00,8_2497,8_0937,6_4537,4_1478,3_4275,2_3459,1_6932,1_3867,1_3423,1_4407,1_3188,1_2369
1999-12-28 05:00:00,8_3118,8_1567,6_5263,4_2266,3_4996,2_4091,1_7412,1_4181,1_3706,1_4756,1_3455,1_2576
1999-12-28 06:00:00,8_3691,8_2149,6_5931,4_2973,3_5641,2_4677,1_7859,1_4472,1_3968,1_508,1_3702,1_2766
1999-12-28 07:00:00,8_422,8_2687,6_6545,4_3604,3_6227,2_5219,1_8279,1_4744,1_4213,1_5385,1_3933,1_2943
1999-12-28 08:00:00,8_471,8_3186,6_7111,4_4188,3_6793,2_572,1_8673,1_5012,1_4458,1_5679,1_4166,1_3132
1999-12-28 09:00:00,8_5166,8_3649,6_7635,4_4741,3_7334,2_6197,1_9064,1_5296,1_4722,1_5987,1_4418,1_3343
1999-12-28 10:00:00,8_5589,8_408,6_8124,4_5266,3_7851,2_6655,1_9448,1_5576,1_4981,1_629,1_4667,1_3551
1999-12-28 11:00:00,8_5983,8_4482,6_8583,4_5763,3_8342,2_7093,1_9819,1_5847,1_5232,1_6584,1_4907,1_3751
1999-12-28 12:00:00,8_6351,8_4857,6_9015,4_6232,3_8805,2_7509,2_0175,1_6108,1_5473,1_6866,1_5138,1_3943
1999-12-28 13:00:00,8_6695,8_5208,6_9421,4_6672,3_9234,2_79,2_0514,1_6356,1_5703,1_7136,1_5358,1_4125
1999-12-28 14:00:00,8_7015,8_5536,6_9804,4_7086,3_9637,2_8268,2_0833,1_6594,1_5922,1_7393,1_5567,1_4298
1999-12-28 15:00:00,8_7315,8_5843,7_0162,4_7474,4_0015,2_861,2_1125,1_6817,1_6132,1_7632,1_5769,1_447
1999-12-28 16:00:00,8_7596,8_6129,7_0484,4_7839,4_037,2_8927,2_1394,1_7022,1_6324,1_7851,1_5954,1_4629
1999-12-28 17:00:00,8_7856,8_6395,7_0771,4_8181,4_0703,2_9223,2_1644,1_7212,1_6502,1_8055,1_6126,1_4776
1999-12-28 18:00:00,8_8096,8_664,7_1023,4_8503,4_1015,2_95,2_1878,1_739,1_6669,1_8246,1_6287,1_4913
1999-12-28 19:00:00,8_8317,8_6864,7_1247,4_8809,4_1309,2_9754,2_2096,1_7556,1_6824,1_8424,1_6436,1_5041
1999-12-28 20:00:00,8_8519,8_707,7_1448,4_9098,4_1584,2_998,2_2297,1_7709,1_6967,1_8588,1_6574,1_5159
1999-12-28 21:00:00,8_8705,8_7258,7_163,4_937,4_184,3_0182,2_2488,1_7854,1_7102,1_8743,1_6704,1_5269
1999-12-28 22:00:00,8_8875,8_743,7_1796,4_9623,4_2076,3_0364,2_2672,1_7992,1_7232,1_8892,1_6829,1_5375
1999-12-28 23:00:00,8_9032,8_7589,7_1947,4_9857,4_2294,3_0527,2_2849,1_8126,1_7356,1_9035,1_6949,1_5477
1999-12-29 00:00:00,8_9177,8_7735,7_2086,5_0074,4_2494,3_0675,2_3019,1_8254,1_7476,1_9173,1_7064,1_5575
1999-12-29 01:00:00,8_9311,8_7871,7_2214,5_0276,4_2679,3_0807,2_3182,1_8377,1_7591,1_9305,1_7175,1_5668
1999-12-29 02:00:00,8_9436,8_7997,7_2333,5_0462,4_2848,3_0924,2_3338,1_8495,1_7701,1_9432,1_7281,1_5758
1999-12-29 03:00:00,8_9553,8_8114,7_2447,5_0633,4_3003,3_1028,2_3486,1_8607,1_7806,1_9553,1_7382,1_5844
1999-12-29 04:00:00,8_9662,8_8224,7_2555,5_0793,4_3146,3_1122,2_3628,1_8715,1_7906,1_9668,1_7478,1_5925
1999-12-29 05:00:00,8_9764,8_8327,7_2657,5_094,4_3277,3_1206,2_3761,1_8816,1_8001,1_9777,1_757,1_6003
1999-12-29 06:00:00,8_986,8_8425,7_2755,5_1077,4_3399,3_1282,2_3887,1_8912,1_8091,1_988,1_7656,1_6076
1999-12-29 07:00:00,8_9951,8_8516,7_2847,5_1205,4_3511,3_1352,2_4006,1_9003,1_8175,1_9977,1_7738,1_6145
1999-12-29 08:00:00,9_0037,8_8603,7_2934,5_1323,4_3615,3_1416,2_4117,1_9088,1_8254,2_0068,1_7814,1_621
1999-12-29 09:00:00,9_0117,8_8684,7_3016,5_1434,4_3712,3_1475,2_4221,1_9167,1_8329,2_0154,1_7886,1_627
1999-12-29 10:00:00,9_0193,8_876,7_3093,5_1537,4_3802,3_1529,2_4319,1_9242,1_8399,2_0234,1_7953,1_6327
1999-12-29 11:00:00,9_0264,8_8832,7_3166,5_1633,4_3887,3_158,2_441,1_9312,1_8464,2_0309,1_8016,1_6381
1999-12-29 12:00:00,9_0331,8_89,7_3236,5_1723,4_3965,3_1627,2_4496,1_9378,1_8526,2_038,1_8076,1_6431
1999-12-29 13:00:00,9_0394,8_8964,7_3302,5_1808,4_4039,3_1671,2_4577,1_944,1_8584,2_0446,1_8132,1_6478
1999-12-29 14:00:00,9_0453,8_9024,7_3365,5_1886,4_4108,3_1712,2_4653,1_9498,1_8638,2_0509,1_8184,1_6522
1999-12-29 15:00:00,9_0509,8_9081,7_3425,5_196,4_4172,3_175,2_4724,1_9553,1_8689,2_0567,1_8233,1_6564
1999-12-29 16:00:00,9_0562,8_9135,7_3482,5_2029,4_4233,3_1786,2_4791,1_9605,1_8737,2_0623,1_8279,1_6603
1999-12-29 17:00:00,9_0612,8_9185,7_3535,5_2094,4_4289,3_182,2_4854,1_9653,1_8783,2_0675,1_8323,1_664
1999-12-29 18:00:00,9_066,8_9233,7_3586,5_2155,4_4342,3_1852,2_4914,1_9698,1_8825,2_0723,1_8364,1_6675
1999-12-29 19:00:00,9_0704,8_9278,7_3634,5_2212,4_4392,3_1882,2_4969,1_9741,1_8865,2_0769,1_8403,1_6707
1999-12-29 20:00:00,9_0746,8_932,7_368,5_2266,4_4439,3_191,2_5022,1_9782,1_8903,2_0813,1_8439,1_6738
1999-12-29 21:00:00,9_0785,8_936,7_3724,5_2316,4_4483,3_1937,2_5071,1_982,1_8938,2_0853,1_8473,1_6767
1999-12-29 22:00:00,9_0822,8_9398,7_3765,5_2364,4_4525,3_1962,2_5118,1_9856,1_8972,2_0892,1_8506,1_6794
1999-12-29 23:00:00,9_0857,8_9433,7_3804,5_2409,4_4564,3_1986,2_5162,1_989,1_9004,2_0928,1_8536,1_682
1999-12-30 00:00:00,9_089,8_9466,7_3841,5_2451,4_4601,3_2009,2_5204,1_9922,1_9033,2_0963,1_8565,1_6845
1999-12-30 01:00:00,9_092,8_9497,7_3876,5_2491,4_4637,3_2031,2_5244,1_9952,1_9062,2_0995,1_8592,1_6868
1999-12-30 02:00:00,9_0949,8_9526,7_3909,5_2529,4_467,3_2051,2_5281,1_9981,1_9089,2_1026,1_8618,1_689
1999-12-30 03:00:00,9_0977,8_9554,7_394,5_2564,4_4701,3_2071,2_5317,2_0008,1_9114,2_1055,1_8643,1_691
1999-12-30 04:00:00,9_1002,8_958,7_397,5_2598,4_473,3_2089,2_535,2_0034,1_9138,2_1083,1_8666,1_693
1999-12-30 05:00:00,9_1027,8_9605,7_3999,5_263,4_4758,3_2107,2_5382,2_0058,1_9161,2_1109,1_8688,1_6949
1999-12-30 06:00:00,9_105,8_9628,7_4025,5_2659,4_4785,3_2124,2_5412,2_0081,1_9183,2_1134,1_8709,1_6966
1999-12-30 07:00:00,9_1071,8_9649,7_4051,5_2688,4_481,3_214,2_5441,2_0103,1_9203,2_1158,1_8729,1_6983
1999-12-30 08:00:00,9_1092,8_967,7_4075,5_2714,4_4833,3_2155,2_5468,2_0124,1_9223,2_118,1_8748,1_6999
1999-12-30 09:00:00,9_1111,8_969,7_4097,5_2739,4_4855,3_2169,2_5493,2_0144,1_9241,2_1201,1_8765,1_7014
1999-12-30 10:00:00,9_1129,8_9708,7_4119,5_2763,4_4876,3_2183,2_5517,2_0162,1_9258,2_1221,1_8782,1_7028
1999-12-30 11:00:00,9_1146,8_9725,7_4139,5_2785,4_4896,3_2196,2_554,2_018,1_9275,2_124,1_8798,1_7041
1999-12-30 12:00:00,9_1119,8_9702,7_4157,5_2806,4_4915,3_2208,2_5562,2_0197,1_929,2_1258,1_8813,1_7054
1999-12-30 13:00:00,9_1141,8_9722,7_416,5_2824,4_4932,3_2219,2_5582,2_0212,1_9305,2_1275,1_8827,1_7066
1999-12-30 14:00:00,9_116,8_974,7_4173,5_2837,4_4945,3_2229,2_5601,2_0227,1_9318,2_129,1_884,1_7077
1999-12-30 15:00:00,9_1178,8_9758,7_4187,5_285,4_4957,3_2238,2_5618,2_024,1_9331,2_1304,1_8852,1_7087
1999-12-30 16:00:00,9_1195,8_9774,7_4203,5_2864,4_4969,3_2246,2_5633,2_0252,1_9342,2_1317,1_8863,1_7097
1999-12-30 17:00:00,9_121,8_9789,7_4218,5_2878,4_4981,3_2255,2_5647,2_0263,1_9352,2_1329,1_8873,1_7105
1999-12-30 18:00:00,9_1224,8_9804,7_4233,5_2892,4_4993,3_2263,2_5661,2_0273,1_9362,2_134,1_8883,1_7113
1999-12-30 19:00:00,9_1237,8_9817,7_4248,5_2906,4_5006,3_227,2_5674,2_0283,1_9371,2_1351,1_8891,1_712
1999-12-30 20:00:00,9_1249,8_9829,7_4262,5_292,4_5018,3_2278,2_5686,2_0292,1_938,2_1361,1_89,1_7128
1999-12-30 21:00:00,9_126,8_984,7_4275,5_2933,4_5029,3_2285,2_5698,2_0301,1_9388,2_1371,1_8908,1_7135
1999-12-30 22:00:00,9_1271,8_9851,7_4287,5_2946,4_5041,3_2293,2_571,2_031,1_9397,2_138,1_8917,1_7142
1999-12-30 23:00:00,9_1281,8_9861,7_4299,5_2959,4_5052,3_23,2_5721,2_0319,1_9405,2_1389,1_8924,1_7148
1999-12-31 00:00:00,9_1291,8_9871,7_4311,5_2971,4_5062,3_2306,2_5732,2_0327,1_9412,2_1398,1_8932,1_7155
1999-12-31 01:00:00,9_1299,8_988,7_4321,5_2982,4_5072,3_2313,2_5743,2_0335,1_942,2_1407,1_8939,1_7161
1999-12-31 02:00:00,9_1308,8_9888,7_4332,5_2992,4_5081,3_2319,2_5753,2_0343,1_9427,2_1416,1_8947,1_7167
1999-12-31 03:00:00,9_1316,8_9896,7_4341,5_3003,4_509,3_2325,2_5763,2_0351,1_9434,2_1424,1_8953,1_7173
1999-12-31 04:00:00,9_1323,8_9904,7_435,5_3012,4_5099,3_233,2_5772,2_0358,1_9441,2_1431,1_896,1_7178
1999-12-31 05:00:00,9_133,8_9911,7_4359,5_3021,4_5107,3_2336,2_5781,2_0365,1_9447,2_1439,1_8966,1_7184
1999-12-31 06:00:00,9_1337,8_9917,7_4367,5_303,4_5115,3_2341,2_579,2_0371,1_9453,2_1446,1_8972,1_7189
1999-12-31 07:00:00,9_1343,8_9924,7_4374,5_3038,4_5122,3_2346,2_5798,2_0377,1_9459,2_1452,1_8978,1_7193
1999-12-31 08:00:00,9_1349,8_993,7_4382,5_3046,4_5129,3_235,2_5806,2_0383,1_9465,2_1459,1_8983,1_7198
1999-12-31 09:00:00,9_1354,8_9935,7_4388,5_3053,4_5135,3_2355,2_5813,2_0389,1_947,2_1465,1_8989,1_7202
1999-12-31 10:00:00,9_136,8_994,7_4395,5_306,4_5142,3_2359,2_582,2_0394,1_9475,2_1471,1_8993,1_7207
1999-12-31 11:00:00,9_1365,8_9945,7_4401,5_3066,4_5147,3_2363,2_5827,2_0399,1_9479,2_1476,1_8998,1_721
1999-12-31 12:00:00,9_1369,8_995,7_4407,5_3073,4_5153,3_2367,2_5833,2_0404,1_9484,2_1481,1_9003,1_7214
1999-12-31 13:00:00,9_1374,8_9955,7_4412,5_3078,4_5158,3_237,2_5839,2_0409,1_9488,2_1486,1_9007,1_7218
1999-12-31 14:00:00,9_1378,8_9959,7_4417,5_3084,4_5163,3_2373,2_5845,2_0413,1_9492,2_1491,1_9011,1_7221
1999-12-31 15:00:00,9_1382,8_9963,7_4422,5_3089,4_5168,3_2377,2_585,2_0417,1_9496,2_1495,1_9014,1_7224
1999-12-31 16:00:00,9_1385,8_9967,7_4427,5_3094,4_5172,3_238,2_5855,2_0421,1_95,2_1499,1_9018,1_7227
1999-12-31 17:00:00,9_1389,8_997,7_4431,5_3099,4_5176,3_2382,2_586,2_0425,1_9503,2_1503,1_9021,1_723
1999-12-31 18:00:00,9_1392,8_9973,7_4435,5_3103,4_518,3_2385,2_5864,2_0428,1_9506,2_1507,1_9025,1_7233
1999-12-31 19:00:00,9_1395,8_9977,7_4439,5_3107,4_5184,3_2388,2_5869,2_0431,1_9509,2_151,1_9028,1_7235
1999-12-31 20:00:00,9_1398,8_998,7_4443,5_3111,4_5188,3_239,2_5873,2_0435,1_9512,2_1514,1_903,1_7238
1999-12-31 21:00:00,9_1401,8_9982,7_4446,5_3115,4_5191,3_2392,2_5876,2_0437,1_9515,2_1517,1_9033,1_724
1999-12-31 22:00:00,9_1404,8_9985,7_445,5_3118,4_5194,3_2394,2_588,2_044,1_9518,2_152,1_9036,1_7242
1999-12-31 23:00:00,9_1406,8_9988,7_4453,5_3122,4_5197,3_2396,2_5884,2_0443,1_952,2_1523,1_9038,1_7244
2000-01-01 00:00:00,9_1409,8_999,7_4456,5_3125,4_52,3_2398,2_5887,2_0445,1_9522,2_1525,1_904,1_7246
2000-01-01 01:00:00,9_1411,8_9992,7_4459,5_3128,4_5202,3_24,2_589,2_0448,1_9525,2_1528,1_9043,1_7248
2000-01-01 02:00:00,9_1413,8_9995,7_4461,5_3131,4_5205,3_2402,2_5893,2_045,1_9527,2_153,1_9045,1_725
2000-01-01 03:00:00,9_1415,8_9997,7_4464,5_3133,4_5207,3_2404,2_5896,2_0452,1_9529,2_1533,1_9047,1_7251
2000-01-01 04:00:00,9_1417,8_9999,7_4466,5_3136,4_521,3_2405,2_5898,2_0454,1_953,2_1535,1_9048,1_7253
2000-01-01 05:00:00,9_1419,9_0001,7_4469,5_3138,4_5212,3_2407,2_5901,2_0456,1_9532,2_1537,1_905,1_7254
2000-01-01 06:00:00,9_1421,9_0003,7_4471,5_314,4_5214,3_2408,2_5903,2_0458,1_9534,2_1539,1_9052,1_7256
2000-01-01 07:00:00,9_1423,9_0004,7_4473,5_3143,4_5216,3_2409,2_5905,2_0459,1_9535,2_1541,1_9053,1_7257
2000-01-01 08:00:00,9_1424,9_0006,7_4475,5_3145,4_5218,3_241,2_5907,2_0461,1_9537,2_1542,1_9055,1_7258
2000-01-01 09:00:00,9_1425,9_0006,7_4477,5_3147,4_5219,3_2412,2_5909,2_0462,1_9538,2_1544,1_9056,1_726
2000-01-01 10:00:00,9_1425,9_0006,7_4478,5_3148,4_5221,3_2413,2_5911,2_0464,1_954,2_1545,1_9058,1_7261
2000-01-01 11:00:00,9_1424,9_0006,7_4479,5_315,4_5223,3_2414,2_5913,2_0465,1_9541,2_1547,1_9059,1_7262
2000-01-01 12:00:00,9_1422,9_0004,7_4479,5_3151,4_5224,3_2415,2_5915,2_0467,1_9542,2_1548,1_906,1_7263
2000-01-01 13:00:00,9_1418,9_0001,7_4478,5_3152,4_5225,3_2416,2_5916,2_0468,1_9543,2_155,1_9061,1_7264
2000-01-01 14:00:00,9_1414,8_9997,7_4477,5_3152,4_5225,3_2416,2_5917,2_0469,1_9544,2_1551,1_9062,1_7265
2000-01-01 15:00:00,9_1408,8_9991,7_4474,5_3152,4_5225,3_2417,2_5918,2_047,1_9545,2_1552,1_9063,1_7265
2000-01-01 16:00:00,9_1401,8_9984,7_447,5_315,4_5224,3_2417,2_5919,2_047,1_9546,2_1552,1_9064,1_7266
2000-01-01 17:00:00,9_1392,8_9976,7_4465,5_3148,4_5223,3_2416,2_592,2_0471,1_9546,2_1553,1_9064,1_7266
2000-01-01 18:00:00,9_1382,8_9967,7_4459,5_3145,4_5221,3_2416,2_592,2_0471,1_9546,2_1553,1_9064,1_7266
2000-01-01 19:00:00,9_1371,8_9956,7_4452,5_3141,4_5218,3_2415,2_5919,2_0471,1_9546,2_1553,1_9064,1_7266
2000-01-01 20:00:00,9_1358,8_9943,7_4443,5_3136,4_5215,3_2413,2_5918,2_047,1_9546,2_1552,1_9064,1_7266
2000-01-01 21:00:00,9_1344,8_9929,7_4433,5_313,4_521,3_2412,2_5916,2_0469,1_9545,2_1551,1_9063,1_7265
2000-01-01 22:00:00,9_1328,8_9914,7_4422,5_3123,4_5205,3_2409,2_5914,2_0468,1_9543,2_1549,1_9061,1_7264
2000-01-01 23:00:00,9_1311,8_9898,7_4409,5_3115,4_5198,3_2406,2_5911,2_0466,1_9541,2_1547,1_9059,1_7262
2000-01-02 00:00:00,9_1293,8_988,7_4395,5_3105,4_5191,3_2403,2_5907,2_0463,1_9539,2_1544,1_9057,1_726
2000-01-02 01:00:00,9_1273,8_9861,7_438,5_3095,4_5183,3_2399,2_5903,2_046,1_9536,2_154,1_9054,1_7258
2000-01-02 02:00:00,9_1252,8_9841,7_4363,5_3083,4_5173,3_2395,2_5897,2_0456,1_9533,2_1536,1_9051,1_7255
2000-01-02 03:00:00,9_123,8_9819,7_4346,5_307,4_5163,3_2389,2_5891,2_0451,1_9529,2_1531,1_9047,1_7252
2000-01-02 04:00:00,9_1207,8_9796,7_4327,5_3056,4_5152,3_2384,2_5884,2_0446,1_9524,2_1526,1_9042,1_7248
2000-01-02 05:00:00,9_1182,8_9772,7_4306,5_304,4_514,3_2378,2_5876,2_0441,1_9519,2_152,1_9037,1_7243
2000-01-02 06:00:00,9_1157,8_9748,7_4285,5_3024,4_5126,3_2371,2_5867,2_0434,1_9513,2_1513,1_9031,1_7239
2000-01-02 07:00:00,9_1132,8_9722,7_4263,5_3007,4_5112,3_2363,2_5858,2_0427,1_9506,2_1505,1_9025,1_7233
2000-01-02 08:00:00,9_1106,8_9697,7_424,5_2988,4_5097,3_2356,2_5847,2_042,1_9499,2_1497,1_9018,1_7227
2000-01-02 09:00:00,9_1082,8_9673,7_4217,5_2969,4_5082,3_2347,2_5836,2_0411,1_9491,2_1488,1_901,1_7221
2000-01-02 10:00:00,9_1058,8_965,7_4194,5_2949,4_5065,3_2338,2_5824,2_0402,1_9483,2_1478,1_9002,1_7214
2000-01-02 11:00:00,9_1037,8_9628,7_4172,5_2929,4_5049,3_2329,2_5811,2_0393,1_9474,2_1468,1_8993,1_7207
2000-01-02 12:00:00,9_1018,8_9609,7_415,5_2909,4_5032,3_2319,2_5797,2_0383,1_9465,2_1457,1_8984,1_7199
2000-01-02 13:00:00,9_1002,8_9592,7_413,5_289,4_5015,3_231,2_5783,2_0373,1_9455,2_1446,1_8975,1_7191
2000-01-02 14:00:00,9_0988,8_9579,7_4112,5_2871,4_4999,3_23,2_5769,2_0362,1_9446,2_1434,1_8965,1_7183
2000-01-02 15:00:00,9_0978,8_9568,7_4096,5_2853,4_4983,3_2291,2_5754,2_0351,1_9436,2_1423,1_8955,1_7175
2000-01-02 16:00:00,9_0972,8_9561,7_4082,5_2836,4_4968,3_2281,2_574,2_034,1_9426,2_1411,1_8945,1_7167
2000-01-02 17:00:00,9_0969,8_9557,7_4071,5_2821,4_4955,3_2273,2_5726,2_033,1_9416,2_1399,1_8936,1_7158
2000-01-02 18:00:00,9_0969,8_9556,7_4063,5_2808,4_4943,3_2265,2_5712,2_0319,1_9406,2_1388,1_8926,1_7151
2000-01-02 19:00:00,9_0973,8_956,7_4057,5_2797,4_4932,3_2257,2_5699,2_031,1_9397,2_1378,1_8917,1_7143
2000-01-02 20:00:00,9_0981,8_9566,7_4055,5_2789,4_4924,3_2251,2_5687,2_0301,1_9389,2_1368,1_8909,1_7136
2000-01-02 21:00:00,9_0992,8_9576,7_4056,5_2783,4_4917,3_2245,2_5677,2_0292,1_9381,2_1359,1_8902,1_713
2000-01-02 22:00:00,9_1006,8_959,7_406,5_2779,4_4913,3_2241,2_5667,2_0285,1_9374,2_1351,1_8895,1_7124
2000-01-02 23:00:00,9_1024,8_9607,7_4067,5_2778,4_4911,3_2237,2_5659,2_0279,1_9368,2_1345,1_8889,1_7119
2000-01-03 00:00:00,9_1045,8_9627,7_4077,5_278,4_491,3_2235,2_5653,2_0274,1_9364,2_1339,1_8885,1_7115
2000-01-03 01:00:00,9_107,8_965,7_409,5_2785,4_4913,3_2234,2_5649,2_027,1_936,2_1335,1_8881,1_7112
2000-01-03 02:00:00,9_1097,8_9676,7_4106,5_2793,4_4917,3_2235,2_5646,2_0268,1_9358,2_1333,1_8879,1_711
2000-01-03 03:00:00,9_1127,8_9705,7_4126,5_2803,4_4924,3_2236,2_5645,2_0267,1_9357,2_1332,1_8878,1_711
2000-01-03 04:00:00,9_1159,8_9737,7_4148,5_2816,4_4934,3_224,2_5646,2_0267,1_9357,2_1333,1_8879,1_711
2000-01-03 05:00:00,9_1194,8_9771,7_4173,5_2832,4_4945,3_2244,2_565,2_0269,1_9359,2_1335,1_888,1_7111
2000-01-03 06:00:00,9_1231,8_9807,7_42,5_285,4_4959,3_225,2_5655,2_0273,1_9362,2_1339,1_8884,1_7114
2000-01-03 07:00:00,9_127,8_9844,7_423,5_2871,4_4975,3_2257,2_5662,2_0278,1_9367,2_1344,1_8888,1_7118
2000-01-03 08:00:00,9_1309,8_9882,7_4263,5_2894,4_4993,3_2265,2_5672,2_0285,1_9373,2_1352,1_8894,1_7123
2000-01-03 09:00:00,9_1348,8_9921,7_4296,5_292,4_5013,3_2275,2_5683,2_0293,1_9381,2_1361,1_8902,1_7129
2000-01-03 10:00:00,9_1386,8_9958,7_4331,5_2947,4_5035,3_2286,2_5697,2_0303,1_939,2_1371,1_891,1_7136
2000-01-03 11:00:00,9_1422,8_9995,7_4366,5_2976,4_5058,3_2297,2_5712,2_0314,1_94,2_1383,1_892,1_7145
2000-01-03 12:00:00,9_1457,9_0029,7_4402,5_3006,4_5083,3_231,2_5729,2_0326,1_9412,2_1396,1_8932,1_7154
2000-01-03 13:00:00,9_1489,9_0061,7_4436,5_3036,4_5108,3_2324,2_5747,2_034,1_9424,2_1411,1_8944,1_7164
2000-01-03 14:00:00,9_1518,9_0091,7_447,5_3066,4_5133,3_2338,2_5767,2_0354,1_9438,2_1427,1_8957,1_7176
2000-01-03 15:00:00,9_1544,9_0117,7_4502,5_3096,4_5159,3_2352,2_5787,2_037,1_9453,2_1444,1_8972,1_7187
2000-01-03 16:00:00,9_1567,9_0141,7_4531,5_3125,4_5184,3_2367,2_5809,2_0386,1_9468,2_1461,1_8986,1_72
2000-01-03 17:00:00,9_1586,9_016,7_4559,5_3153,4_5208,3_2381,2_5831,2_0402,1_9483,2_1479,1_9002,1_7213
2000-01-03 18:00:00,9_1602,9_0176,7_4583,5_318,4_5231,3_2395,2_5853,2_0419,1_9498,2_1497,1_9017,1_7226
2000-01-03 19:00:00,9_1613,9_0189,7_4605,5_3204,4_5253,3_2409,2_5874,2_0436,1_9514,2_1515,1_9032,1_7239
2000-01-03 20:00:00,9_1621,9_0198,7_4623,5_3227,4_5273,3_2422,2_5896,2_0452,1_9529,2_1532,1_9047,1_7251
2000-01-03 21:00:00,9_1625,9_0203,7_4638,5_3247,4_5291,3_2434,2_5916,2_0468,1_9544,2_1549,1_9062,1_7264
2000-01-03 22:00:00,9_1626,9_0204,7_4649,5_3264,4_5307,3_2446,2_5936,2_0483,1_9558,2_1566,1_9076,1_7276
2000-01-03 23:00:00,9_1622,9_0201,7_4657,5_3278,4_5321,3_2456,2_5954,2_0497,1_9572,2_1581,1_909,1_7287
2000-01-04 00:00:00,9_1615,9_0195,7_4661,5_329,4_5333,3_2465,2_5971,2_0511,1_9584,2_1595,1_9102,1_7297
2000-01-04 01:00:00,9_1604,9_0185,7_4662,5_3298,4_5342,3_2473,2_5986,2_0523,1_9595,2_1608,1_9113,1_7307
2000-01-04 02:00:00,9_159,9_0172,7_4659,5_3304,4_5349,3_248,2_6,2_0533,1_9605,2_1619,1_9123,1_7315
2000-01-04 03:00:00,9_1573,9_0156,7_4652,5_3306,4_5353,3_2485,2_6011,2_0543,1_9614,2_1629,1_9132,1_7323
2000-01-04 04:00:00,9_1552,9_0136,7_4642,5_3305,4_5354,3_2489,2_6021,2_0551,1_9622,2_1638,1_914,1_7329
2000-01-04 05:00:00,9_1529,9_0114,7_4629,5_3301,4_5353,3_2491,2_6028,2_0557,1_9628,2_1644,1_9146,1_7334
2000-01-04 06:00:00,9_1502,9_0089,7_4612,5_3294,4_5349,3_2492,2_6033,2_0561,1_9632,2_1649,1_915,1_7338
2000-01-04 07:00:00,9_1473,9_0061,7_4593,5_3285,4_5343,3_2491,2_6036,2_0564,1_9635,2_1652,1_9153,1_7341
2000-01-04 08:00:00,9_1443,9_0031,7_457,5_3272,4_5334,3_2489,2_6037,2_0566,1_9636,2_1653,1_9154,1_7342
2000-01-04 09:00:00,9_141,8_9999,7_4546,5_3257,4_5323,3_2485,2_6035,2_0565,1_9636,2_1653,1_9154,1_7342
2000-01-04 10:00:00,9_1377,8_9967,7_4519,5_3239,4_531,3_248,2_6031,2_0563,1_9634,2_165,1_9152,1_734
2000-01-04 11:00:00,9_1343,8_9933,7_449,5_3219,4_5294,3_2473,2_6026,2_056,1_9631,2_1646,1_9149,1_7338
2000-01-04 12:00:00,9_1308,8_9899,7_446,5_3197,4_5277,3_2465,2_6018,2_0554,1_9626,2_164,1_9144,1_7334
2000-01-04 13:00:00,9_1273,8_9865,7_4429,5_3173,4_5258,3_2457,2_6008,2_0548,1_962,2_1633,1_9138,1_7329
2000-01-04 14:00:00,9_1239,8_9831,7_4397,5_3148,4_5238,3_2447,2_5996,2_054,1_9613,2_1624,1_9131,1_7322
2000-01-04 15:00:00,9_1205,8_9798,7_4365,5_3122,4_5217,3_2436,2_5983,2_053,1_9604,2_1614,1_9122,1_7315
2000-01-04 16:00:00,9_1172,8_9764,7_4333,5_3096,4_5195,3_2424,2_5968,2_052,1_9594,2_1602,1_9113,1_7307
2000-01-04 17:00:00,9_1139,8_9732,7_4301,5_3068,4_5173,3_2412,2_5952,2_0508,1_9584,2_1589,1_9102,1_7298
2000-01-04 18:00:00,9_1107,8_97,7_4269,5_304,4_5149,3_24,2_5935,2_0496,1_9572,2_1576,1_9091,1_7289
2000-01-04 19:00:00,9_1076,8_9669,7_4238,5_3013,4_5126,3_2387,2_5916,2_0482,1_956,2_1562,1_9079,1_7279
2000-01-04 20:00:00,9_1046,8_9639,7_4207,5_2985,4_5103,3_2373,2_5898,2_0469,1_9547,2_1547,1_9066,1_7268
2000-01-04 21:00:00,9_1017,8_961,7_4177,5_2957,4_5079,3_236,2_5878,2_0454,1_9534,2_1531,1_9053,1_7257
2000-01-04 22:00:00,9_0989,8_9583,7_4148,5_293,4_5056,3_2346,2_5858,2_044,1_9521,2_1515,1_904,1_7246
2000-01-04 23:00:00,9_0962,8_9556,7_412,5_2903,4_5033,3_2332,2_5838,2_0425,1_9507,2_1499,1_9026,1_7234
2000-01-05 00:00:00,9_0936,8_953,7_4093,5_2876,4_501,3_2319,2_5818,2_041,1_9493,2_1483,1_9013,1_7223
2000-01-05 01:00:00,9_0912,8_9505,7_4067,5_2851,4_4988,3_2306,2_5797,2_0395,1_9479,2_1466,1_8999,1_7211
2000-01-05 02:00:00,9_0888,8_9482,7_4042,5_2825,4_4966,3_2292,2_5777,2_038,1_9465,2_145,1_8985,1_72
2000-01-05 03:00:00,9_0866,8_9459,7_4018,5_2801,4_4945,3_2279,2_5757,2_0365,1_9451,2_1434,1_8972,1_7188
2000-01-05 04:00:00,9_0844,8_9438,7_3995,5_2778,4_4925,3_2267,2_5737,2_035,1_9438,2_1418,1_8958,1_7177
2000-01-05 05:00:00,9_0824,8_9417,7_3973,5_2755,4_4905,3_2254,2_5718,2_0336,1_9424,2_1402,1_8945,1_7166
2000-01-05 06:00:00,9_0805,8_9398,7_3952,5_2733,4_4886,3_2242,2_5699,2_0321,1_9411,2_1387,1_8932,1_7155
2000-01-05 07:00:00,9_0787,8_938,7_3932,5_2712,4_4867,3_2231,2_568,2_0307,1_9398,2_1372,1_8919,1_7144
2000-01-05 08:00:00,9_0771,8_9364,7_3914,5_2692,4_485,3_222,2_5662,2_0294,1_9386,2_1357,1_8907,1_7134
2000-01-05 09:00:00,9_0757,8_935,7_3897,5_2673,4_4833,3_2209,2_5644,2_0281,1_9373,2_1343,1_8895,1_7124
2000-01-05 10:00:00,9_0745,8_9337,7_3881,5_2655,4_4817,3_2199,2_5627,2_0268,1_9362,2_1329,1_8884,1_7114
2000-01-05 11:00:00,9_0735,8_9326,7_3867,5_2638,4_4802,3_2189,2_5611,2_0256,1_935,2_1316,1_8873,1_7105
2000-01-05 12:00:00,9_0727,8_9318,7_3854,5_2622,4_4788,3_218,2_5596,2_0244,1_934,2_1304,1_8862,1_7096
2000-01-05 13:00:00,9_0721,8_9312,7_3844,5_2608,4_4775,3_2171,2_5581,2_0233,1_9329,2_1292,1_8852,1_7087
2000-01-05 14:00:00,9_0718,8_9308,7_3835,5_2595,4_4763,3_2163,2_5567,2_0223,1_932,2_128,1_8843,1_7079
2000-01-05 15:00:00,9_0717,8_9307,7_3828,5_2584,4_4753,3_2156,2_5554,2_0213,1_931,2_127,1_8834,1_7072
2000-01-05 16:00:00,9_0719,8_9308,7_3823,5_2575,4_4744,3_2149,2_5542,2_0204,1_9302,2_126,1_8826,1_7065
2000-01-05 17:00:00,9_0723,8_9311,7_3821,5_2568,4_4737,3_2144,2_5531,2_0195,1_9294,2_1251,1_8818,1_7058
2000-01-05 18:00:00,9_073,8_9317,7_382,5_2562,4_4731,3_2139,2_5521,2_0188,1_9287,2_1243,1_8811,1_7053
2000-01-05 19:00:00,9_0739,8_9325,7_3821,5_2558,4_4726,3_2135,2_5513,2_0181,1_9281,2_1236,1_8806,1_7048
2000-01-05 20:00:00,9_075,8_9336,7_3825,5_2556,4_4724,3_2132,2_5505,2_0176,1_9276,2_123,1_8801,1_7044
2000-01-05 21:00:00,9_0763,8_9349,7_3831,5_2556,4_4723,3_213,2_55,2_0171,1_9272,2_1225,1_8796,1_704
2000-01-05 22:00:00,9_0779,8_9363,7_3838,5_2558,4_4723,3_2128,2_5495,2_0168,1_9269,2_1221,1_8793,1_7037
2000-01-05 23:00:00,9_0796,8_938,7_3848,5_2562,4_4725,3_2128,2_5492,2_0165,1_9266,2_1219,1_8791,1_7035
2000-01-06 00:00:00,9_0816,8_9399,7_3859,5_2568,4_4729,3_2128,2_5491,2_0164,1_9265,2_1217,1_879,1_7034
2000-01-06 01:00:00,9_0837,8_942,7_3873,5_2576,4_4734,3_213,2_5491,2_0164,1_9265,2_1217,1_879,1_7034
2000-01-06 02:00:00,9_086,8_9442,7_3888,5_2585,4_4741,3_2132,2_5492,2_0165,1_9266,2_1218,1_8791,1_7035
2000-01-06 03:00:00,9_0885,8_9466,7_3905,5_2597,4_475,3_2136,2_5495,2_0167,1_9268,2_122,1_8793,1_7036
2000-01-06 04:00:00,9_0911,8_9491,7_3924,5_261,4_476,3_214,2_5499,2_017,1_9271,2_1224,1_8795,1_7039
2000-01-06 05:00:00,9_0939,8_9519,7_3944,5_2625,4_4771,3_2145,2_5505,2_0174,1_9275,2_1228,1_8799,1_7042
2000-01-06 06:00:00,9_0968,8_9547,7_3967,5_2641,4_4784,3_2151,2_5512,2_018,1_928,2_1234,1_8804,1_7046
2000-01-06 07:00:00,9_0999,8_9578,7_399,5_2659,4_4798,3_2158,2_5521,2_0186,1_9285,2_1241,1_881,1_7051
2000-01-06 08:00:00,9_1033,8_9611,7_4016,5_2679,4_4814,3_2166,2_5531,2_0193,1_9292,2_1249,1_8816,1_7056
2000-01-06 09:00:00,9_107,8_9646,7_4043,5_27,4_483,3_2174,2_5542,2_0202,1_93,2_1258,1_8824,1_7063
2000-01-06 10:00:00,9_1109,8_9685,7_4073,5_2723,4_4849,3_2183,2_5555,2_0211,1_9309,2_1268,1_8833,1_707
2000-01-06 11:00:00,9_1153,8_9727,7_4106,5_2748,4_4869,3_2193,2_5569,2_0222,1_9319,2_1279,1_8842,1_7078
2000-01-06 12:00:00,9_12,8_9773,7_4142,5_2775,4_489,3_2205,2_5584,2_0233,1_9329,2_1291,1_8852,1_7086
2000-01-06 13:00:00,9_1251,8_9823,7_4181,5_2804,4_4914,3_2217,2_56,2_0245,1_934,2_1304,1_8863,1_7095
2000-01-06 14:00:00,9_1306,8_9876,7_4223,5_2836,4_4939,3_223,2_5618,2_0258,1_9353,2_1319,1_8875,1_7105
2000-01-06 15:00:00,9_1366,8_9935,7_4269,5_287,4_4967,3_2244,2_5638,2_0273,1_9366,2_1334,1_8888,1_7116
2000-01-06 16:00:00,9_143,8_9997,7_432,5_2908,4_4997,3_226,2_5659,2_0288,1_9381,2_1351,1_8902,1_7128
2000-01-06 17:00:00,9_1501,9_0066,7_4375,5_2949,4_503,3_2277,2_5682,2_0305,1_9397,2_137,1_8918,1_7141
2000-01-06 18:00:00,9_1577,9_0139,7_4435,5_2993,4_5066,3_2296,2_5707,2_0324,1_9414,2_139,1_8935,1_7155
2000-01-06 19:00:00,9_1659,9_0219,7_4501,5_3042,4_5104,3_2316,2_5734,2_0344,1_9432,2_1411,1_8953,1_7171
2000-01-06 20:00:00,9_1747,9_0305,7_4572,5_3094,4_5147,3_2338,2_5764,2_0366,1_9453,2_1435,1_8973,1_7187
2000-01-06 21:00:00,9_1842,9_0398,7_465,5_3152,4_5193,3_2362,2_5796,2_0389,1_9474,2_146,1_8994,1_7205
2000-01-06 22:00:00,9_1943,9_0496,7_4735,5_3214,4_5243,3_2388,2_5831,2_0415,1_9498,2_1488,1_9018,1_7225
2000-01-06 23:00:00,9_2049,9_06,7_4826,5_3281,4_5297,3_2417,2_5868,2_0443,1_9524,2_1518,1_9043,1_7246
2000-01-07 00:00:00,9_2162,9_071,7_4923,5_3355,4_5356,3_2447,2_5909,2_0473,1_9552,2_1551,1_9071,1_7269
2000-01-07 01:00:00,9_228,9_0825,7_5027,5_3433,4_5419,3_2481,2_5954,2_0505,1_9582,2_1586,1_9101,1_7294
2000-01-07 02:00:00,9_2403,9_0945,7_5138,5_3518,4_5488,3_2517,2_6002,2_054,1_9615,2_1624,1_9133,1_7322
2000-01-07 03:00:00,9_253,9_107,7_5255,5_3609,4_5562,3_2556,2_6054,2_0578,1_965,2_1665,1_9168,1_7351
2000-01-07 04:00:00,9_2662,9_1199,7_5378,5_3705,4_564,3_2598,2_611,2_0619,1_9687,2_171,1_9206,1_7383
2000-01-07 05:00:00,9_2796,9_1332,7_5507,5_3807,4_5723,3_2643,2_6169,2_0663,1_9728,2_1757,1_9247,1_7417
2000-01-07 06:00:00,9_2934,9_1467,7_5641,5_3914,4_5811,3_2691,2_6233,2_0709,1_9771,2_1808,1_929,1_7453
2000-01-07 07:00:00,9_3074,9_1605,7_578,5_4026,4_5903,3_2742,2_63,2_0759,1_9816,2_1861,1_9337,1_7492
2000-01-07 08:00:00,9_3216,9_1744,7_5921,5_4143,4_6,3_2796,2_6372,2_0811,1_9865,2_1918,1_9386,1_7534
2000-01-07 09:00:00,9_3359,9_1885,7_6062,5_4263,4_61,3_2853,2_6447,2_0866,1_9915,2_1977,1_9438,1_7577
2000-01-07 10:00:00,9_3503,9_2026,7_6202,5_4388,4_6205,3_2914,2_6526,2_0923,1_9968,2_204,1_9493,1_7624
2000-01-07 11:00:00,9_3649,9_217,7_6343,5_4517,4_6313,3_2977,2_6608,2_0983,2_0023,2_2105,1_955,1_7672
2000-01-07 12:00:00,9_3797,9_2315,7_6483,5_4649,4_6424,3_3045,2_6693,2_1045,2_008,2_2172,1_9611,1_7723
2000-01-07 13:00:00,9_3948,9_2463,7_6624,5_4785,4_6539,3_3116,2_6782,2_1109,2_0139,2_2242,1_9673,1_7775
2000-01-07 14:00:00,9_4101,9_2612,7_6763,5_4924,4_6657,3_3191,2_6873,2_1175,2_02,2_2315,1_9738,1_783
2000-01-07 15:00:00,9_4256,9_2762,7_6903,5_5065,4_6779,3_327,2_6968,2_1243,2_0262,2_2389,1_9805,1_7886
2000-01-07 16:00:00,9_4412,9_2913,7_7042,5_5209,4_6902,3_3352,2_7065,2_1313,2_0327,2_2465,1_9875,1_7945
2000-01-07 17:00:00,9_457,9_3066,7_718,5_5355,4_7027,3_3439,2_7165,2_1384,2_0392,2_2544,1_9947,1_8006
2000-01-07 18:00:00,9_4728,9_322,7_7317,5_5504,4_7154,3_3529,2_7267,2_1457,2_0459,2_2624,2_0021,1_8068
2000-01-07 19:00:00,9_4887,9_3374,7_7452,5_5655,4_7283,3_3622,2_7371,2_1532,2_0527,2_2705,2_0097,1_8132
2000-01-07 20:00:00,9_5046,9_3529,7_7585,5_5808,4_7415,3_3719,2_7477,2_1608,2_0597,2_2788,2_0175,1_8198
2000-01-07 21:00:00,9_5206,9_3684,7_7718,5_5962,4_7548,3_3819,2_7585,2_1684,2_0667,2_2873,2_0255,1_8265
2000-01-07 22:00:00,9_5366,9_3841,7_7849,5_6119,4_7683,3_3922,2_7695,2_1762,2_0738,2_2958,2_0336,1_8333
2000-01-07 23:00:00,9_5528,9_3999,7_798,5_6278,4_782,3_4028,2_7806,2_1841,2_081,2_3045,2_0419,1_8403
2000-01-08 00:00:00,9_5689,9_4156,7_8108,5_6441,4_796,3_4138,2_792,2_1921,2_0882,2_3133,2_0502,1_8474
2000-01-08 01:00:00,9_5848,9_4312,7_8234,5_6607,4_8103,3_4251,2_8035,2_2002,2_0956,2_3223,2_0588,1_8546
2000-01-08 02:00:00,9_6006,9_4468,7_8358,5_6773,4_8249,3_4368,2_8154,2_2085,2_103,2_3314,2_0675,1_8621
2000-01-08 03:00:00,9_6164,9_4623,7_8479,5_6941,4_8395,3_4487,2_8274,2_2168,2_1106,2_3406,2_0762,1_8697
2000-01-08 04:00:00,9_6323,9_4778,7_8598,5_7111,4_8544,3_4608,2_8396,2_2252,2_118,2_3499,2_085,1_8773
2000-01-08 05:00:00,9_6484,9_4933,7_8714,5_7283,4_8696,3_4731,2_852,2_2336,2_1256,2_3593,2_0938,1_885
2000-01-08 06:00:00,9_6649,9_5091,7_8828,5_7456,4_885,3_4856,2_8644,2_242,2_1331,2_3687,2_1027,1_8928
2000-01-08 07:00:00,9_6819,9_5252,7_8942,5_763,4_9007,3_4983,2_877,2_2505,2_1407,2_3782,2_1116,1_9007
2000-01-08 08:00:00,9_6995,9_5417,7_9056,5_7806,4_9165,3_5112,2_8896,2_259,2_1483,2_3878,2_1205,1_9087
2000-01-08 09:00:00,9_7177,9_5586,7_9171,5_7984,4_9327,3_5244,2_9023,2_2675,2_1559,2_3973,2_1294,1_9167
2000-01-08 10:00:00,9_7368,9_5762,7_9286,5_8165,4_9489,3_5375,2_9147,2_2759,2_1634,2_4067,2_1382,1_9247
2000-01-08 11:00:00,9_7571,9_5943,7_9402,5_8349,4_9653,3_5505,2_9268,2_2841,2_1707,2_4159,2_1467,1_9326
2000-01-08 12:00:00,9_7783,9_613,7_9519,5_8534,4_9818,3_5635,2_9388,2_2922,2_1779,2_425,2_155,1_9403
2000-01-08 13:00:00,9_8005,9_6321,7_964,5_872,4_9984,3_5766,2_9508,2_3002,2_1851,2_434,2_1632,1_948
2000-01-08 14:00:00,9_8235,9_6519,7_9764,5_8909,5_0152,3_5897,2_9627,2_3082,2_1922,2_443,2_1713,1_9556
2000-01-08 15:00:00,9_8469,9_672,7_9891,5_91,5_0323,3_6031,2_9746,2_3163,2_1994,2_452,2_1793,1_9633
2000-01-08 16:00:00,9_8701,9_6917,8_0024,5_9293,5_0496,3_6167,2_9867,2_3244,2_2066,2_4611,2_1873,1_971
2000-01-08 17:00:00,9_8922,9_7104,8_0161,5_9489,5_0672,3_6305,2_9988,2_3326,2_214,2_4704,2_1954,1_9788
2000-01-08 18:00:00,9_9136,9_7284,8_0299,5_9688,5_0851,3_6445,3_0111,2_3409,2_2213,2_4796,2_2034,1_9866
2000-01-08 19:00:00,9_9347,9_746,8_0441,5_9887,5_1031,3_6583,3_0235,2_3492,2_2288,2_489,2_2115,1_9945
2000-01-08 20:00:00,9_9559,9_7637,8_0587,6_0087,5_1211,3_6718,3_036,2_3577,2_2363,2_4985,2_2196,2_0025
2000-01-08 21:00:00,9_9773,9_7818,8_0741,6_0288,5_1391,3_685,3_0485,2_3664,2_244,2_5083,2_2278,2_0107
2000-01-08 22:00:00,9_9983,9_7998,8_0904,6_049,5_157,3_6979,3_0612,2_3752,2_2518,2_5182,2_2361,2_0191
2000-01-08 23:00:00,10_019,9_8173,8_1076,6_0694,5_175,3_7106,3_0738,2_3842,2_2598,2_5283,2_2446,2_0276
2000-01-09 00:00:00,10_038,9_8351,8_1245,6_0901,5_1931,3_7232,3_0866,2_3933,2_268,2_5386,2_2531,2_0363
2000-01-09 01:00:00,10_055,9_8534,8_1417,6_1105,5_2113,3_7356,3_0993,2_4027,2_2763,2_5492,2_2618,2_0452
2000-01-09 02:00:00,10_07,9_871,8_1592,6_131,5_2299,3_7478,3_1121,2_4122,2_2848,2_5599,2_2706,2_0542
2000-01-09 03:00:00,10_084,9_8876,8_1771,6_1517,5_2487,3_76,3_125,2_422,2_2934,2_5709,2_2796,2_0634
2000-01-09 04:00:00,10_096,9_9028,8_1961,6_1732,5_268,3_7721,3_1381,2_4319,2_3022,2_5821,2_2887,2_0728
2000-01-09 05:00:00,10_106,9_9167,8_2157,6_1949,5_2877,3_7843,3_1514,2_4422,2_3113,2_5937,2_298,2_0825
2000-01-09 06:00:00,10_115,9_9296,8_2357,6_2165,5_3079,3_7966,3_1651,2_4528,2_3206,2_6057,2_3075,2_0925
2000-01-09 07:00:00,10_124,9_9416,8_2555,6_238,5_3286,3_8089,3_1793,2_4636,2_3302,2_6179,2_3172,2_1027
2000-01-09 08:00:00,10_131,9_9526,8_2757,6_2598,5_3502,3_8215,3_1936,2_4749,2_3401,2_6308,2_3273,2_1133
2000-01-09 09:00:00,10_138,9_9629,8_2967,6_2816,5_3728,3_8342,3_208,2_487,2_3506,2_6444,2_3379,2_1244
2000-01-09 10:00:00,10_144,9_9725,8_3183,6_3039,5_3963,3_8471,3_2223,2_4998,2_3618,2_6589,2_3492,2_1362
2000-01-09 11:00:00,10_15,9_9814,8_3396,6_3269,5_4208,3_8603,3_2368,2_5136,2_3738,2_6743,2_3612,2_1485
2000-01-09 12:00:00,10_156,9_9897,8_3605,6_3501,5_4458,3_8739,3_2515,2_5284,2_3867,2_6908,2_3741,2_1616
2000-01-09 13:00:00,10_161,9_9976,8_3808,6_3729,5_471,3_8879,3_2665,2_5444,2_4006,2_7086,2_388,2_1756
2000-01-09 14:00:00,10_166,10_005,8_4003,6_3933,5_4964,3_9023,3_282,2_5617,2_4158,2_7277,2_403,2_1905
2000-01-09 15:00:00,10_17,10_012,8_419,6_4114,5_5226,3_9171,3_2977,2_5803,2_432,2_748,2_4191,2_2063
2000-01-09 16:00:00,10_175,10_019,8_437,6_4275,5_5491,3_9325,3_314,2_6001,2_4495,2_7697,2_4363,2_2229
2000-01-09 17:00:00,10_179,10_026,8_4546,6_442,5_5752,3_9479,3_3306,2_6213,2_4681,2_7927,2_4547,2_2405
2000-01-09 18:00:00,10_183,10_033,8_4719,6_4552,5_6008,3_9633,3_3476,2_6433,2_4875,2_8166,2_4738,2_2589
2000-01-09 19:00:00,10_187,10_04,8_4889,6_4675,5_6262,3_9788,3_3647,2_6659,2_5074,2_8412,2_4935,2_2779
2000-01-09 20:00:00,10_191,10_047,8_5054,6_4791,5_6512,3_9944,3_3818,2_6886,2_5277,2_8662,2_5135,2_2974
2000-01-09 21:00:00,10_195,10_054,8_5215,6_4901,5_6761,4_0099,3_3988,2_7116,2_5482,2_8914,2_5338,2_3173
2000-01-09 22:00:00,10_2,10_061,8_5372,6_5006,5_7015,4_0255,3_4157,2_7341,2_5683,2_9164,2_5536,2_337
2000-01-09 23:00:00,10_204,10_068,8_5525,6_5108,5_727,4_0412,3_4323,2_7563,2_5881,2_9409,2_5732,2_3566
2000-01-10 00:00:00,10_208,10_076,8_5676,6_5211,5_7526,4_0569,3_4485,2_7781,2_6076,2_9653,2_5924,2_3762
2000-01-10 01:00:00,10_212,10_083,8_5824,6_5316,5_7779,4_0726,3_4642,2_7995,2_6267,2_9892,2_6112,2_3956
2000-01-10 02:00:00,10_217,10_092,8_5972,6_5427,5_8025,4_088,3_4793,2_8202,2_6451,3_0125,2_6293,2_4147
2000-01-10 03:00:00,10_222,10_1,8_6121,6_5544,5_8266,4_1031,3_4938,2_8399,2_6624,3_0348,2_6464,2_4333
2000-01-10 04:00:00,10_226,10_109,8_627,6_5669,5_85,4_1181,3_5077,2_8584,2_6788,3_0559,2_6625,2_4514
2000-01-10 05:00:00,10_231,10_118,8_6418,6_5802,5_8727,4_1332,3_5213,2_8759,2_6941,3_0758,2_6776,2_4689
2000-01-10 06:00:00,10_236,10_127,8_6563,6_5944,5_8943,4_1482,3_5344,2_8925,2_7085,3_0948,2_6918,2_4858
2000-01-10 07:00:00,10_241,10_136,8_6706,6_6099,5_9136,4_1631,3_5469,2_9083,2_7222,3_113,2_7053,2_5023
2000-01-10 08:00:00,10_246,10_146,8_6847,6_6263,5_9312,4_1782,3_5592,2_9237,2_7356,3_1307,2_7185,2_5184
2000-01-10 09:00:00,10_251,10_155,8_6986,6_6434,5_9475,4_1937,3_5714,2_939,2_7489,3_1483,2_7316,2_5342
2000-01-10 10:00:00,10_257,10_165,8_7125,6_6612,5_9626,4_2094,3_5835,2_9542,2_7623,3_1659,2_7448,2_55
2000-01-10 11:00:00,10_262,10_175,8_7264,6_6795,5_9765,4_2257,3_5955,2_9694,2_7761,3_1835,2_7583,2_5661
2000-01-10 12:00:00,10_268,10_185,8_7401,6_6979,5_9894,4_2424,3_6075,2_9847,2_7901,3_2012,2_7721,2_5822
2000-01-10 13:00:00,10_274,10_196,8_7539,6_716,6_0015,4_2598,3_6197,3,2_8045,3_2191,2_7863,2_5987
2000-01-10 14:00:00,10_28,10_207,8_7678,6_7337,6_0129,4_2776,3_6319,3_0155,2_8195,3_2369,2_8012,2_6154
2000-01-10 15:00:00,10_287,10_219,8_7821,6_7506,6_0237,4_2961,3_6443,3_0311,2_835,3_2549,2_8165,2_632
2000-01-10 16:00:00,10_294,10_231,8_7968,6_767,6_0339,4_315,3_6569,3_0468,2_8511,3_273,2_8323,2_6487
2000-01-10 17:00:00,10_303,10_244,8_8122,6_7828,6_0434,4_334,3_6693,3_0624,2_8675,3_2909,2_8486,2_6654
2000-01-10 18:00:00,10_311,10_258,8_8282,6_7982,6_0524,4_3525,3_6816,3_0778,2_8842,3_3086,2_8651,2_6818
2000-01-10 19:00:00,10_321,10_272,8_8447,6_8134,6_061,4_3709,3_6939,3_0929,2_9009,3_3258,2_8816,2_6978
2000-01-10 20:00:00,10_332,10_287,8_8619,6_8283,6_0693,4_3892,3_7063,3_1077,2_9175,3_3426,2_898,2_7134
2000-01-10 21:00:00,10_344,10_305,8_8799,6_843,6_0773,4_4075,3_7189,3_1221,2_9342,3_3591,2_9146,2_7286
2000-01-10 22:00:00,10_361,10_327,8_8996,6_8575,6_085,4_426,3_7318,3_1362,2_9507,3_3753,2_9309,2_7435
2000-01-10 23:00:00,10_381,10_352,8_9223,6_8724,6_0927,4_4445,3_7449,3_15,2_967,3_391,2_9471,2_7581
2000-01-11 00:00:00,10_401,10_377,8_9482,6_8882,6_1007,4_4635,3_7582,3_1634,2_9832,3_4064,2_963,2_7724
2000-01-11 01:00:00,10_419,10_398,8_9756,6_9052,6_1091,4_4833,3_7721,3_1766,2_9993,3_4216,2_979,2_7866
2000-01-11 02:00:00,10_435,10_416,9_0028,6_9233,6_1181,4_5046,3_7869,3_19,3_0157,3_4369,2_9953,2_801
2000-01-11 03:00:00,10_449,10_432,9_0281,6_9418,6_1273,4_5274,3_8031,3_204,3_033,3_4526,3_0124,2_8159
2000-01-11 04:00:00,10_462,10_446,9_0515,6_9601,6_1366,4_5514,3_8206,3_219,3_0512,3_4691,3_0304,2_8316
2000-01-11 05:00:00,10_474,10_459,9_0732,6_9782,6_1459,4_5762,3_8395,3_2345,3_0698,3_4858,3_0489,2_8476
2000-01-11 06:00:00,10_486,10_472,9_0935,6_9958,6_1552,4_602,3_8596,3_2505,3_0887,3_5027,3_0675,2_8638
2000-01-11 07:00:00,10_497,10_484,9_1128,7_0129,6_1642,4_6279,3_8809,3_2673,3_1081,3_52,3_0868,2_8805
2000-01-11 08:00:00,10_509,10_496,9_1314,7_0294,6_1731,4_6541,3_9035,3_2854,3_1286,3_5384,3_1071,2_8981
2000-01-11 09:00:00,10_521,10_508,9_1497,7_0455,6_182,4_6802,3_9271,3_3047,3_1501,3_5575,3_1284,2_9165
2000-01-11 10:00:00,10_534,10_52,9_1682,7_0611,6_1907,4_7061,3_9513,3_3249,3_1721,3_577,3_1501,2_9352
2000-01-11 11:00:00,10_546,10_533,9_1873,7_0765,6_1995,4_7313,3_9756,3_3457,3_1943,3_5966,3_1721,2_9542
2000-01-11 12:00:00,10_559,10_546,9_2067,7_0916,6_2084,4_7558,3_9997,3_3671,3_2167,3_6163,3_1942,2_9733
2000-01-11 13:00:00,10_573,10_56,9_2265,7_1067,6_2173,4_7798,4_0234,3_3888,3_2388,3_6358,3_2161,2_9923
2000-01-11 14:00:00,10_588,10_575,9_2465,7_1218,6_2265,4_8033,4_0465,3_4106,3_2605,3_655,3_2376,3_011
2000-01-11 15:00:00,10_603,10_59,9_2669,7_1369,6_2359,4_8265,4_0691,3_4325,3_2819,3_6739,3_2588,3_0294
2000-01-11 16:00:00,10_618,10_607,9_2875,7_152,6_2457,4_8493,4_0909,3_4472,3_2971,3_6886,3_2725,3_0362
2000-01-11 17:00:00,10_635,10_624,9_3085,7_1664,6_2555,4_8711,4_1114,3_4746,3_3219,3_7098,3_2983,3_0638
2000-01-11 18:00:00,10_653,10_642,9_3296,7_1805,6_2652,4_8932,4_1327,3_4958,3_342,3_7282,3_3182,3_0811
2000-01-11 19:00:00,10_671,10_661,9_3511,7_1947,6_2753,4_9143,4_1527,3_5156,3_3607,3_7456,3_3367,3_0973
2000-01-11 20:00:00,10_691,10_681,9_3729,7_209,6_2857,4_9347,4_1717,3_5341,3_3782,3_7622,3_3541,3_1124
2000-01-11 21:00:00,10_711,10_701,9_3953,7_2236,6_2965,4_9545,4_1901,3_5516,3_3949,3_7782,3_3705,3_1267
2000-01-11 22:00:00,10_731,10_721,9_418,7_2387,6_308,4_9739,4_2079,3_5685,3_4108,3_7938,3_3863,3_1404
2000-01-11 23:00:00,10_751,10_742,9_4412,7_2543,6_3202,4_993,4_2253,3_5847,3_4261,3_8091,3_4015,3_1536
2000-01-12 00:00:00,10_772,10_764,9_4644,7_2705,6_3332,5_0122,4_2426,3_6006,3_4411,3_8242,3_4163,3_1665
2000-01-12 01:00:00,10_793,10_785,9_4876,7_2875,6_3471,5_0313,4_2599,3_6162,3_4559,3_8394,3_431,3_1793
2000-01-12 02:00:00,10_814,10_807,9_5108,7_3052,6_3621,5_0505,4_2773,3_6318,3_4706,3_8548,3_4455,3_192
2000-01-12 03:00:00,10_835,10_829,9_5341,7_3235,6_3787,5_0702,4_295,3_6473,3_4853,3_8703,3_46,3_2047
2000-01-12 04:00:00,10_856,10_851,9_5577,7_3423,6_3973,5_0906,4_3132,3_6631,3_5002,3_8864,3_4748,3_2176
2000-01-12 05:00:00,10_878,10_873,9_5816,7_3616,6_4182,5_1117,4_3322,3_6793,3_5155,3_9032,3_4899,3_2309
2000-01-12 06:00:00,10_9,10_896,9_6056,7_3817,6_4416,5_1339,4_352,3_696,3_5312,3_9209,3_5055,3_2446
2000-01-12 07:00:00,10_922,10_919,9_6302,7_4023,6_4664,5_1564,4_3728,3_7134,3_5476,3_9395,3_5216,3_2587
2000-01-12 08:00:00,10_946,10_944,9_6557,7_4233,6_4925,5_1788,4_3929,3_7297,3_563,3_9574,3_5369,3_2721
2000-01-12 09:00:00,10_971,10_97,9_6824,7_4447,6_5199,5_2028,4_4154,3_7482,3_5804,3_9776,3_5541,3_2871
2000-01-12 10:00:00,10_998,10_997,9_7104,7_4668,6_5489,5_2278,4_4385,3_7671,3_5981,3_9982,3_5716,3_3024
2000-01-12 11:00:00,11_026,11_027,9_74,7_4896,6_5794,5_254,4_4626,3_7867,3_6165,4_0198,3_5897,3_3182
2000-01-12 12:00:00,11_056,11_058,9_7713,7_5134,6_6115,5_2817,4_4879,3_8073,3_6357,4_0424,3_6088,3_3349
2000-01-12 13:00:00,11_089,11_092,9_8052,7_5381,6_6448,5_3107,4_5147,3_829,3_6561,4_0663,3_629,3_3525
2000-01-12 14:00:00,11_125,11_13,9_8418,7_5643,6_6797,5_341,4_5427,3_8519,3_6776,4_0913,3_6501,3_371
2000-01-12 15:00:00,11_163,11_17,9_8813,7_5922,6_7168,5_3731,4_5722,3_8759,3_7001,4_1177,3_6724,3_3904
2000-01-12 16:00:00,11_204,11_212,9_9233,7_622,6_7562,5_4073,4_6036,3_9014,3_724,4_1457,3_696,3_411
2000-01-12 17:00:00,11_245,11_255,9_9676,7_6546,6_7975,5_4436,4_6372,3_9288,3_7496,4_1757,3_7214,3_4331
2000-01-12 18:00:00,11_287,11_298,10_013,7_6901,6_8408,5_482,4_6727,3_958,3_7769,4_2075,3_7484,3_4566
2000-01-12 19:00:00,11_328,11_34,10_058,7_728,6_8857,5_5223,4_7103,3_9889,3_8059,4_2412,3_777,3_4816
2000-01-12 20:00:00,11_368,11_382,10_104,7_7683,6_9316,5_5642,4_7498,4_0215,3_8365,4_2766,3_8072,3_508
2000-01-12 21:00:00,11_407,11_422,10_149,7_8106,6_978,5_6072,4_7906,4_0553,3_8683,4_3134,3_8387,3_5354
2000-01-12 22:00:00,11_446,11_462,10_194,7_8548,7_0243,5_6509,4_8326,4_0902,3_9011,4_3513,3_8711,3_5638
2000-01-12 23:00:00,11_483,11_501,10_239,7_9008,7_0699,5_6949,4_8753,4_1259,3_9346,4_39,3_9043,3_5928
2000-01-13 00:00:00,11_519,11_538,10_282,7_947,7_1151,5_739,4_9181,4_1619,3_9685,4_4289,3_9378,3_622
2000-01-13 01:00:00,11_554,11_573,10_325,7_993,7_1603,5_7833,4_9612,4_1978,4_0022,4_4679,3_9711,3_651
2000-01-13 02:00:00,11_587,11_608,10_365,8_0382,7_2051,5_8275,5_0043,4_2336,4_0359,4_507,4_0044,3_68
2000-01-13 03:00:00,11_619,11_641,10_404,8_0822,7_249,5_8712,5_0471,4_2695,4_0695,4_546,4_0377,3_7091
2000-01-13 04:00:00,11_65,11_673,10_442,8_125,7_2919,5_9142,5_0894,4_3051,4_103,4_5846,4_0708,3_7379
2000-01-13 05:00:00,11_681,11_704,10_479,8_1666,7_3335,5_9564,5_1312,4_3403,4_1361,4_6227,4_1035,3_7665
2000-01-13 06:00:00,11_71,11_735,10_514,8_207,7_374,5_9975,5_172,4_3749,4_1687,4_6603,4_1357,3_7947
2000-01-13 07:00:00,11_739,11_765,10_549,8_2463,7_4135,6_0376,5_2119,4_4089,4_2007,4_6971,4_1674,3_8223
2000-01-13 08:00:00,11_768,11_794,10_584,8_2847,7_4519,6_0768,5_2508,4_4421,4_232,4_733,4_1983,3_8493
2000-01-13 09:00:00,11_796,11_823,10_617,8_3222,7_4893,6_1151,5_2889,4_4746,4_2625,4_7681,4_2285,3_8757
2000-01-13 10:00:00,11_824,11_852,10_651,8_3591,7_526,6_1525,5_3261,4_5064,4_2925,4_8025,4_2581,3_9016
2000-01-13 11:00:00,11_852,11_882,10_684,8_3953,7_5621,6_1891,5_3627,4_5376,4_3219,4_8363,4_2872,3_927
2000-01-13 12:00:00,11_881,11_911,10_717,8_4312,7_5976,6_2252,5_3987,4_5684,4_3509,4_8696,4_3158,3_952
2000-01-13 13:00:00,11_91,11_941,10_75,8_4668,7_6329,6_2608,5_4341,4_5987,4_3794,4_9024,4_3441,3_9767
2000-01-13 14:00:00,11_94,11_972,10_783,8_5023,7_6679,6_2961,5_4692,4_6287,4_4077,4_9349,4_372,4_0011
2000-01-13 15:00:00,11_972,12_005,10_816,8_5375,7_7026,6_331,5_5041,4_6586,4_4358,4_9672,4_3999,4_0254
2000-01-13 16:00:00,12_005,12_038,10_849,8_5727,7_7372,6_3657,5_5387,4_6883,4_4638,4_9993,4_4276,4_0496
2000-01-13 17:00:00,12_039,12_073,10_884,8_6077,7_7716,6_4003,5_5732,4_718,4_4917,5_0313,4_4552,4_0738
2000-01-13 18:00:00,12_074,12_109,10_92,8_6426,7_8059,6_4347,5_6076,4_7476,4_5196,5_0632,4_4827,4_0979
2000-01-13 19:00:00,12_109,12_145,10_957,8_6779,7_8404,6_4692,5_6419,4_7771,4_5474,5_095,4_5102,4_1219
2000-01-13 20:00:00,12_145,12_182,10_995,8_7136,7_8752,6_5038,5_6763,4_8067,4_5753,5_127,4_5378,4_1461
2000-01-13 21:00:00,12_182,12_219,11_033,8_7498,7_9104,6_5388,5_711,4_8366,4_6035,5_1592,4_5656,4_1704
2000-01-13 22:00:00,12_218,12_256,11_071,8_7864,7_9461,6_5742,5_746,4_8668,4_6319,5_1917,4_5938,4_1951
2000-01-13 23:00:00,12_255,12_294,11_11,8_8233,7_9821,6_6099,5_7813,4_8977,4_661,5_2249,4_6225,4_2202
2000-01-14 00:00:00,12_292,12_331,11_148,8_8605,8_0183,6_6455,5_8159,4_9292,4_6914,5_2575,4_6527,4_2475
2000-01-14 01:00:00,12_328,12_369,11_187,8_8978,8_0545,6_6808,5_85,4_9599,4_7211,5_2895,4_6821,4_2742
2000-01-14 02:00:00,12_365,12_406,11_226,8_9351,8_0905,6_7157,5_8834,4_9896,4_7495,5_3206,4_7102,4_2995
2000-01-14 03:00:00,12_401,12_443,11_264,8_9722,8_1263,6_7502,5_9164,5_0188,4_7775,5_3512,4_7379,4_3244
2000-01-14 04:00:00,12_437,12_48,11_302,9_0091,8_1619,6_7844,5_949,5_0477,4_8051,5_3815,4_7653,4_3491
2000-01-14 05:00:00,12_473,12_516,11_34,9_0457,8_1972,6_8183,5_9814,5_0763,4_8326,5_4116,4_7925,4_3737
2000-01-14 06:00:00,12_508,12_552,11_377,9_0819,8_2322,6_852,6_0136,5_1048,4_86,5_4414,4_8196,4_3981
2000-01-14 07:00:00,12_541,12_586,11_413,9_1176,8_2668,6_8853,6_0455,5_1332,4_8872,5_4711,4_8465,4_4225
2000-01-14 08:00:00,12_574,12_62,11_449,9_1527,8_3008,6_9183,6_0771,5_1613,4_9141,5_5005,4_8732,4_4466
2000-01-14 09:00:00,12_606,12_652,11_483,9_187,8_3343,6_9507,6_1083,5_189,4_9408,5_5295,4_8996,4_4706
2000-01-14 10:00:00,12_636,12_683,11_516,9_2204,8_367,6_9825,6_139,5_2164,4_9672,5_5581,4_9257,4_4942
2000-01-14 11:00:00,12_665,12_712,11_548,9_2529,8_3988,7_0136,6_169,5_2433,4_993,5_5862,4_9513,4_5174
2000-01-14 12:00:00,12_693,12_741,11_579,9_2843,8_4296,7_0439,6_1983,5_2695,5_0183,5_6136,4_9763,4_5401
2000-01-14 13:00:00,12_72,12_768,11_608,9_3145,8_4594,7_0732,6_2268,5_2951,5_0429,5_6402,5_0007,4_5623
2000-01-14 14:00:00,12_746,12_794,11_636,9_3437,8_4881,7_1016,6_2543,5_3199,5_0669,5_6661,5_0244,4_5838
2000-01-14 15:00:00,12_77,12_819,11_663,9_3716,8_5157,7_1289,6_281,5_3439,5_09,5_691,5_0474,4_6047
2000-01-14 16:00:00,12_794,12_842,11_689,9_3985,8_5422,7_1553,6_3066,5_367,5_1123,5_7151,5_0695,4_6248
2000-01-14 17:00:00,12_816,12_865,11_714,9_4243,8_5676,7_1806,6_3313,5_3894,5_1339,5_7383,5_0908,4_6442
2000-01-14 18:00:00,12_838,12_887,11_737,9_449,8_5921,7_2049,6_355,5_4108,5_1546,5_7606,5_1114,4_6629
2000-01-14 19:00:00,12_858,12_908,11_76,9_4728,8_6156,7_2282,6_3778,5_4315,5_1745,5_782,5_1311,4_6809
2000-01-14 20:00:00,12_878,12_929,11_782,9_4956,8_6381,7_2507,6_3997,5_4513,5_1937,5_8026,5_1501,4_6982
2000-01-14 21:00:00,12_898,12_948,11_803,9_5175,8_6598,7_2722,6_4208,5_4704,5_2121,5_8224,5_1684,4_7148
2000-01-14 22:00:00,12_916,12_967,11_823,9_5386,8_6806,7_2929,6_441,5_4887,5_2298,5_8415,5_1859,4_7308
2000-01-14 23:00:00,12_934,12_985,11_843,9_5589,8_7006,7_3128,6_4604,5_5063,5_2468,5_8597,5_2028,4_7463
2000-01-15 00:00:00,12_952,13_003,11_862,9_5784,8_7199,7_332,6_4791,5_5233,5_2632,5_8773,5_2191,4_7611
2000-01-15 01:00:00,12_969,13_02,11_88,9_5973,8_7385,7_3504,6_4971,5_5396,5_279,5_8943,5_2348,4_7754
2000-01-15 02:00:00,12_985,13_037,11_898,9_6155,8_7564,7_3682,6_5144,5_5554,5_2942,5_9106,5_2499,4_7892
2000-01-15 03:00:00,13_001,13_053,11_915,9_6331,8_7737,7_3853,6_5312,5_5706,5_3089,5_9264,5_2645,4_8025
2000-01-15 04:00:00,13_016,13_069,11_932,9_6501,8_7904,7_4019,6_5473,5_5853,5_3231,5_9416,5_2785,4_8154
2000-01-15 05:00:00,13_031,13_084,11_948,9_6666,8_8067,7_4179,6_563,5_5995,5_3369,5_9563,5_2922,4_8279
2000-01-15 06:00:00,13_045,13_098,11_964,9_6827,8_8224,7_4334,6_5781,5_6132,5_3502,5_9706,5_3054,4_84
2000-01-15 07:00:00,13_059,13_112,11_979,9_6982,8_8376,7_4485,6_5928,5_6266,5_3631,5_9844,5_3182,4_8517
2000-01-15 08:00:00,13_073,13_126,11_993,9_7132,8_8524,7_463,6_6071,5_6395,5_3756,5_9978,5_3306,4_8631
2000-01-15 09:00:00,13_085,13_139,12_007,9_7277,8_8666,7_4771,6_6208,5_6521,5_3877,6_0108,5_3426,4_8741
2000-01-15 10:00:00,13_098,13_151,12_021,9_7417,8_8803,7_4907,6_6342,5_6642,5_3994,6_0234,5_3543,4_8848
2000-01-15 11:00:00,13_109,13_163,12_034,9_7551,8_8936,7_5039,6_647,5_6759,5_4108,6_0355,5_3655,4_8951
2000-01-15 12:00:00,13_12,13_174,12_046,9_768,8_9062,7_5165,6_6594,5_6872,5_4217,6_0472,5_3764,4_905
2000-01-15 13:00:00,13_131,13_185,12_058,9_7803,8_9184,7_5286,6_6713,5_6981,5_4323,6_0585,5_3869,4_9146
2000-01-15 14:00:00,13_141,13_196,12_069,9_7922,8_9301,7_5402,6_6827,5_7086,5_4424,6_0693,5_3969,4_9239
2000-01-15 15:00:00,13_151,13_206,12_08,9_8035,8_9413,7_5514,6_6937,5_7186,5_4521,6_0797,5_4066,4_9327
2000-01-15 16:00:00,13_161,13_215,12_09,9_8144,8_952,7_5621,6_7042,5_7283,5_4615,6_0896,5_4159,4_9412
2000-01-15 17:00:00,13_17,13_224,12_1,9_8248,8_9623,7_5723,6_7143,5_7375,5_4704,6_0992,5_4247,4_9494
2000-01-15 18:00:00,13_178,13_233,12_109,9_8347,8_9721,7_5822,6_724,5_7464,5_479,6_1083,5_4333,4_9572
2000-01-15 19:00:00,13_187,13_242,12_119,9_8443,8_9816,7_5916,6_7332,5_7548,5_4872,6_1171,5_4414,4_9647
2000-01-15 20:00:00,13_195,13_25,12_127,9_8535,8_9906,7_6006,6_7421,5_763,5_4951,6_1255,5_4492,4_9719
2000-01-15 21:00:00,13_202,13_258,12_136,9_8623,8_9993,7_6093,6_7506,5_7708,5_5027,6_1335,5_4568,4_9788
2000-01-15 22:00:00,13_21,13_265,12_144,9_8708,9_0076,7_6176,6_7588,5_7783,5_5099,6_1413,5_464,4_9854
2000-01-15 23:00:00,13_217,13_273,12_152,9_8789,9_0157,7_6256,6_7666,5_7855,5_5169,6_1487,5_4709,4_9918
2000-01-16 00:00:00,13_224,13_28,12_159,9_8868,9_0234,7_6333,6_7742,5_7924,5_5236,6_1559,5_4776,4_9979
2000-01-16 01:00:00,13_231,13_287,12_167,9_8944,9_0309,7_6407,6_7814,5_7991,5_5301,6_1627,5_484,5_0038
2000-01-16 02:00:00,13_238,13_293,12_174,9_9018,9_0381,7_6478,6_7885,5_8055,5_5363,6_1694,5_4902,5_0095
2000-01-16 03:00:00,13_244,13_3,12_181,9_9089,9_0451,7_6548,6_7952,5_8117,5_5423,6_1758,5_4961,5_015
2000-01-16 04:00:00,13_25,13_306,12_188,9_9158,9_0519,7_6615,6_8018,5_8177,5_5482,6_182,5_5019,5_0203
2000-01-16 05:00:00,13_256,13_312,12_194,9_9225,9_0584,7_668,6_8082,5_8236,5_5538,6_188,5_5075,5_0255
2000-01-16 06:00:00,13_262,13_318,12_2,9_9289,9_0648,7_6743,6_8143,5_8292,5_5593,6_1939,5_513,5_0305
2000-01-16 07:00:00,13_267,13_323,12_206,9_9351,9_0709,7_6803,6_8203,5_8347,5_5646,6_1995,5_5182,5_0353
2000-01-16 08:00:00,13_272,13_328,12_212,9_941,9_0767,7_6862,6_826,5_8399,5_5697,6_2049,5_5233,5_04
2000-01-16 09:00:00,13_276,13_333,12_217,9_9465,9_0822,7_6917,6_8315,5_845,5_5746,6_2101,5_5281,5_0444
2000-01-16 10:00:00,13_28,13_336,12_221,9_9516,9_0873,7_6969,6_8366,5_8498,5_5792,6_215,5_5328,5_0487
2000-01-16 11:00:00,13_283,13_34,12_225,9_9562,9_092,7_7017,6_8415,5_8542,5_5836,6_2196,5_5371,5_0527
2000-01-16 12:00:00,13_286,13_343,12_229,9_9605,9_0963,7_7062,6_8459,5_8584,5_5876,6_2239,5_5411,5_0564
2000-01-16 13:00:00,13_288,13_345,12_232,9_9642,9_1002,7_7103,6_85,5_8622,5_5913,6_2278,5_5448,5_0598
2000-01-16 14:00:00,13_29,13_347,12_234,9_9675,9_1036,7_7139,6_8538,5_8657,5_5947,6_2313,5_5481,5_0629
2000-01-16 15:00:00,13_292,13_348,12_236,9_9704,9_1066,7_7171,6_8571,5_8688,5_5977,6_2345,5_5512,5_0656
2000-01-16 16:00:00,13_293,13_349,12_238,9_9728,9_1092,7_7199,6_86,5_8715,5_6004,6_2373,5_5538,5_0681
2000-01-16 17:00:00,13_293,13_35,12_239,9_9748,9_1114,7_7223,6_8625,5_8739,5_6027,6_2397,5_5561,5_0702
2000-01-16 18:00:00,13_294,13_35,12_24,9_9764,9_1131,7_7243,6_8646,5_8759,5_6047,6_2418,5_5581,5_072
2000-01-16 19:00:00,13_294,13_35,12_24,9_9776,9_1145,7_726,6_8663,5_8776,5_6063,6_2435,5_5597,5_0735
2000-01-16 20:00:00,13_293,13_35,12_24,9_9784,9_1155,7_7272,6_8677,5_879,5_6076,6_2448,5_561,5_0747
2000-01-16 21:00:00,13_293,13_349,12_24,9_9789,9_1162,7_7281,6_8688,5_88,5_6086,6_2459,5_562,5_0757
2000-01-16 22:00:00,13_292,13_348,12_239,9_979,9_1165,7_7287,6_8695,5_8807,5_6093,6_2466,5_5627,5_0763
2000-01-16 23:00:00,13_291,13_347,12_239,9_9789,9_1165,7_729,6_8699,5_8811,5_6098,6_247,5_5631,5_0767
2000-01-17 00:00:00,13_29,13_346,12_237,9_9784,9_1163,7_729,6_87,5_8813,5_61,6_2472,5_5633,5_0769
2000-01-17 01:00:00,13_288,13_344,12_236,9_9777,9_1158,7_7287,6_8698,5_8812,5_6099,6_2471,5_5632,5_0768
2000-01-17 02:00:00,13_286,13_342,12_235,9_9768,9_115,7_7281,6_8694,5_8809,5_6096,6_2467,5_5629,5_0766
2000-01-17 03:00:00,13_285,13_34,12_233,9_9756,9_114,7_7273,6_8688,5_8804,5_6091,6_2461,5_5624,5_0761
2000-01-17 04:00:00,13_282,13_338,12_231,9_9743,9_1128,7_7263,6_8679,5_8796,5_6084,6_2454,5_5617,5_0755
2000-01-17 05:00:00,13_28,13_336,12_229,9_9727,9_1114,7_7252,6_8669,5_8787,5_6075,6_2444,5_5609,5_0747
2000-01-17 06:00:00,13_278,13_333,12_227,9_9709,9_1098,7_7238,6_8656,5_8776,5_6064,6_2433,5_5598,5_0737
2000-01-17 07:00:00,13_275,13_33,12_224,9_9689,9_108,7_7222,6_8642,5_8763,5_6052,6_2419,5_5586,5_0726
2000-01-17 08:00:00,13_271,13_327,12_221,9_9666,9_106,7_7204,6_8625,5_8749,5_6038,6_2404,5_5572,5_0713
2000-01-17 09:00:00,13_268,13_323,12_218,9_964,9_1036,7_7183,6_8607,5_8732,5_6022,6_2387,5_5556,5_0699
2000-01-17 10:00:00,13_264,13_319,12_214,9_9611,9_101,7_716,6_8586,5_8714,5_6004,6_2368,5_5539,5_0683
2000-01-17 11:00:00,13_26,13_315,12_21,9_9579,9_0981,7_7134,6_8562,5_8693,5_5984,6_2346,5_5519,5_0664
2000-01-17 12:00:00,13_255,13_31,12_205,9_9544,9_0949,7_7105,6_8536,5_8669,5_5961,6_2322,5_5496,5_0644
2000-01-17 13:00:00,13_25,13_305,12_201,9_9505,9_0914,7_7074,6_8507,5_8643,5_5936,6_2295,5_5471,5_0621
2000-01-17 14:00:00,13_245,13_3,12_195,9_9463,9_0875,7_7039,6_8475,5_8614,5_5909,6_2265,5_5444,5_0596
2000-01-17 15:00:00,13_239,13_294,12_19,9_9418,9_0833,7_7001,6_8439,5_8583,5_5878,6_2232,5_5414,5_0568
2000-01-17 16:00:00,13_233,13_288,12_184,9_9369,9_0789,7_696,6_8402,5_8549,5_5846,6_2197,5_5381,5_0539
2000-01-17 17:00:00,13_227,13_281,12_178,9_9318,9_0741,7_6916,6_8361,5_8512,5_581,6_2159,5_5346,5_0506
2000-01-17 18:00:00,13_22,13_275,12_172,9_9263,9_069,7_6869,6_8317,5_8473,5_5772,6_2119,5_5309,5_0472
2000-01-17 19:00:00,13_214,13_268,12_165,9_9206,9_0636,7_682,6_8271,5_8432,5_5732,6_2075,5_5269,5_0435
2000-01-17 20:00:00,13_207,13_261,12_158,9_9146,9_058,7_6768,6_8222,5_8387,5_569,6_203,5_5227,5_0397
2000-01-17 21:00:00,13_2,13_253,12_151,9_9083,9_0522,7_6713,6_817,5_8341,5_5645,6_1982,5_5182,5_0356
2000-01-17 22:00:00,13_192,13_246,12_144,9_9018,9_0461,7_6656,6_8117,5_8293,5_5598,6_1932,5_5136,5_0313
2000-01-17 23:00:00,13_185,13_238,12_136,9_8951,9_0397,7_6597,6_806,5_8242,5_5549,6_1879,5_5087,5_0269
2000-01-18 00:00:00,13_177,13_23,12_128,9_8881,9_0332,7_6535,6_8002,5_819,5_5499,6_1825,5_5037,5_0223
2000-01-18 01:00:00,13_169,13_222,12_12,9_881,9_0264,7_6472,6_7942,5_8135,5_5446,6_1769,5_4985,5_0175
2000-01-18 02:00:00,13_161,13_214,12_112,9_8737,9_0195,7_6407,6_788,5_808,5_5392,6_1711,5_4931,5_0126
2000-01-18 03:00:00,13_153,13_206,12_104,9_8662,9_0124,7_6339,6_7817,5_8022,5_5337,6_1651,5_4876,5_0075
2000-01-18 04:00:00,13_145,13_197,12_095,9_8585,9_0052,7_6271,6_7751,5_7963,5_5279,6_159,5_482,5_0023
2000-01-18 05:00:00,13_136,13_189,12_087,9_8507,8_9978,7_6201,6_7684,5_7903,5_5221,6_1527,5_4762,4_997
2000-01-18 06:00:00,13_127,13_18,12_078,9_8427,8_9902,7_6129,6_7616,5_7841,5_5162,6_1463,5_4703,4_9916
2000-01-18 07:00:00,13_118,13_17,12_069,9_8345,8_9824,7_6055,6_7546,5_7778,5_5101,6_1398,5_4642,4_986
2000-01-18 08:00:00,13_108,13_161,12_059,9_826,8_9744,7_598,6_7475,5_7713,5_5038,6_1331,5_458,4_9804
2000-01-18 09:00:00,13_098,13_15,12_049,9_8172,8_9661,7_5902,6_7401,5_7647,5_4974,6_1262,5_4516,4_9745
2000-01-18 10:00:00,13_088,13_14,12_039,9_808,8_9575,7_5821,6_7325,5_7578,5_4908,6_119,5_4451,4_9685
2000-01-18 11:00:00,13_077,13_128,12_028,9_7985,8_9485,7_5738,6_7246,5_7507,5_4839,6_1117,5_4382,4_9623
2000-01-18 12:00:00,13_066,13_117,12_017,9_7886,8_9392,7_5651,6_7164,5_7433,5_4768,6_104,5_4312,4_9558
2000-01-18 13:00:00,13_054,13_105,12_005,9_7783,8_9296,7_5561,6_7078,5_7357,5_4694,6_096,5_4239,4_9491
2000-01-18 14:00:00,13_042,13_092,11_993,9_7676,8_9195,7_5467,6_699,5_7277,5_4617,6_0878,5_4162,4_9421
2000-01-18 15:00:00,13_029,13_079,11_98,9_7565,8_9091,7_5369,6_6898,5_7194,5_4537,6_0792,5_4083,4_9348
2000-01-18 16:00:00,13_016,13_066,11_967,9_745,8_8983,7_5268,6_6803,5_7109,5_4455,6_0703,5_4001,4_9273
2000-01-18 17:00:00,13_003,13_052,11_954,9_7331,8_8871,7_5164,6_6704,5_702,5_4369,6_0611,5_3916,4_9195
2000-01-18 18:00:00,12_989,13_038,11_94,9_7209,8_8756,7_5056,6_6602,5_6928,5_428,6_0515,5_3828,4_9115
2000-01-18 19:00:00,12_975,13_024,11_926,9_7083,8_8637,7_4944,6_6496,5_6833,5_4189,6_0417,5_3737,4_9032
2000-01-18 20:00:00,12_961,13_009,11_912,9_6953,8_8515,7_4829,6_6387,5_6735,5_4094,6_0315,5_3644,4_8946
2000-01-18 21:00:00,12_946,12_994,11_897,9_6821,8_8389,7_4711,6_6276,5_6635,5_3998,6_0211,5_3548,4_8859
2000-01-18 22:00:00,12_931,12_979,11_882,9_6685,8_8261,7_459,6_6161,5_6532,5_3898,6_0104,5_3449,4_8768
2000-01-18 23:00:00,12_916,12_964,11_866,9_6547,8_813,7_4467,6_6043,5_6427,5_3797,5_9994,5_3348,4_8676
2000-01-19 00:00:00,12_9,12_948,11_851,9_6406,8_7996,7_434,6_5923,5_6319,5_3693,5_9882,5_3245,4_8582
2000-01-19 01:00:00,12_885,12_932,11_835,9_6262,8_7859,7_4211,6_5801,5_6209,5_3587,5_9768,5_314,4_8486
2000-01-19 02:00:00,12_869,12_916,11_819,9_6116,8_772,7_408,6_5676,5_6097,5_3479,5_9651,5_3033,4_8388
2000-01-19 03:00:00,12_853,12_899,11_802,9_5967,8_7579,7_3946,6_5549,5_5983,5_3369,5_9532,5_2924,4_8288
2000-01-19 04:00:00,12_836,12_883,11_786,9_5816,8_7435,7_381,6_542,5_5867,5_3257,5_9412,5_2813,4_8187
2000-01-19 05:00:00,12_82,12_866,11_769,9_5664,8_729,7_3673,6_5289,5_575,5_3144,5_929,5_27,4_8084
2000-01-19 06:00:00,12_803,12_849,11_752,9_5509,8_7143,7_3533,6_5156,5_563,5_3029,5_9166,5_2586,4_798
2000-01-19 07:00:00,12_787,12_832,11_735,9_5353,8_6994,7_3392,6_5022,5_551,5_2912,5_904,5_2471,4_7875
2000-01-19 08:00:00,12_77,12_815,11_718,9_5196,8_6843,7_3249,6_4886,5_5388,5_2795,5_8913,5_2354,4_7768
2000-01-19 09:00:00,12_753,12_798,11_701,9_5037,8_6692,7_3104,6_4748,5_5265,5_2676,5_8785,5_2236,4_7661
2000-01-19 10:00:00,12_736,12_781,11_684,9_4877,8_6539,7_2959,6_461,5_514,5_2556,5_8655,5_2118,4_7553
2000-01-19 11:00:00,12_719,12_763,11_666,9_4716,8_6385,7_2812,6_447,5_5015,5_2435,5_8525,5_1998,4_7444
2000-01-19 12:00:00,12_702,12_746,11_649,9_4554,8_623,7_2664,6_433,5_4889,5_2314,5_8394,5_1877,4_7334
2000-01-19 13:00:00,12_685,12_729,11_631,9_4391,8_6074,7_2516,6_4189,5_4762,5_2192,5_8262,5_1756,4_7224
2000-01-19 14:00:00,12_668,12_711,11_614,9_4228,8_5918,7_2367,6_4047,5_4635,5_2069,5_8129,5_1634,4_7113
2000-01-19 15:00:00,12_651,12_694,11_596,9_4064,8_5761,7_2217,6_3904,5_4507,5_1946,5_7996,5_1512,4_7002
2000-01-19 16:00:00,12_634,12_676,11_579,9_39,8_5603,7_2066,6_3761,5_4379,5_1822,5_7863,5_139,4_689
2000-01-19 17:00:00,12_616,12_659,11_561,9_3735,8_5445,7_1915,6_3617,5_425,5_1698,5_7729,5_1267,4_6779
2000-01-19 18:00:00,12_599,12_641,11_543,9_3569,8_5286,7_1764,6_3473,5_4121,5_1574,5_7594,5_1144,4_6667
2000-01-19 19:00:00,12_582,12_623,11_525,9_3403,8_5127,7_1612,6_3328,5_3991,5_1449,5_7459,5_102,4_6554
2000-01-19 20:00:00,12_564,12_605,11_507,9_3236,8_4967,7_146,6_3183,5_3862,5_1324,5_7324,5_0896,4_6442
2000-01-19 21:00:00,12_547,12_588,11_489,9_3069,8_4807,7_1306,6_3038,5_3732,5_1199,5_7188,5_0772,4_6329
2000-01-19 22:00:00,12_529,12_57,11_471,9_29,8_4645,7_1153,6_2892,5_3601,5_1073,5_7052,5_0648,4_6216
2000-01-19 23:00:00,12_511,12_552,11_453,9_2732,8_4484,7_0999,6_2745,5_347,5_0947,5_6916,5_0523,4_6102
2000-01-20 00:00:00,12_494,12_534,11_435,9_2562,8_4321,7_0844,6_2598,5_3339,5_082,5_6779,5_0397,4_5989
2000-01-20 01:00:00,12_476,12_516,11_417,9_2393,8_4158,7_0689,6_245,5_3207,5_0694,5_6641,5_0272,4_5875
2000-01-20 02:00:00,12_458,12_497,11_398,9_2222,8_3995,7_0533,6_2303,5_3075,5_0567,5_6503,5_0146,4_5761
2000-01-20 03:00:00,12_44,12_479,11_38,9_2052,8_3831,7_0377,6_2154,5_2943,5_044,5_6365,5_002,4_5646
2000-01-20 04:00:00,12_423,12_461,11_362,9_188,8_3667,7_0221,6_2006,5_2811,5_0312,5_6227,4_9894,4_5532
2000-01-20 05:00:00,12_405,12_443,11_343,9_1709,8_3502,7_0065,6_1857,5_2678,5_0185,5_6088,4_9768,4_5417
2000-01-20 06:00:00,12_386,12_424,11_324,9_1536,8_3337,6_9908,6_1708,5_2545,5_0057,5_5949,4_9641,4_5303
2000-01-20 07:00:00,12_368,12_406,11_306,9_1363,8_3171,6_975,6_1558,5_2412,4_9929,5_581,4_9514,4_5188
2000-01-20 08:00:00,12_35,12_387,11_287,9_1189,8_3005,6_9592,6_1408,5_2279,4_9801,5_5671,4_9387,4_5073
2000-01-20 09:00:00,12_331,12_368,11_268,9_1014,8_2837,6_9433,6_1257,5_2145,4_9672,5_5531,4_926,4_4957
2000-01-20 10:00:00,12_313,12_349,11_249,9_0838,8_2669,6_9274,6_1106,5_2011,4_9543,5_539,4_9132,4_4842
2000-01-20 11:00:00,12_294,12_33,11_23,9_0661,8_2499,6_9113,6_0954,5_1876,4_9414,5_5249,4_9004,4_4726
2000-01-20 12:00:00,12_275,12_31,11_21,9_0481,8_2329,6_8952,6_0801,5_174,4_9283,5_5107,4_8875,4_4609
2000-01-20 13:00:00,12_256,12_291,11_191,9_0301,8_2156,6_8789,6_0646,5_1604,4_9152,5_4964,4_8745,4_4492
2000-01-20 14:00:00,12_236,12_271,11_171,9_0119,8_1983,6_8625,6_0491,5_1467,4_9021,5_482,4_8615,4_4374
2000-01-20 15:00:00,12_217,12_251,11_151,8_9935,8_1808,6_846,6_0335,5_1328,4_8888,5_4675,4_8484,4_4255
2000-01-20 16:00:00,12_198,12_231,11_131,8_9751,8_1632,6_8294,6_0177,5_1189,4_8754,5_4529,4_8351,4_4135
2000-01-20 17:00:00,12_178,12_212,11_111,8_9566,8_1455,6_8126,6_0019,5_1049,4_862,5_4382,4_8218,4_4015
2000-01-20 18:00:00,12_159,12_192,11_091,8_938,8_1278,6_7958,5_986,5_0908,4_8485,5_4235,4_8085,4_3894
2000-01-20 19:00:00,12_14,12_172,11_071,8_9194,8_11,6_779,5_97,5_0767,4_835,5_4087,4_7951,4_3773
2000-01-20 20:00:00,12_121,12_153,11_051,8_9008,8_0922,6_7621,5_954,5_0626,4_8214,5_3939,4_7817,4_3652
2000-01-20 21:00:00,12_102,12_134,11_032,8_8823,8_0745,6_7453,5_938,5_0484,4_8079,5_3791,4_7683,4_3531
2000-01-20 22:00:00,12_084,12_115,11_012,8_8638,8_0568,6_7285,5_9221,5_0343,4_7944,5_3643,4_7549,4_341
2000-01-20 23:00:00,12_066,12_097,10_992,8_8453,8_0391,6_7117,5_9062,5_0203,4_7809,5_3495,4_7416,4_329
2000-01-21 00:00:00,12_049,12_079,10_972,8_8266,8_0213,6_6948,5_8903,5_0062,4_7674,5_3348,4_7282,4_317
2000-01-21 01:00:00,12_031,12_061,10_952,8_8078,8_0034,6_6779,5_8743,4_9921,4_7539,5_32,4_7149,4_305
2000-01-21 02:00:00,12_014,12_043,10_933,8_7886,7_9852,6_6608,5_8582,4_978,4_7404,5_3051,4_7015,4_293
2000-01-21 03:00:00,11_997,12_026,10_914,8_7694,7_9668,6_6436,5_842,4_9637,4_7267,5_2901,4_6879,4_2808
2000-01-21 04:00:00,11_98,12_008,10_894,8_7501,7_9484,6_6262,5_8257,4_9493,4_7129,5_275,4_6743,4_2686
2000-01-21 05:00:00,11_963,11_99,10_875,8_7308,7_9299,6_6088,5_8093,4_9348,4_699,5_2598,4_6605,4_2561
2000-01-21 06:00:00,11_945,11_973,10_856,8_7114,7_9114,6_5913,5_7927,4_9199,4_6846,5_2443,4_6463,4_243
2000-01-21 07:00:00,11_928,11_955,10_836,8_692,7_8927,6_5735,5_7755,4_9051,4_6705,5_2285,4_6323,4_2303
2000-01-21 08:00:00,11_911,11_937,10_817,8_6724,7_8739,6_5552,5_7577,4_8898,4_6561,5_212,4_6181,4_2178
2000-01-21 09:00:00,11_893,11_919,10_797,8_6527,7_8548,6_5366,5_7394,4_874,4_6413,5_195,4_6034,4_205
2000-01-21 10:00:00,11_876,11_901,10_778,8_6328,7_8355,6_5177,5_7207,4_8579,4_6261,5_1777,4_5884,4_1918
2000-01-21 11:00:00,11_859,11_883,10_758,8_6128,7_8161,6_4985,5_7019,4_8416,4_6108,5_1602,4_5732,4_1786
2000-01-21 12:00:00,11_842,11_866,10_739,8_5928,7_7967,6_4793,5_6828,4_8252,4_5953,5_1425,4_5579,4_1651
2000-01-21 13:00:00,11_825,11_848,10_72,8_5728,7_7772,6_4599,5_6637,4_8087,4_5797,5_1247,4_5425,4_1517
2000-01-21 14:00:00,11_808,11_831,10_7,8_5528,7_7576,6_4405,5_6445,4_7921,4_5641,5_1068,4_5271,4_1381
2000-01-21 15:00:00,11_791,11_813,10_681,8_5328,7_7381,6_4211,5_6252,4_7755,4_5484,5_0889,4_5116,4_1246
2000-01-21 16:00:00,11_773,11_795,10_662,8_5128,7_7186,6_4017,5_6059,4_7589,4_5328,5_071,4_4961,4_1111
2000-01-21 17:00:00,11_756,11_777,10_642,8_4928,7_699,6_3823,5_5866,4_7423,4_5172,5_0531,4_4807,4_0975
2000-01-21 18:00:00,11_739,11_759,10_622,8_4727,7_6794,6_3629,5_5674,4_7257,4_5015,5_0353,4_4652,4_084
2000-01-21 19:00:00,11_721,11_741,10_603,8_4525,7_6598,6_3434,5_5481,4_7091,4_4859,5_0174,4_4498,4_0705
2000-01-21 20:00:00,11_703,11_722,10_582,8_4322,7_64,6_3238,5_5287,4_6925,4_4703,4_9995,4_4343,4_057
2000-01-21 21:00:00,11_684,11_703,10_562,8_4116,7_62,6_3041,5_5093,4_6759,4_4546,4_9815,4_4188,4_0434
2000-01-21 22:00:00,11_665,11_683,10_541,8_3907,7_5998,6_2843,5_4897,4_6591,4_4388,4_9634,4_4032,4_0298
2000-01-21 23:00:00,11_645,11_663,10_519,8_3693,7_5792,6_2641,5_47,4_6422,4_4229,4_9452,4_3875,4_0161
2000-01-22 00:00:00,11_624,11_641,10_496,8_3474,7_5581,6_2436,5_4499,4_6251,4_4069,4_9267,4_3716,4_0022
2000-01-22 01:00:00,11_602,11_619,10_473,8_3249,7_5365,6_2226,5_4295,4_6078,4_3906,4_9079,4_3555,3_9881
2000-01-22 02:00:00,11_58,11_595,10_449,8_3017,7_5142,6_2011,5_4086,4_5901,4_3739,4_8887,4_339,3_9738
2000-01-22 03:00:00,11_556,11_571,10_423,8_2777,7_4913,6_179,5_3872,4_572,4_3569,4_869,4_3222,3_9591
2000-01-22 04:00:00,11_532,11_546,10_397,8_2529,7_4676,6_1562,5_3652,4_5533,4_3394,4_8488,4_3049,3_944
2000-01-22 05:00:00,11_507,11_521,10_37,8_2273,7_4432,6_1327,5_3426,4_5342,4_3214,4_828,4_2871,3_9285
2000-01-22 06:00:00,11_482,11_494,10_343,8_2009,7_4179,6_1086,5_3192,4_5145,4_3029,4_8066,4_2688,3_9125
2000-01-22 07:00:00,11_456,11_468,10_314,8_1738,7_3919,6_0836,5_2952,4_4943,4_2839,4_7846,4_25,3_8961
2000-01-22 08:00:00,11_43,11_441,10_286,8_146,7_3652,6_0579,5_2705,4_4735,4_2644,4_762,4_2307,3_8793
2000-01-22 09:00:00,11_404,11_415,10_257,8_1177,7_338,6_0317,5_2453,4_4522,4_2444,4_7389,4_2109,3_862
2000-01-22 10:00:00,11_379,11_388,10_228,8_0891,7_3103,6_0049,5_2195,4_4304,4_2239,4_7153,4_1907,3_8444
2000-01-22 11:00:00,11_353,11_362,10_199,8_0603,7_2824,5_9778,5_1932,4_4083,4_2031,4_6913,4_1702,3_8265
2000-01-22 12:00:00,11_328,11_335,10_17,8_0314,7_2542,5_9505,5_1667,4_386,4_1821,4_667,4_1494,3_8083
2000-01-22 13:00:00,11_302,11_309,10_142,8_0024,7_2259,5_923,5_1401,4_3634,4_1609,4_6425,4_1284,3_7901
2000-01-22 14:00:00,11_277,11_284,10_113,7_9735,7_1976,5_8954,5_1133,4_3408,4_1397,4_618,4_1075,3_7718
2000-01-22 15:00:00,11_253,11_258,10_085,7_9447,7_1695,5_868,5_0865,4_3183,4_1185,4_5936,4_0865,3_7535
2000-01-22 16:00:00,11_228,11_233,10_057,7_9162,7_1416,5_8407,5_0599,4_2959,4_0974,4_5693,4_0657,3_7353
2000-01-22 17:00:00,11_205,11_209,10_03,7_8879,7_114,5_8136,5_0335,4_2737,4_0766,4_5452,4_0451,3_7173
2000-01-22 18:00:00,11_182,11_185,10_003,7_8599,7_0866,5_7867,5_0073,4_2518,4_0559,4_5214,4_0246,3_6995
2000-01-22 19:00:00,11_159,11_162,9_9769,7_8324,7_0597,5_7602,4_9815,4_23,4_0355,4_4978,4_0044,3_6819
2000-01-22 20:00:00,11_137,11_139,9_951,7_8053,7_033,5_7341,4_9559,4_2086,4_0153,4_4746,3_9845,3_6645
2000-01-22 21:00:00,11_116,11_118,9_9259,7_779,7_0063,5_7083,4_9308,4_1876,3_9956,4_4518,3_965,3_6474
2000-01-22 22:00:00,11_095,11_097,9_9017,7_7537,6_9798,5_6827,4_9059,4_1668,3_976,4_4292,3_9457,3_6306
2000-01-22 23:00:00,11_076,11_076,9_8783,7_7295,6_9535,5_6574,4_8813,4_1462,3_9567,4_4069,3_9266,3_614
2000-01-23 00:00:00,11_057,11_057,9_8559,7_7064,6_9276,5_6325,4_857,4_1257,3_9374,4_3848,3_9075,3_5973
2000-01-23 01:00:00,11_039,11_039,9_8344,7_6844,6_9021,5_6081,4_8331,4_1055,3_9184,4_3629,3_8886,3_5808
2000-01-23 02:00:00,11_022,11_021,9_8139,7_6636,6_8772,5_5841,4_8096,4_0857,3_8997,4_3415,3_8701,3_5646
2000-01-23 03:00:00,11_006,11_004,9_7944,7_6439,6_8529,5_5606,4_7866,4_0663,3_8814,4_3206,3_852,3_5487
2000-01-23 04:00:00,10_99,10_988,9_7758,7_6254,6_8293,5_5378,4_7642,4_0474,3_8635,4_3001,3_8344,3_5333
2000-01-23 05:00:00,10_976,10_973,9_7582,7_608,6_8065,5_5156,4_7424,4_029,3_8462,4_2803,3_8172,3_5183
2000-01-23 06:00:00,10_962,10_959,9_7415,7_5917,6_7844,5_4942,4_7214,4_0112,3_8294,4_2611,3_8006,3_5038
2000-01-23 07:00:00,10_949,10_945,9_7257,7_5765,6_7632,5_4736,4_701,3_9941,3_8132,4_2426,3_7846,3_4897
2000-01-23 08:00:00,10_936,10_932,9_7106,7_5623,6_7427,5_4538,4_6815,3_9775,3_7977,4_2247,3_7692,3_4762
2000-01-23 09:00:00,10_924,10_92,9_6962,7_5489,6_7231,5_4347,4_6628,3_9617,3_7828,4_2076,3_7545,3_4633
2000-01-23 10:00:00,10_911,10_907,9_6822,7_5363,6_7042,5_4164,4_6448,3_9465,3_7685,4_1913,3_7403,3_4509
2000-01-23 11:00:00,10_899,10_895,9_6686,7_5241,6_6862,5_399,4_6276,3_932,3_7548,4_1756,3_7268,3_4391
2000-01-23 12:00:00,10_887,10_882,9_6551,7_5123,6_6688,5_3823,4_6112,3_9182,3_7417,4_1606,3_7139,3_4278
2000-01-23 13:00:00,10_875,10_869,9_6417,7_5008,6_652,5_3663,4_5955,3_905,3_7293,4_1463,3_7015,3_417
2000-01-23 14:00:00,10_863,10_857,9_6281,7_4894,6_6355,5_3508,4_5803,3_8923,3_7173,4_1325,3_6897,3_4066
2000-01-23 15:00:00,10_85,10_843,9_6144,7_478,6_6193,5_3356,4_5656,3_88,3_7058,4_1191,3_6783,3_3966
2000-01-23 16:00:00,10_837,10_83,9_6004,7_4666,6_6033,5_3207,4_5513,3_8681,3_6946,4_1061,3_6672,3_3869
2000-01-23 17:00:00,10_82,10_813,9_5857,7_455,6_5873,5_306,4_5372,3_8564,3_6836,4_0934,3_6563,3_3774
2000-01-23 18:00:00,10_799,10_791,9_5684,7_4429,6_5711,5_2914,4_5233,3_8449,3_6727,4_0808,3_6456,3_368
2000-01-23 19:00:00,10_776,10_768,9_5484,7_4296,6_554,5_2766,4_5093,3_8334,3_6619,4_0682,3_6349,3_3587
2000-01-23 20:00:00,10_752,10_744,9_5265,7_4151,6_5357,5_261,4_495,3_8216,3_6509,4_0553,3_624,3_3492
2000-01-23 21:00:00,10_729,10_72,9_5036,7_3996,6_5164,5_2446,4_4799,3_8094,3_6394,4_0419,3_6127,3_3393
2000-01-23 22:00:00,10_706,10_696,9_4803,7_3832,6_4963,5_2274,4_4642,3_7965,3_6273,4_0278,3_6007,3_3289
2000-01-23 23:00:00,10_683,10_673,9_4568,7_366,6_4756,5_2096,4_4477,3_7831,3_6148,4_0131,3_5883,3_318
2000-01-24 00:00:00,10_662,10_651,9_4333,7_3484,6_4546,5_1912,4_4307,3_7692,3_6017,3_9978,3_5754,3_3067
2000-01-24 01:00:00,10_641,10_63,9_4099,7_3303,6_4338,5_1723,4_4132,3_7548,3_5882,3_9821,3_5621,3_2951
2000-01-24 02:00:00,10_621,10_61,9_3867,7_3119,6_4134,5_1533,4_3954,3_7402,3_5745,3_9661,3_5485,3_2832
2000-01-24 03:00:00,10_603,10_591,9_3638,7_2933,6_3938,5_1341,4_3775,3_7254,3_5605,3_95,3_5346,3_2711
2000-01-24 04:00:00,10_585,10_573,9_341,7_2746,6_3752,5_1146,4_3595,3_7104,3_5463,3_9337,3_5206,3_2588
2000-01-24 05:00:00,10_568,10_556,9_3185,7_2558,6_3578,5_095,4_3413,3_6951,3_532,3_9174,3_5064,3_2463
2000-01-24 06:00:00,10_551,10_539,9_2962,7_2372,6_3411,5_0752,4_3231,3_6797,3_5174,3_9012,3_492,3_2337
2000-01-24 07:00:00,10_536,10_524,9_274,7_219,6_3253,5_0549,4_3047,3_6639,3_5025,3_8848,3_4773,3_2208
2000-01-24 08:00:00,10_522,10_509,9_2521,7_2012,6_3103,5_0344,4_2861,3_6478,3_4873,3_8684,3_4622,3_2075
2000-01-24 09:00:00,10_508,10_496,9_2309,7_1839,6_296,5_0135,4_2673,3_6313,3_4717,3_8518,3_4468,3_194
2000-01-24 10:00:00,10_496,10_483,9_2104,7_1671,6_2826,4_9925,4_2484,3_6144,3_4558,3_8352,3_4311,3_1803
2000-01-24 11:00:00,10_484,10_471,9_1906,7_151,6_27,4_9714,4_2293,3_5972,3_4395,3_8185,3_415,3_1663
2000-01-24 12:00:00,10_473,10_459,9_1715,7_1356,6_2584,4_9505,4_2102,3_5798,3_423,3_8018,3_3987,3_1521
2000-01-24 13:00:00,10_462,10_447,9_1532,7_1208,6_2477,4_9298,4_1912,3_5621,3_4064,3_7853,3_3822,3_1378
2000-01-24 14:00:00,10_452,10_436,9_1356,7_1063,6_2376,4_9094,4_1724,3_5445,3_3897,3_769,3_3657,3_1235
2000-01-24 15:00:00,10_442,10_425,9_1186,7_0921,6_228,4_8896,4_1539,3_5269,3_3731,3_753,3_3493,3_1092
2000-01-24 16:00:00,10_433,10_415,9_1022,7_0784,6_2191,4_8701,4_1358,3_5095,3_3566,3_7373,3_333,3_095
2000-01-24 17:00:00,10_424,10_405,9_0863,7_0653,6_2107,4_8511,4_1179,3_4921,3_3402,3_722,3_3167,3_0809
2000-01-24 18:00:00,10_416,10_395,9_071,7_0528,6_203,4_8326,4_1006,3_4751,3_3241,3_7072,3_3008,3_067
2000-01-24 19:00:00,10_408,10_386,9_0563,7_041,6_1959,4_8146,4_0838,3_4583,3_3083,3_6928,3_2851,3_0534
2000-01-24 20:00:00,10_4,10_376,9_042,7_0298,6_1892,4_7975,4_0675,3_442,3_2928,3_6789,3_2698,3_0401
2000-01-24 21:00:00,10_392,10_367,9_0282,7_0191,6_1831,4_7811,4_0519,3_4264,3_2778,3_6657,3_255,3_0272
2000-01-24 22:00:00,10_384,10_358,9_0148,7_009,6_1773,4_7655,4_0369,3_4118,3_2635,3_653,3_2408,3_0148
2000-01-24 23:00:00,10_377,10_348,9_0017,6_9993,6_1718,4_7504,4_0226,3_3979,3_2498,3_6409,3_2272,3_003
2000-01-25 00:00:00,10_369,10_339,8_9889,6_9901,6_1667,4_7358,4_0087,3_3849,3_2366,3_6294,3_2142,2_9917
2000-01-25 01:00:00,10_362,10_33,8_9765,6_9812,6_1618,4_7216,3_9953,3_3725,3_224,3_6183,3_2017,2_9808
2000-01-25 02:00:00,10_354,10_32,8_9644,6_9727,6_1572,4_7077,3_9825,3_3608,3_2119,3_6076,3_1897,2_9704
2000-01-25 03:00:00,10_347,10_31,8_9525,6_9645,6_1527,4_6941,3_97,3_3497,3_2002,3_5973,3_1782,2_9604
2000-01-25 04:00:00,10_34,10_3,8_9409,6_9564,6_1484,4_6809,3_9579,3_339,3_189,3_5874,3_167,2_9508
2000-01-25 05:00:00,10_332,10_29,8_9294,6_9484,6_1441,4_6678,3_9462,3_3288,3_1781,3_5777,3_1562,2_9415
2000-01-25 06:00:00,10_325,10_28,8_9179,6_9403,6_14,4_655,3_9348,3_319,3_1675,3_5684,3_1458,2_9325
2000-01-25 07:00:00,10_318,10_27,8_9064,6_9322,6_1358,4_6423,3_9236,3_3095,3_1572,3_5592,3_1356,2_9238
2000-01-25 08:00:00,10_312,10_26,8_895,6_9239,6_1316,4_6296,3_9126,3_3003,3_1471,3_5502,3_1256,2_9152
2000-01-25 09:00:00,10_305,10_251,8_8837,6_9157,6_1274,4_6168,3_9016,3_2913,3_137,3_5413,3_1156,2_9065
2000-01-25 10:00:00,10_299,10_241,8_8726,6_9073,6_1231,4_6039,3_8907,3_2822,3_1269,3_5323,3_1056,2_8978
2000-01-25 11:00:00,10_293,10_232,8_8617,6_899,6_1187,4_5909,3_8797,3_2732,3_1167,3_5232,3_0955,2_889
2000-01-25 12:00:00,10_287,10_222,8_851,6_8906,6_1144,4_5778,3_8688,3_2642,3_1065,3_5141,3_0853,2_8802
2000-01-25 13:00:00,10_282,10_213,8_8406,6_8821,6_11,4_5646,3_8578,3_2553,3_0962,3_5049,3_0752,2_8714
2000-01-25 14:00:00,10_277,10_204,8_8304,6_8737,6_1056,4_5513,3_8469,3_2465,3_0859,3_4957,3_065,2_8625
2000-01-25 15:00:00,10_272,10_196,8_8203,6_8652,6_1011,4_5381,3_8362,3_2377,3_0755,3_4864,3_0547,2_8537
2000-01-25 16:00:00,10_267,10_188,8_8104,6_8567,6_0966,4_525,3_8257,3_2289,3_0651,3_477,3_0444,2_8447
2000-01-25 17:00:00,10_263,10_179,8_8008,6_8482,6_0921,4_5119,3_8153,3_2202,3_0547,3_4676,3_0341,2_8357
2000-01-25 18:00:00,10_258,10_171,8_7913,6_8397,6_0875,4_4991,3_8053,3_2115,3_0442,3_4581,3_0237,2_8267
2000-01-25 19:00:00,10_254,10_164,8_782,6_8312,6_0829,4_4866,3_7955,3_203,3_0338,3_4487,3_0134,2_8177
2000-01-25 20:00:00,10_249,10_156,8_7728,6_8226,6_0783,4_4743,3_786,3_1947,3_0235,3_4394,3_0033,2_8088
2000-01-25 21:00:00,10_245,10_148,8_7635,6_814,6_0735,4_462,3_7768,3_1864,3_0134,3_43,2_9932,2_8
2000-01-25 22:00:00,10_241,10_141,8_7543,6_8053,6_0687,4_4498,3_7678,3_1781,3_0032,3_4205,2_9831,2_791
2000-01-25 23:00:00,10_237,10_134,8_7451,6_7965,6_0638,4_4376,3_7588,3_1697,2_9929,3_4107,2_9729,2_782
2000-01-26 00:00:00,10_234,10_127,8_7359,6_7875,6_0587,4_4254,3_75,3_1611,2_9826,3_4009,2_9628,2_773
2000-01-26 01:00:00,10_23,10_12,8_7269,6_7785,6_0536,4_4133,3_7413,3_1524,2_9723,3_3908,2_9525,2_7638
2000-01-26 02:00:00,10_226,10_114,8_7179,6_7695,6_0484,4_4012,3_7326,3_1436,2_9619,3_3807,2_9422,2_7545
2000-01-26 03:00:00,10_223,10_107,8_7089,6_7604,6_0431,4_3892,3_7241,3_1347,2_9514,3_3704,2_9318,2_7451
2000-01-26 04:00:00,10_22,10_101,8_6998,6_7514,6_0377,4_3774,3_7158,3_1257,2_9409,3_36,2_9215,2_7357
2000-01-26 05:00:00,10_217,10_095,8_6906,6_7423,6_0322,4_3657,3_7075,3_1167,2_9305,3_3496,2_9112,2_7263
2000-01-26 06:00:00,10_213,10_09,8_6813,6_7331,6_0266,4_3541,3_6995,3_1076,2_9201,3_3392,2_9009,2_7168
2000-01-26 07:00:00,10_21,10_084,8_672,6_7239,6_0209,4_3426,3_6915,3_0985,2_9099,3_3287,2_8908,2_7073
2000-01-26 08:00:00,10_208,10_079,8_6626,6_7144,6_015,4_3311,3_6837,3_0894,2_8998,3_3182,2_8808,2_6978
2000-01-26 09:00:00,10_205,10_074,8_6532,6_7047,6_0089,4_3198,3_676,3_0802,2_8898,3_3077,2_8709,2_6882
2000-01-26 10:00:00,10_202,10_069,8_6438,6_6949,6_0027,4_3086,3_6685,3_0711,2_88,3_2973,2_8612,2_6787
2000-01-26 11:00:00,10_199,10_064,8_6342,6_6852,5_9962,4_2975,3_6611,3_0621,2_8703,3_2869,2_8517,2_6691
2000-01-26 12:00:00,10_196,10_06,8_6246,6_6753,5_9895,4_2865,3_6537,3_0531,2_8609,3_2765,2_8423,2_6597
2000-01-26 13:00:00,10_194,10_055,8_6149,6_6654,5_9825,4_2755,3_6463,3_0442,2_8516,3_2662,2_8332,2_6503
2000-01-26 14:00:00,10_191,10_051,8_6052,6_6554,5_9752,4_2648,3_639,3_0353,2_8425,3_256,2_8242,2_6408
2000-01-26 15:00:00,10_189,10_046,8_5956,6_6456,5_9675,4_2542,3_6317,3_0264,2_8335,3_2457,2_8153,2_6314
2000-01-26 16:00:00,10_186,10_042,8_586,6_6359,5_9594,4_2437,3_6243,3_0175,2_8247,3_2354,2_8066,2_6219
2000-01-26 17:00:00,10_184,10_038,8_5763,6_6264,5_9509,4_2334,3_617,3_0085,2_8159,3_2251,2_798,2_6124
2000-01-26 18:00:00,10_181,10_034,8_5667,6_617,5_9419,4_2234,3_6098,2_9996,2_8073,3_2148,2_7895,2_6029
2000-01-26 19:00:00,10_179,10_03,8_5571,6_6077,5_9323,4_2135,3_6026,2_9907,2_7988,3_2045,2_7811,2_5933
2000-01-26 20:00:00,10_176,10_026,8_5475,6_5986,5_9222,4_2039,3_5956,2_9819,2_7905,3_1943,2_773,2_5839
2000-01-26 21:00:00,10_174,10_022,8_5379,6_5897,5_9114,4_1944,3_5885,2_9731,2_7824,3_1842,2_7649,2_5745
2000-01-26 22:00:00,10_171,10_018,8_5284,6_5811,5_9,4_1851,3_5815,2_9643,2_7744,3_1741,2_757,2_5652
2000-01-26 23:00:00,10_169,10_015,8_5189,6_5727,5_888,4_1759,3_5745,2_9556,2_7664,3_164,2_7492,2_5559
2000-01-27 00:00:00,10_166,10_011,8_5095,6_5645,5_8752,4_1669,3_5675,2_9468,2_7586,3_1539,2_7414,2_5468
2000-01-27 01:00:00,10_164,10_007,8_5002,6_5565,5_8621,4_1579,3_5604,2_9381,2_7508,3_1439,2_7338,2_5377
2000-01-27 02:00:00,10_162,10_004,8_4911,6_5487,5_8487,4_149,3_5533,2_9294,2_7432,3_1339,2_7263,2_5287
2000-01-27 03:00:00,10_159,10,8_482,6_5412,5_835,4_14,3_5461,2_9206,2_7356,3_1238,2_7188,2_5196
2000-01-27 04:00:00,10_157,9_9969,8_4731,6_534,5_8212,4_131,3_5388,2_9117,2_7279,3_1136,2_7112,2_5105
2000-01-27 05:00:00,10_155,9_9935,8_4644,6_527,5_8073,4_1222,3_5314,2_9028,2_7201,3_1034,2_7036,2_5012
2000-01-27 06:00:00,10_152,9_99,8_4557,6_5204,5_7933,4_1134,3_5241,2_8939,2_7123,3_0931,2_6959,2_4919
2000-01-27 07:00:00,10_15,9_9865,8_4473,6_5141,5_7794,4_1048,3_5166,2_8849,2_7045,3_0828,2_6882,2_4826
2000-01-27 08:00:00,10_147,9_983,8_4389,6_5081,5_7655,4_0962,3_5092,2_8758,2_6966,3_0723,2_6804,2_4733
2000-01-27 09:00:00,10_145,9_9794,8_4308,6_5022,5_7518,4_0877,3_5016,2_8666,2_6885,3_0618,2_6724,2_464
2000-01-27 10:00:00,10_142,9_9758,8_4227,6_4965,5_7384,4_0793,3_4941,2_8573,2_6803,3_0511,2_6644,2_4547
2000-01-27 11:00:00,10_139,9_972,8_4146,6_4908,5_7252,4_071,3_4865,2_8478,2_672,3_0404,2_6562,2_4454
2000-01-27 12:00:00,10_137,9_9682,8_4066,6_4852,5_7122,4_0628,3_479,2_8383,2_6636,3_0296,2_6479,2_4361
2000-01-27 13:00:00,10_134,9_9643,8_3986,6_4796,5_6995,4_0548,3_4714,2_8287,2_6551,3_0186,2_6395,2_4269
2000-01-27 14:00:00,10_131,9_9603,8_3906,6_4739,5_6869,4_0468,3_4639,2_8189,2_6464,3_0077,2_631,2_4177
2000-01-27 15:00:00,10_128,9_9561,8_3826,6_4683,5_6746,4_039,3_4563,2_8091,2_6377,2_9966,2_6224,2_4086
2000-01-27 16:00:00,10_124,9_9519,8_3745,6_4626,5_6625,4_0311,3_4486,2_7992,2_6288,2_9855,2_6136,2_3993
2000-01-27 17:00:00,10_121,9_9475,8_3664,6_4568,5_6506,4_0234,3_4409,2_789,2_6197,2_9742,2_6046,2_3901
2000-01-27 18:00:00,10_117,9_943,8_3583,6_4511,5_6388,4_0157,3_433,2_7788,2_6105,2_9627,2_5955,2_3808
2000-01-27 19:00:00,10_114,9_9384,8_3501,6_4452,5_627,4_008,3_425,2_7684,2_6012,2_9512,2_5863,2_3715
2000-01-27 20:00:00,10_11,9_9337,8_3418,6_4392,5_6155,4_0005,3_417,2_758,2_5918,2_9397,2_5771,2_3622
2000-01-27 21:00:00,10_106,9_9289,8_3335,6_433,5_6041,3_993,3_4089,2_7476,2_5824,2_9282,2_5678,2_353
2000-01-27 22:00:00,10_102,9_924,8_3251,6_4266,5_5926,3_9857,3_4009,2_7371,2_573,2_9166,2_5585,2_3437
2000-01-27 23:00:00,10_098,9_9189,8_3167,6_4199,5_5812,3_9783,3_3929,2_7267,2_5636,2_9051,2_5492,2_3345
2000-01-28 00:00:00,10_094,9_9136,8_3083,6_413,5_5699,3_971,3_3849,2_7162,2_5541,2_8936,2_5399,2_3253
2000-01-28 01:00:00,10_089,9_908,8_3,6_4059,5_5586,3_9639,3_3769,2_7057,2_5447,2_882,2_5306,2_3162
2000-01-28 02:00:00,10_084,9_9022,8_2916,6_3985,5_5474,3_957,3_369,2_6951,2_5352,2_8705,2_5212,2_307
2000-01-28 03:00:00,10_079,9_8961,8_2834,6_3909,5_5363,3_9502,3_3611,2_6847,2_5258,2_859,2_5119,2_298
2000-01-28 04:00:00,10_073,9_8897,8_2752,6_3831,5_5252,3_9435,3_3534,2_6743,2_5165,2_8478,2_5028,2_2891
2000-01-28 05:00:00,10_067,9_8829,8_267,6_3749,5_5143,3_9369,3_3457,2_6641,2_5074,2_8367,2_4938,2_2803
2000-01-28 06:00:00,10_061,9_8758,8_2588,6_3665,5_5035,3_9304,3_3383,2_654,2_4985,2_8258,2_4849,2_2718
2000-01-28 07:00:00,10_054,9_8683,8_2507,6_3577,5_4928,3_924,3_3309,2_6442,2_4897,2_8151,2_4763,2_2635
2000-01-28 08:00:00,10_047,9_8604,8_2425,6_3487,5_4823,3_9178,3_3238,2_6345,2_4812,2_8047,2_4679,2_2553
2000-01-28 09:00:00,10_039,9_8521,8_2342,6_3394,5_4717,3_9117,3_3168,2_6251,2_4729,2_7945,2_4596,2_2474
2000-01-28 10:00:00,10_03,9_8435,8_2259,6_33,5_4611,3_9056,3_3099,2_6159,2_4647,2_7845,2_4516,2_2397
2000-01-28 11:00:00,10_021,9_8345,8_2175,6_3205,5_4504,3_8996,3_303,2_6068,2_4567,2_7747,2_4436,2_2321
2000-01-28 12:00:00,10_01,9_8253,8_2091,6_3109,5_4396,3_8936,3_2963,2_5978,2_4488,2_7651,2_4358,2_2246
2000-01-28 13:00:00,9_9997,9_8161,8_2007,6_3012,5_4288,3_8876,3_2896,2_5891,2_4411,2_7556,2_4282,2_2173
2000-01-28 14:00:00,9_9889,9_8068,8_1921,6_2915,5_418,3_8817,3_2829,2_5805,2_4336,2_7463,2_4208,2_21
2000-01-28 15:00:00,9_9777,9_7971,8_1833,6_2818,5_4071,3_8758,3_2762,2_5721,2_4262,2_7372,2_4135,2_2029
2000-01-28 16:00:00,9_9662,9_7871,8_1744,6_2719,5_3962,3_8699,3_2696,2_564,2_419,2_7283,2_4064,2_1959
2000-01-28 17:00:00,9_9544,9_7769,8_1653,6_2621,5_3855,3_8641,3_263,2_556,2_412,2_7195,2_3995,2_1891
2000-01-28 18:00:00,9_9425,9_7667,8_156,6_2521,5_3749,3_8583,3_2565,2_5483,2_405,2_7114,2_3925,2_1817
2000-01-28 19:00:00,9_9303,9_7562,8_1465,6_2422,5_3644,3_8526,3_2499,2_5407,2_3986,2_7027,2_3862,2_1758
2000-01-28 20:00:00,9_9179,9_7457,8_1368,6_2322,5_3541,3_8468,3_2433,2_5333,2_3921,2_6945,2_3797,2_1693
2000-01-28 21:00:00,9_9054,9_735,8_127,6_2222,5_3439,3_841,3_2367,2_5261,2_3859,2_6866,2_3735,2_163
2000-01-28 22:00:00,9_8928,9_7241,8_1166,6_2121,5_3338,3_8353,3_2302,2_5191,2_3798,2_6788,2_3674,2_1568
2000-01-28 23:00:00,9_8802,9_7131,8_1062,6_2019,5_3238,3_8296,3_2237,2_5124,2_3738,2_6713,2_3615,2_1507
2000-01-29 00:00:00,9_8675,9_7021,8_0958,6_1914,5_3139,3_8239,3_2171,2_5058,2_3681,2_664,2_3557,2_1447
2000-01-29 01:00:00,9_8548,9_6909,8_0854,6_1808,5_3039,3_8181,3_2106,2_4994,2_3625,2_6568,2_35,2_1389
2000-01-29 02:00:00,9_842,9_6798,8_0751,6_1701,5_2939,3_8123,3_2038,2_493,2_3569,2_6497,2_3445,2_1331
2000-01-29 03:00:00,9_8292,9_6684,8_065,6_1593,5_2839,3_8064,3_1971,2_4868,2_3515,2_6428,2_339,2_1273
2000-01-29 04:00:00,9_8163,9_657,8_0551,6_1484,5_274,3_8005,3_1902,2_4808,2_3462,2_6359,2_3336,2_1217
2000-01-29 05:00:00,9_8033,9_6455,8_0454,6_1375,5_264,3_7945,3_1833,2_4748,2_341,2_6292,2_3283,2_1161
2000-01-29 06:00:00,9_7903,9_6339,8_0358,6_1266,5_254,3_7884,3_1762,2_469,2_3359,2_6227,2_3231,2_1106
2000-01-29 07:00:00,9_7774,9_6224,8_0263,6_1157,5_244,3_7823,3_1691,2_4632,2_3308,2_6162,2_318,2_1052
2000-01-29 08:00:00,9_7646,9_6108,8_017,6_1047,5_2339,3_776,3_1618,2_4575,2_3258,2_6098,2_3129,2_0998
2000-01-29 09:00:00,9_752,9_5994,8_008,6_0937,5_2239,3_7696,3_1546,2_4518,2_3208,2_6033,2_3078,2_0944
2000-01-29 10:00:00,9_7397,9_5882,7_9993,6_0826,5_2139,3_7633,3_1474,2_4461,2_3157,2_5969,2_3026,2_0889
2000-01-29 11:00:00,9_7276,9_577,7_9907,6_0715,5_2039,3_7568,3_1402,2_4404,2_3107,2_5905,2_2975,2_0835
2000-01-29 12:00:00,9_7159,9_566,7_9824,6_0604,5_194,3_7504,3_1331,2_4348,2_3057,2_5842,2_2924,2_0782
2000-01-29 13:00:00,9_7046,9_5552,7_9743,6_0492,5_1842,3_7439,3_126,2_4293,2_3008,2_5779,2_2873,2_0729
2000-01-29 14:00:00,9_6936,9_5446,7_9663,6_038,5_1744,3_7374,3_119,2_4238,2_2959,2_5718,2_2823,2_0677
2000-01-29 15:00:00,9_683,9_5344,7_9585,6_0268,5_1646,3_7308,3_112,2_4184,2_2911,2_5657,2_2773,2_0625
2000-01-29 16:00:00,9_6729,9_5246,7_9509,6_0157,5_1548,3_7242,3_105,2_4131,2_2864,2_5596,2_2724,2_0574
2000-01-29 17:00:00,9_6632,9_5152,7_9436,6_0047,5_1451,3_7175,3_098,2_4078,2_2816,2_5537,2_2675,2_0523
2000-01-29 18:00:00,9_654,9_5062,7_9364,5_9937,5_1353,3_7108,3_091,2_4025,2_2769,2_5477,2_2626,2_0473
2000-01-29 19:00:00,9_6452,9_4976,7_9295,5_9827,5_1257,3_704,3_084,2_3973,2_2723,2_5419,2_2578,2_0423
2000-01-29 20:00:00,9_6369,9_4894,7_923,5_9719,5_116,3_6972,3_077,2_3921,2_2677,2_5361,2_253,2_0374
2000-01-29 21:00:00,9_629,9_4816,7_9166,5_9612,5_1065,3_6904,3_0701,2_3871,2_2632,2_5304,2_2482,2_0325
2000-01-29 22:00:00,9_6215,9_4741,7_9106,5_9506,5_097,3_6836,3_0632,2_382,2_2587,2_5248,2_2435,2_0277
2000-01-29 23:00:00,9_6144,9_467,7_9048,5_9402,5_0876,3_6768,3_0563,2_3771,2_2543,2_5192,2_2388,2_023
2000-01-30 00:00:00,9_6077,9_4603,7_8994,5_9298,5_0783,3_6699,3_0495,2_3722,2_25,2_5138,2_2342,2_0184
2000-01-30 01:00:00,9_6012,9_4539,7_8941,5_9196,5_0691,3_663,3_0428,2_3674,2_2457,2_5084,2_2297,2_0138
2000-01-30 02:00:00,9_5952,9_4478,7_8891,5_9096,5_06,3_6562,3_0361,2_3627,2_2415,2_5031,2_2252,2_0093
2000-01-30 03:00:00,9_5894,9_442,7_8843,5_8998,5_0511,3_6493,3_0295,2_3581,2_2374,2_498,2_2209,2_0049
2000-01-30 04:00:00,9_5839,9_4366,7_8797,5_8902,5_0423,3_6424,3_0231,2_3537,2_2334,2_493,2_2166,2_0006
2000-01-30 05:00:00,9_5787,9_4314,7_8754,5_8808,5_0336,3_6356,3_0167,2_3493,2_2295,2_4881,2_2123,1_9964
2000-01-30 06:00:00,9_5737,9_4264,7_8712,5_8717,5_0251,3_6287,3_0105,2_345,2_2257,2_4833,2_2082,1_9924
2000-01-30 07:00:00,9_5689,9_4216,7_8671,5_8627,5_0168,3_6219,3_0044,2_3408,2_2219,2_4786,2_2042,1_9884
2000-01-30 08:00:00,9_5643,9_417,7_8633,5_854,5_0087,3_6152,2_9984,2_3367,2_2183,2_474,2_2002,1_9845
2000-01-30 09:00:00,9_5598,9_4125,7_8596,5_8455,5_0008,3_6086,2_9924,2_3327,2_2147,2_4695,2_1963,1_9806
2000-01-30 10:00:00,9_5554,9_4082,7_856,5_8372,4_993,3_6022,2_9866,2_3287,2_2111,2_465,2_1924,1_9768
2000-01-30 11:00:00,9_5509,9_4038,7_8525,5_8291,4_9855,3_5959,2_9809,2_3248,2_2076,2_4607,2_1885,1_9731
2000-01-30 12:00:00,9_5465,9_3995,7_849,5_8213,4_9782,3_5897,2_9753,2_321,2_2042,2_4564,2_1848,1_9694
2000-01-30 13:00:00,9_5421,9_3951,7_8456,5_8136,4_971,3_5838,2_9698,2_3172,2_2009,2_4522,2_181,1_9659
2000-01-30 14:00:00,9_5376,9_3907,7_8422,5_8062,4_9641,3_578,2_9645,2_3136,2_1976,2_4481,2_1774,1_9624
2000-01-30 15:00:00,9_533,9_3863,7_8389,5_799,4_9573,3_5723,2_9593,2_31,2_1944,2_4441,2_1738,1_959
2000-01-30 16:00:00,9_5283,9_3817,7_8355,5_7919,4_9508,3_5668,2_9542,2_3066,2_1913,2_4402,2_1704,1_9556
2000-01-30 17:00:00,9_5235,9_377,7_832,5_785,4_9443,3_5615,2_9492,2_3032,2_1883,2_4364,2_1669,1_9524
2000-01-30 18:00:00,9_5185,9_3722,7_8285,5_7783,4_938,3_5563,2_9443,2_2999,2_1853,2_4327,2_1636,1_9492
2000-01-30 19:00:00,9_5134,9_3673,7_8249,5_7717,4_9318,3_5512,2_9396,2_2966,2_1824,2_4291,2_1603,1_9461
2000-01-30 20:00:00,9_5081,9_3622,7_8213,5_7651,4_9257,3_5462,2_9349,2_2934,2_1796,2_4255,2_157,1_9431
2000-01-30 21:00:00,9_5027,9_3569,7_8175,5_7587,4_9198,3_5413,2_9303,2_2903,2_1768,2_4221,2_1539,1_9401
2000-01-30 22:00:00,9_4971,9_3516,7_8137,5_7523,4_9139,3_5365,2_9258,2_2873,2_1741,2_4186,2_1507,1_9371
2000-01-30 23:00:00,9_4914,9_346,7_8097,5_746,4_9081,3_5318,2_9214,2_2843,2_1714,2_4153,2_1476,1_9342
2000-01-31 00:00:00,9_4855,9_3403,7_8056,5_7397,4_9023,3_5271,2_917,2_2813,2_1688,2_412,2_1446,1_9314
