Time [yyyy-MM-dd HH:mm:ss];Water level at (IJssel02_B_B_A_ 3217_346) [m AD];Water level at (IJssel03_A_ 1522_164) [m AD];Water level at (IJssel03_B_A_ 12530_57) [m AD];Water level at (IJssel03_B_B_A_ 491_564) [m AD];Water level at (IJssel03_B_B_B_A_ 7027_466) [m AD];Water level at (IJssel05_A_ 3094_672) [m AD];Water level at (IJssel06_A_ 1402_453) [m AD];Water level at (IJssel06_B_A_ 729_084) [m AD];Water level at (IJssel06_B_B_A_ 2698_613) [m AD];Water level at (IJssel06_B_B_B_A_ 2605_797) [m AD];Water level at (IJssel06_B_B_B_B_A_ 957_632) [m AD];Water level at (IJssel07_A_ 655_737) [m AD];Water level at (IJssel07_B_A_ 2728_796) [m AD];Water level at (IJssel09_A_ 3283_163) [m AD]
27-12-99 00:00;6.8056;4.4515;3.11;3.2387;0;1.1006;0.12221;-0.03758;-0.22538;-0.80039;-0.74911;-1.8806;-2.5259;-2.0417
27-12-99 01:00;6.6733;5.0157;3.223;3.1709;2.3637;0.72168;0.17838;0.095794;-0.23073;-0.49124;-0.57214;-1.5062;-1.9949;-2.276
27-12-99 02:00;6.5265;5.2444;3.2972;3.2345;2.4122;0.97808;0.28302;0.18484;-0.16466;-0.42299;-0.50383;-1.4149;-1.8039;-2.3487
27-12-99 03:00;6.4299;5.3564;3.4577;3.3901;2.5067;1.099;0.42745;0.32335;-0.059806;-0.33754;-0.42253;-1.3163;-1.6778;-2.3661
27-12-99 04:00;6.376;5.4106;3.604;3.5357;2.6262;1.2052;0.55152;0.44778;0.057901;-0.23061;-0.31955;-1.2201;-1.5715;-2.3649
27-12-99 05:00;6.3624;5.4374;3.7164;3.6496;2.748;1.3111;0.66749;0.56467;0.17528;-0.11689;-0.20796;-1.1194;-1.47;-2.2149
27-12-99 06:00;6.3884;5.4544;3.7996;3.735;2.8575;1.4191;0.78179;0.67968;0.29202;-0.0012573;-0.093706;-1.014;-1.3671;-1.9117
27-12-99 07:00;6.4441;5.4725;3.8627;3.8003;2.9505;1.527;0.89609;0.79464;0.40865;0.11462;0.021028;-0.90578;-1.2558;-1.5646
27-12-99 08:00;6.5219;5.4981;3.9144;3.8536;3.0289;1.6316;1.0093;0.90871;0.52495;0.23095;0.13671;-0.78937;-1.1193;-1.2544
27-12-99 09:00;6.6194;5.5348;3.9614;3.9019;3.0973;1.728;1.1169;1.0192;0.64027;0.34795;0.25379;-0.65256;-0.93911;-0.99745
27-12-99 10:00;6.7337;5.5846;4.009;3.9501;3.1597;1.7993;1.1916;1.0993;0.74117;0.45993;0.3684;-0.48578;-0.71813;-0.78264
27-12-99 11:00;6.857;5.6489;4.0606;4.0019;3.2188;1.8716;1.27;1.18;0.83332;0.56402;0.47685;-0.29971;-0.48971;-0.5945
27-12-99 12:00;6.9843;5.7276;4.1186;4.0597;3.2775;1.9426;1.3511;1.2631;0.92677;0.66941;0.58685;-0.11657;-0.28145;-0.42995
27-12-99 13:00;7.1122;5.8192;4.1849;4.1253;3.3386;2.0131;1.434;1.3482;1.0229;0.77753;0.69941;0.050443;-0.10346;-0.30666
27-12-99 14:00;7.2389;5.9218;4.26;4.1996;3.4042;2.0841;1.5182;1.4348;1.1206;0.88617;0.81175;0.19511;0.041106;-0.24227
27-12-99 15:00;7.3633;6.0328;4.3442;4.2827;3.4757;2.1569;1.6035;1.5223;1.218;0.99211;0.92025;0.31673;0.15727;-0.20596
27-12-99 16:00;7.4846;6.1498;4.4367;4.3741;3.5538;2.2325;1.6895;1.6102;1.3135;1.0933;1.0229;0.42167;0.25561;-0.17321
27-12-99 17:00;7.6024;6.2701;4.5365;4.4727;3.6387;2.3116;1.7763;1.6982;1.4066;1.1897;1.12;0.5158;0.34358;-0.1337
27-12-99 18:00;7.7162;6.3924;4.6418;4.577;3.7298;2.3943;1.8641;1.7867;1.4979;1.2826;1.2131;0.60382;0.42649;-0.093541
27-12-99 19:00;7.8255;6.5152;4.7514;4.6857;3.8263;2.481;1.9533;1.8762;1.5885;1.3736;1.3039;0.68833;0.50634;-0.053692
27-12-99 20:00;7.9298;6.637;4.8634;4.797;3.9274;2.5716;2.0444;1.9674;1.6794;1.464;1.3938;0.77038;0.58393;-0.013957
27-12-99 21:00;8.0293;6.7565;4.9766;4.9095;4.0316;2.6659;2.138;2.0607;1.7714;1.5547;1.4838;0.85085;0.65996;0.025742
27-12-99 22:00;8.1242;6.873;5.0904;5.0228;4.1375;2.7638;2.2343;2.1565;1.8651;1.6463;1.5746;0.93096;0.73539;0.06561
27-12-99 23:00;8.2145;6.9857;5.2037;5.1357;4.2442;2.8646;2.3333;2.2548;1.9608;1.7396;1.6669;1.0115;0.81104;0.10595
28-12-99 00:00;8.3004;7.0943;5.3153;5.247;4.3509;2.9679;2.4347;2.3555;2.0586;1.8347;1.7608;1.0932;0.88757;0.14698
28-12-99 01:00;8.3823;7.1981;5.4242;5.3557;4.457;3.0733;2.5385;2.4585;2.1585;1.9318;1.8567;1.1764;0.9655;0.18894
28-12-99 02:00;8.4602;7.2972;5.5301;5.4615;4.5617;3.18;2.6442;2.5635;2.2604;2.0307;1.9545;1.2613;1.045;0.23208
28-12-99 03:00;8.5342;7.3915;5.6326;5.564;4.6647;3.2875;2.7512;2.67;2.364;2.1313;2.0539;1.348;1.1262;0.27657
28-12-99 04:00;8.6044;7.481;5.7313;5.6628;4.7656;3.395;2.8591;2.7773;2.4686;2.233;2.1544;1.4359;1.2084;0.32253
28-12-99 05:00;8.671;7.5657;5.8258;5.7575;4.8638;3.502;2.9672;2.8849;2.5736;2.3349;2.2552;1.5246;1.2917;0.3699
28-12-99 06:00;8.734;7.6458;5.9162;5.8481;4.959;3.608;3.0747;2.992;2.6783;2.4368;2.356;1.6143;1.3765;0.41875
28-12-99 07:00;8.7936;7.7214;6.0023;5.9345;5.0509;3.7122;3.181;3.0979;2.7827;2.5388;2.457;1.7049;1.4625;0.46921
28-12-99 08:00;8.8499;7.7928;6.0839;6.0164;5.1392;3.8141;3.2855;3.2023;2.8863;2.6411;2.5584;1.7962;1.5494;0.52127
28-12-99 09:00;8.9031;7.86;6.1607;6.0936;5.2237;3.9134;3.388;3.3047;2.9883;2.7428;2.6597;1.8883;1.6372;0.57484
28-12-99 10:00;8.9532;7.9234;6.2328;6.1662;5.3041;4.0096;3.4878;3.4045;3.0883;2.8427;2.7594;1.9808;1.7257;0.62987
28-12-99 11:00;9.0006;7.9831;6.3016;6.2353;5.3807;4.1023;3.5846;3.5015;3.1857;2.9402;2.8569;2.0735;1.8146;0.68626
28-12-99 12:00;9.0452;8.0394;6.3674;6.3016;5.4541;4.1915;3.678;3.5951;3.28;3.035;2.9516;2.1655;1.9032;0.74388
28-12-99 13:00;9.0872;8.0926;6.4291;6.3638;5.5241;4.2772;3.7679;3.6853;3.3711;3.1268;3.0434;2.2555;1.9903;0.80242
28-12-99 14:00;9.1269;8.1423;6.4868;6.4219;5.5903;4.3593;3.8543;3.7719;3.4589;3.2153;3.1321;2.3431;2.0756;0.86138
28-12-99 15:00;9.1643;8.1889;6.5412;6.4768;5.6531;4.4375;3.9367;3.8547;3.543;3.3003;3.2173;2.4276;2.1588;0.92035
28-12-99 16:00;9.1994;8.2326;6.5927;6.5288;5.7126;4.5116;4.015;3.9333;3.6231;3.3815;3.2986;2.5089;2.2393;0.97909
28-12-99 17:00;9.2325;8.2737;6.6416;6.5782;5.7689;4.5818;4.0893;4.008;3.6992;3.4586;3.376;2.587;2.3169;1.0373
28-12-99 18:00;9.2636;8.3123;6.688;6.625;5.8222;4.6482;4.1592;4.0783;3.7713;3.5318;3.4495;2.6615;2.3911;1.0951
28-12-99 19:00;9.2928;8.3489;6.7322;6.6696;5.8729;4.7107;4.2251;4.1447;3.8393;3.6009;3.5188;2.7318;2.4613;1.1519
28-12-99 20:00;9.3203;8.3833;6.7744;6.7121;5.9211;4.7698;4.2872;4.2071;3.9033;3.6659;3.5841;2.7981;2.5278;1.207
28-12-99 21:00;9.3461;8.4157;6.8145;6.7525;5.9667;4.8253;4.3456;4.2654;3.9633;3.7269;3.6454;2.8608;2.5907;1.2596
28-12-99 22:00;9.3703;8.4464;6.8524;6.7907;6.0099;4.8776;4.4006;4.3203;4.0197;3.7842;3.7029;2.9197;2.6499;1.3093
28-12-99 23:00;9.3932;8.4755;6.8885;6.827;6.0509;4.9268;4.4524;4.3722;4.0729;3.8382;3.7571;2.975;2.7057;1.3563
29-12-99 00:00;9.4147;8.5029;6.9231;6.8619;6.0897;4.9732;4.5014;4.4212;4.123;3.8892;3.8082;3.0272;2.7583;1.4007
29-12-99 01:00;9.4351;8.5289;6.9561;6.8952;6.1267;5.0171;4.5476;4.4675;4.1703;3.9372;3.8565;3.0765;2.808;1.4427
29-12-99 02:00;9.4543;8.5536;6.9877;6.927;6.1619;5.0585;4.5913;4.5113;4.215;3.9827;3.9021;3.1227;2.8548;1.4827
29-12-99 03:00;9.4725;8.577;7.0178;6.9574;6.1953;5.0976;4.6323;4.5525;4.2571;4.0254;3.945;3.1664;2.899;1.5208
29-12-99 04:00;9.4898;8.5991;7.0463;6.9861;6.2269;5.1345;4.671;4.5914;4.2968;4.0656;3.9853;3.2076;2.9408;1.5571
29-12-99 05:00;9.5061;8.6201;7.0732;7.0131;6.2568;5.1695;4.7074;4.628;4.3341;4.1034;4.0233;3.2467;2.9804;1.5916
29-12-99 06:00;9.5215;8.6401;7.0987;7.0389;6.2853;5.2027;4.7418;4.6625;4.3693;4.1391;4.0591;3.2836;3.0179;1.6244
29-12-99 07:00;9.5362;8.6592;7.1227;7.0632;6.3124;5.2342;4.7745;4.6954;4.4028;4.173;4.0931;3.3185;3.0533;1.6554
29-12-99 08:00;9.5501;8.6775;7.1455;7.0861;6.3382;5.2642;4.8056;4.7267;4.4347;4.2052;4.1256;3.3516;3.0869;1.6846
29-12-99 09:00;9.5634;8.6948;7.167;7.1079;6.3628;5.2928;4.8354;4.7566;4.4651;4.2361;4.1566;3.3831;3.1188;1.7122
29-12-99 10:00;9.576;8.7112;7.1875;7.1286;6.3862;5.3203;4.8639;4.7852;4.4941;4.265;4.1861;3.413;3.1491;1.7385
29-12-99 11:00;9.588;8.7266;7.207;7.1483;6.4084;5.3455;4.8931;4.813;4.5212;4.2921;4.2146;3.4414;3.1779;1.7636
29-12-99 12:00;9.5993;8.7413;7.2248;7.1662;6.4227;5.3881;4.9485;4.8674;4.5662;4.3302;4.2542;3.4701;3.2057;1.7874
29-12-99 13:00;9.6101;8.7552;7.2394;7.1806;6.4333;5.4083;4.978;4.8973;4.5965;4.3595;4.2897;3.5027;3.2365;1.8104
29-12-99 14:00;9.6203;8.7682;7.2519;7.193;6.4423;5.4285;5.0064;4.9256;4.6236;4.3843;4.3229;3.5337;3.2669;1.8331
29-12-99 15:00;9.63;8.7802;7.263;7.2039;6.4504;5.4476;5.0331;4.9522;4.6485;4.4069;4.3546;3.5638;3.2964;1.8558
29-12-99 16:00;9.6391;8.7914;7.273;7.2139;6.4576;5.4654;5.0579;4.9769;4.6719;4.4282;4.3849;3.5929;3.3251;1.8782
29-12-99 17:00;9.6476;8.8017;7.2823;7.223;6.4644;5.482;5.081;5.0001;4.6941;4.4488;4.4135;3.6206;3.3527;1.9002
29-12-99 18:00;9.6556;8.8113;7.291;7.2316;6.4707;5.4974;5.1029;5.0221;4.7152;4.4687;4.4402;3.6469;3.3789;1.9217
29-12-99 19:00;9.6631;8.8203;7.299;7.2395;6.4766;5.512;5.1237;5.043;4.7354;4.4881;4.4651;3.6715;3.4038;1.9425
29-12-99 20:00;9.6701;8.8286;7.3066;7.2471;6.4822;5.5258;5.1434;5.0629;4.7551;4.5072;4.4886;3.6946;3.4272;1.9626
29-12-99 21:00;9.6766;8.8364;7.3139;7.2542;6.4875;5.5389;5.1622;5.082;4.7741;4.526;4.511;3.7165;3.4495;1.9819
29-12-99 22:00;9.6828;8.8436;7.3207;7.261;6.4926;5.5515;5.1803;5.1003;4.7925;4.5442;4.5322;3.7375;3.4706;2.0003
29-12-99 23:00;9.6885;8.8504;7.3272;7.2674;6.4975;5.5635;5.1976;5.1179;4.8105;4.5622;4.5524;3.7575;3.4911;2.0179
30-12-99 00:00;9.6939;8.8568;7.3334;7.2735;6.5023;5.5751;5.2145;5.1351;4.8283;4.5801;4.5718;3.7769;3.5108;2.0347
30-12-99 01:00;9.6989;8.8628;7.3392;7.2793;6.5069;5.5864;5.2309;5.1518;4.8456;4.5975;4.5902;3.7956;3.5297;2.0507
30-12-99 02:00;9.7037;8.8684;7.3448;7.2849;6.5113;5.5973;5.2466;5.1679;4.8622;4.6141;4.6076;3.8139;3.548;2.066
30-12-99 03:00;9.7081;8.8737;7.3502;7.2901;6.5156;5.6077;5.2617;5.1832;4.878;4.6299;4.624;3.8317;3.5657;2.0809
30-12-99 04:00;9.7123;8.8786;7.3552;7.2951;6.5198;5.6177;5.2762;5.1979;4.8931;4.6449;4.6394;3.849;3.583;2.0954
30-12-99 05:00;9.7162;8.8833;7.3599;7.2999;6.5239;5.6273;5.2899;5.2119;4.9075;4.6592;4.654;3.8659;3.5998;2.1094
30-12-99 06:00;9.7199;8.8877;7.3645;7.3044;6.5279;5.6364;5.3028;5.225;4.9211;4.6727;4.6677;3.8825;3.6161;2.1229
30-12-99 07:00;9.7234;8.8918;7.3689;7.3088;6.5318;5.645;5.3151;5.2375;4.9341;4.6856;4.6808;3.8986;3.632;2.136
30-12-99 08:00;9.7267;8.8957;7.3732;7.313;6.5355;5.6532;5.3266;5.2492;4.9466;4.6979;4.6932;3.9142;3.6475;2.1487
30-12-99 09:00;9.7298;8.8994;7.3772;7.317;6.5392;5.661;5.3375;5.2602;4.9585;4.7097;4.7051;3.9292;3.6624;2.161
30-12-99 10:00;9.7327;8.9029;7.3811;7.3209;6.5427;5.6684;5.3477;5.2706;4.9699;4.7211;4.7166;3.9438;3.6769;2.1729
30-12-99 11:00;9.7355;8.9062;7.3849;7.3247;6.5462;5.6754;5.3575;5.2805;4.9809;4.732;4.7276;3.9578;3.6908;2.1845
30-12-99 12:00;9.7381;8.9094;7.3885;7.3283;6.5495;5.6821;5.3668;5.29;4.9916;4.7426;4.7382;3.9713;3.7043;2.1957
30-12-99 13:00;9.7406;8.9123;7.3919;7.3317;6.5527;5.6885;5.3757;5.299;5.0019;4.7528;4.7484;3.9842;3.7172;2.2066
30-12-99 14:00;9.7428;8.9152;7.3953;7.335;6.5559;5.6946;5.3841;5.3076;5.0118;4.7626;4.7582;3.9967;3.7295;2.2171
30-12-99 15:00;9.7449;8.9178;7.3985;7.3382;6.5589;5.7004;5.3922;5.3157;5.0213;4.7719;4.7674;4.0086;3.7412;2.2274
30-12-99 16:00;9.747;8.9203;7.4015;7.3413;6.5619;5.706;5.3998;5.3234;5.0301;4.7806;4.7761;4.0199;3.7524;2.2373
30-12-99 17:00;9.7489;8.9227;7.4045;7.3443;6.5648;5.7113;5.407;5.3306;5.0386;4.7888;4.7843;4.0306;3.7631;2.247
30-12-99 18:00;9.7508;8.9249;7.4073;7.3471;6.5675;5.7164;5.4139;5.3375;5.0466;4.7965;4.7917;4.0409;3.7732;2.2562
30-12-99 19:00;9.7526;8.9271;7.41;7.3498;6.5702;5.7212;5.4204;5.344;5.0542;4.8041;4.7994;4.0508;3.7828;2.2652
30-12-99 20:00;9.7543;8.9291;7.4126;7.3524;6.5728;5.7258;5.4265;5.3501;5.0614;4.8112;4.8064;4.0603;3.792;2.2737
30-12-99 21:00;9.7559;8.9311;7.4151;7.3549;6.5753;5.7302;5.4323;5.3559;5.0682;4.8179;4.8132;4.0693;3.8007;2.2819
30-12-99 22:00;9.7574;8.933;7.4176;7.3574;6.5777;5.7344;5.4378;5.3614;5.0747;4.8245;4.8197;4.078;3.8091;2.2897
30-12-99 23:00;9.7589;8.9348;7.4199;7.3597;6.58;5.7383;5.443;5.3666;5.0808;4.8308;4.826;4.0863;3.8172;2.2971
31-12-99 00:00;9.7603;8.9365;7.4222;7.362;6.5823;5.7421;5.4479;5.3715;5.0867;4.837;4.8321;4.0942;3.8249;2.3042
31-12-99 01:00;9.7617;8.9381;7.4243;7.3642;6.5844;5.7456;5.4526;5.3762;5.0922;4.8429;4.8379;4.1019;3.8323;2.3111
31-12-99 02:00;9.763;8.9397;7.4264;7.3663;6.5865;5.749;5.457;5.3806;5.0974;4.8485;4.8435;4.1092;3.8395;2.3177
31-12-99 03:00;9.7642;8.9412;7.4284;7.3683;6.5885;5.7523;5.4611;5.3848;5.1024;4.8539;4.8489;4.1163;3.8464;2.324
31-12-99 04:00;9.7654;8.9426;7.4304;7.3702;6.5905;5.7554;5.4651;5.3887;5.107;4.859;4.8539;4.1231;3.853;2.3302
31-12-99 05:00;9.7665;8.944;7.4322;7.3721;6.5923;5.7583;5.4688;5.3924;5.1113;4.8639;4.8588;4.1297;3.8593;2.3361
31-12-99 06:00;9.7676;8.9453;7.434;7.3739;6.5941;5.761;5.4723;5.3959;5.1154;4.8685;4.8634;4.136;3.8654;2.3419
31-12-99 07:00;9.7686;8.9465;7.4357;7.3756;6.5959;5.7637;5.4756;5.3992;5.1193;4.8729;4.8677;4.142;3.8712;2.3475
31-12-99 08:00;9.7696;8.9477;7.4373;7.3772;6.5975;5.7662;5.4787;5.4023;5.1229;4.8771;4.8719;4.1477;3.8767;2.3529
31-12-99 09:00;9.7705;8.9489;7.4389;7.3788;6.5991;5.7685;5.4816;5.4052;5.1263;4.881;4.8758;4.1533;3.882;2.3582
31-12-99 10:00;9.7714;8.95;7.4404;7.3803;6.6006;5.7707;5.4844;5.408;5.1295;4.8848;4.8795;4.1586;3.887;2.3634
31-12-99 11:00;9.7722;8.951;7.4418;7.3817;6.6021;5.7728;5.487;5.4105;5.1325;4.8883;4.883;4.1636;3.8918;2.3684
31-12-99 12:00;9.773;8.9521;7.4432;7.3831;6.6035;5.7748;5.4894;5.413;5.1353;4.8917;4.8863;4.1684;3.8964;2.3732
31-12-99 13:00;9.7738;8.953;7.4446;7.3845;6.6049;5.7767;5.4917;5.4153;5.138;4.8948;4.8894;4.173;3.9007;2.378
31-12-99 14:00;9.7746;8.954;7.4458;7.3858;6.6062;5.7785;5.4939;5.4174;5.1404;4.8978;4.8924;4.1774;3.9048;2.3827
31-12-99 15:00;9.7753;8.9548;7.4471;7.387;6.6075;5.7801;5.4959;5.4194;5.1427;4.9006;4.8952;4.1816;3.9088;2.3872
31-12-99 16:00;9.7759;8.9557;7.4483;7.3882;6.6087;5.7817;5.4978;5.4213;5.1449;4.9032;4.8978;4.1856;3.9126;2.3917
31-12-99 17:00;9.7766;8.9565;7.4494;7.3893;6.6099;5.7832;5.4996;5.4231;5.147;4.9057;4.9002;4.1894;3.9162;2.396
31-12-99 18:00;9.7772;8.9573;7.4505;7.3904;6.611;5.7846;5.5013;5.4248;5.1489;4.9081;4.9026;4.1931;3.9196;2.4003
31-12-99 19:00;9.7778;8.958;7.4515;7.3915;6.6121;5.786;5.5029;5.4264;5.1507;4.9103;4.9048;4.1966;3.9229;2.4044
31-12-99 20:00;9.7783;8.9587;7.4525;7.3925;6.6131;5.7872;5.5045;5.4279;5.1524;4.9124;4.9069;4.1999;3.926;2.4084
31-12-99 21:00;9.7789;8.9594;7.4535;7.3934;6.6141;5.7884;5.5059;5.4293;5.154;4.9144;4.9089;4.2031;3.929;2.4124
31-12-99 22:00;9.7794;8.96;7.4544;7.3944;6.615;5.7896;5.5073;5.4307;5.1555;4.9163;4.9107;4.2061;3.9318;2.4162
31-12-99 23:00;9.7799;8.9607;7.4553;7.3952;6.6159;5.7907;5.5085;5.4319;5.1569;4.918;4.9124;4.209;3.9345;2.4199
01-01-00 00:00;9.7803;8.9613;7.4561;7.3961;6.6167;5.7917;5.5097;5.4331;5.1583;4.9197;4.9141;4.2118;3.9371;2.4235
01-01-00 01:00;9.7808;8.9618;7.4569;7.3969;6.6175;5.7927;5.5109;5.4342;5.1595;4.9212;4.9156;4.2144;3.9396;2.427
01-01-00 02:00;9.7812;8.9624;7.4576;7.3976;6.6183;5.7936;5.512;5.4353;5.1607;4.9227;4.9171;4.217;3.942;2.4304
01-01-00 03:00;9.7816;8.9629;7.4583;7.3983;6.619;5.7944;5.513;5.4363;5.1618;4.924;4.9184;4.2194;3.9443;2.4337
01-01-00 04:00;9.782;8.9634;7.459;7.399;6.6197;5.7953;5.5139;5.4372;5.1628;4.9253;4.9197;4.2217;3.9464;2.4369
01-01-00 05:00;9.7824;8.9638;7.4597;7.3997;6.6203;5.796;5.5148;5.4381;5.1638;4.9265;4.9209;4.2239;3.9485;2.4399
01-01-00 06:00;9.7827;8.9643;7.4603;7.4003;6.6209;5.7968;5.5157;5.439;5.1647;4.9276;4.922;4.226;3.9504;2.4429
01-01-00 07:00;9.7831;8.9647;7.4609;7.4009;6.6215;5.7975;5.5165;5.4397;5.1656;4.9287;4.923;4.228;3.9523;2.4458
01-01-00 08:00;9.7833;8.9651;7.4615;7.4015;6.6221;5.7981;5.5172;5.4405;5.1664;4.9297;4.924;4.23;3.9541;2.4486
01-01-00 09:00;9.7835;8.9655;7.462;7.402;6.6226;5.7987;5.5179;5.4412;5.1672;4.9307;4.925;4.2318;3.9558;2.4513
01-01-00 10:00;9.7837;8.9658;7.4625;7.4025;6.6231;5.7993;5.5186;5.4418;5.1679;4.9315;4.9259;4.2335;3.9574;2.4539
01-01-00 11:00;9.7838;8.9661;7.463;7.403;6.6236;5.7999;5.5192;5.4425;5.1685;4.9324;4.9267;4.2351;3.9589;2.4564
01-01-00 12:00;9.7837;8.9663;7.4634;7.4034;6.6241;5.8004;5.5198;5.443;5.1692;4.9332;4.9275;4.2367;3.9604;2.4588
01-01-00 13:00;9.7836;8.9665;7.4638;7.4039;6.6245;5.8009;5.5204;5.4436;5.1698;4.9339;4.9282;4.2382;3.9618;2.4611
01-01-00 14:00;9.7834;8.9666;7.4642;7.4042;6.6249;5.8013;5.5209;5.4441;5.1703;4.9346;4.9289;4.2396;3.9631;2.4634
01-01-00 15:00;9.7831;8.9666;7.4646;7.4046;6.6252;5.8018;5.5214;5.4446;5.1709;4.9353;4.9296;4.241;3.9643;2.4655
01-01-00 16:00;9.7827;8.9666;7.4649;7.4049;6.6256;5.8022;5.5219;5.4451;5.1714;4.9359;4.9302;4.2422;3.9655;2.4676
01-01-00 17:00;9.7821;8.9664;7.4651;7.4052;6.6259;5.8026;5.5223;5.4455;5.1719;4.9365;4.9308;4.2435;3.9667;2.4696
01-01-00 18:00;9.7815;8.9662;7.4653;7.4054;6.6261;5.8029;5.5227;5.4459;5.1723;4.937;4.9313;4.2446;3.9678;2.4715
01-01-00 19:00;9.7808;8.9659;7.4655;7.4055;6.6264;5.8033;5.5231;5.4463;5.1727;4.9376;4.9318;4.2457;3.9688;2.4733
01-01-00 20:00;9.7799;8.9655;7.4655;7.4056;6.6266;5.8036;5.5235;5.4467;5.1731;4.9381;4.9323;4.2468;3.9698;2.4751
01-01-00 21:00;9.7789;8.9651;7.4655;7.4056;6.6267;5.8038;5.5238;5.447;5.1735;4.9385;4.9328;4.2478;3.9707;2.4768
01-01-00 22:00;9.7779;8.9645;7.4655;7.4056;6.6268;5.8041;5.5241;5.4473;5.1738;4.939;4.9332;4.2487;3.9716;2.4784
01-01-00 23:00;9.7767;8.9639;7.4654;7.4055;6.6269;5.8043;5.5244;5.4475;5.1741;4.9394;4.9336;4.2496;3.9725;2.48
02-01-00 00:00;9.7754;8.9631;7.4652;7.4053;6.6269;5.8045;5.5246;5.4478;5.1744;4.9397;4.934;4.2505;3.9733;2.4815
02-01-00 01:00;9.774;8.9623;7.4649;7.4051;6.6268;5.8046;5.5248;5.448;5.1747;4.9401;4.9343;4.2513;3.974;2.4829
02-01-00 02:00;9.7725;8.9614;7.4646;7.4048;6.6268;5.8048;5.525;5.4482;5.1749;4.9404;4.9346;4.252;3.9747;2.4843
02-01-00 03:00;9.7709;8.9604;7.4642;7.4044;6.6266;5.8048;5.5251;5.4483;5.1751;4.9407;4.9349;4.2527;3.9754;2.4856
02-01-00 04:00;9.7692;8.9593;7.4638;7.404;6.6264;5.8049;5.5252;5.4484;5.1752;4.9409;4.9351;4.2534;3.976;2.4868
02-01-00 05:00;9.7674;8.9581;7.4632;7.4035;6.6262;5.8049;5.5253;5.4485;5.1754;4.9411;4.9354;4.2539;3.9766;2.488
02-01-00 06:00;9.7656;8.9568;7.4626;7.4029;6.6259;5.8049;5.5253;5.4485;5.1755;4.9413;4.9356;4.2545;3.9771;2.4891
02-01-00 07:00;9.7637;8.9555;7.4619;7.4022;6.6255;5.8048;5.5253;5.4485;5.1756;4.9415;4.9357;4.255;3.9776;2.4902
02-01-00 08:00;9.7619;8.9541;7.4612;7.4015;6.6252;5.8047;5.5253;5.4485;5.1756;4.9416;4.9358;4.2554;3.9781;2.4912
02-01-00 09:00;9.7601;8.9527;7.4604;7.4007;6.6247;5.8046;5.5252;5.4485;5.1756;4.9417;4.9359;4.2558;3.9785;2.4922
02-01-00 10:00;9.7584;8.9513;7.4595;7.3999;6.6242;5.8044;5.5251;5.4484;5.1756;4.9418;4.936;4.2562;3.9789;2.4931
02-01-00 11:00;9.7569;8.9499;7.4586;7.399;6.6237;5.8042;5.5249;5.4483;5.1756;4.9418;4.9361;4.2565;3.9792;2.494
02-01-00 12:00;9.7555;8.9486;7.4576;7.3981;6.6231;5.804;5.5248;5.4481;5.1755;4.9418;4.9361;4.2567;3.9795;2.4948
02-01-00 13:00;9.7543;8.9474;7.4567;7.3972;6.6225;5.8038;5.5246;5.448;5.1754;4.9418;4.9361;4.2569;3.9797;2.4956
02-01-00 14:00;9.7533;8.9462;7.4559;7.3964;6.622;5.8035;5.5244;5.4478;5.1754;4.9418;4.936;4.2571;3.9799;2.4964
02-01-00 15:00;9.7525;8.9453;7.4551;7.3956;6.6215;5.8033;5.5242;5.4477;5.1753;4.9418;4.936;4.2572;3.9801;2.4971
02-01-00 16:00;9.752;8.9444;7.4544;7.3949;6.621;5.8031;5.5241;5.4475;5.1752;4.9417;4.936;4.2573;3.9802;2.4978
02-01-00 17:00;9.7517;8.9437;7.4538;7.3943;6.6205;5.8029;5.5239;5.4474;5.1752;4.9417;4.9359;4.2574;3.9804;2.4985
02-01-00 18:00;9.7516;8.9434;7.4532;7.3938;6.6201;5.8027;5.5238;5.4473;5.1751;4.9416;4.9359;4.2574;3.9805;2.4991
02-01-00 19:00;9.752;8.9435;7.4528;7.3934;6.6198;5.8025;5.5237;5.4471;5.175;4.9416;4.9358;4.2575;3.9805;2.4997
02-01-00 20:00;9.7528;8.9439;7.4526;7.3931;6.6195;5.8024;5.5236;5.4471;5.175;4.9416;4.9358;4.2575;3.9806;2.5003
02-01-00 21:00;9.754;8.9447;7.4525;7.3931;6.6194;5.8023;5.5235;5.447;5.175;4.9415;4.9358;4.2575;3.9807;2.5008
02-01-00 22:00;9.7556;8.9459;7.4527;7.3932;6.6193;5.8022;5.5235;5.447;5.1749;4.9415;4.9358;4.2576;3.9807;2.5013
02-01-00 23:00;9.7576;8.9473;7.4531;7.3936;6.6194;5.8022;5.5235;5.447;5.175;4.9415;4.9358;4.2576;3.9808;2.5018
03-01-00 00:00;9.7598;8.9491;7.4537;7.3942;6.6196;5.8023;5.5235;5.447;5.175;4.9415;4.9358;4.2576;3.9808;2.5023
03-01-00 01:00;9.7624;8.9512;7.4546;7.3951;6.62;5.8024;5.5237;5.4471;5.1751;4.9416;4.9358;4.2577;3.9809;2.5027
03-01-00 02:00;9.7654;8.9535;7.4557;7.3961;6.6206;5.8026;5.5239;5.4473;5.1752;4.9417;4.9359;4.2578;3.981;2.5031
03-01-00 03:00;9.7686;8.9562;7.457;7.3974;6.6213;5.8029;5.5241;5.4476;5.1754;4.9418;4.936;4.2579;3.9811;2.5035
03-01-00 04:00;9.772;8.9591;7.4585;7.3989;6.6221;5.8033;5.5245;5.4479;5.1757;4.942;4.9362;4.258;3.9812;2.5039
03-01-00 05:00;9.7757;8.9622;7.4603;7.4007;6.6231;5.8037;5.5249;5.4483;5.176;4.9422;4.9364;4.2582;3.9814;2.5043
03-01-00 06:00;9.7796;8.9657;7.4623;7.4026;6.6243;5.8043;5.5254;5.4488;5.1763;4.9425;4.9367;4.2585;3.9816;2.5047
03-01-00 07:00;9.7837;8.9693;7.4645;7.4048;6.6256;5.805;5.526;5.4493;5.1768;4.9428;4.937;4.2588;3.9818;2.5051
03-01-00 08:00;9.7878;8.9731;7.4669;7.4071;6.627;5.8057;5.5267;5.45;5.1773;4.9432;4.9374;4.2592;3.9821;2.5055
03-01-00 09:00;9.792;8.977;7.4695;7.4097;6.6286;5.8066;5.5275;5.4507;5.1778;4.9436;4.9378;4.2597;3.9825;2.506
03-01-00 10:00;9.7962;8.981;7.4723;7.4124;6.6304;5.8075;5.5284;5.4515;5.1785;4.9441;4.9383;4.2603;3.9829;2.5064
03-01-00 11:00;9.8002;8.9851;7.4753;7.4153;6.6322;5.8085;5.5294;5.4524;5.1792;4.9447;4.9389;4.2609;3.9834;2.5069
03-01-00 12:00;9.8042;8.9893;7.4783;7.4183;6.6342;5.8097;5.5304;5.4534;5.1799;4.9454;4.9395;4.2617;3.9839;2.5074
03-01-00 13:00;9.8081;8.9934;7.4816;7.4215;6.6363;5.8109;5.5316;5.4544;5.1808;4.9461;4.9402;4.2625;3.9845;2.508
03-01-00 14:00;9.8118;8.9976;7.4851;7.425;6.6388;5.8122;5.5329;5.4556;5.1818;4.9469;4.941;4.2634;3.9852;2.5087
03-01-00 15:00;9.8153;9.0017;7.4888;7.4286;6.6418;5.8138;5.5344;5.457;5.1828;4.9478;4.9419;4.2645;3.986;2.5095
03-01-00 16:00;9.8186;9.0057;7.4928;7.4326;6.6451;5.8155;5.536;5.4585;5.184;4.9488;4.9429;4.2657;3.9869;2.5103
03-01-00 17:00;9.8217;9.0097;7.4969;7.4367;6.6486;5.8175;5.5378;5.4602;5.1854;4.9499;4.944;4.267;3.9879;2.5113
03-01-00 18:00;9.8246;9.0136;7.5012;7.441;6.6524;5.8197;5.5399;5.4621;5.1868;4.9512;4.9452;4.2685;3.9891;2.5123
03-01-00 19:00;9.8273;9.0173;7.5055;7.4453;6.6564;5.822;5.542;5.4641;5.1884;4.9525;4.9465;4.2702;3.9903;2.5134
03-01-00 20:00;9.8297;9.021;7.51;7.4498;6.6605;5.8244;5.5443;5.4662;5.19;4.954;4.9479;4.272;3.9917;2.5146
03-01-00 21:00;9.8319;9.0246;7.5145;7.4544;6.6647;5.827;5.5467;5.4684;5.1918;4.9555;4.9494;4.2741;3.9933;2.5159
03-01-00 22:00;9.8339;9.028;7.5191;7.4589;6.669;5.8296;5.5492;5.4707;5.1936;4.9572;4.951;4.2763;3.995;2.5173
03-01-00 23:00;9.8357;9.0312;7.5236;7.4635;6.6733;5.8324;5.5518;5.4732;5.1955;4.9589;4.9527;4.2787;3.9968;2.5189
04-01-00 00:00;9.8372;9.0343;7.5281;7.468;6.6777;5.8352;5.5545;5.4757;5.1975;4.9606;4.9544;4.2813;3.9988;2.5206
04-01-00 01:00;9.8385;9.0371;7.5326;7.4726;6.6821;5.8381;5.5573;5.4782;5.1994;4.9625;4.9562;4.284;4.0009;2.5224
04-01-00 02:00;9.8394;9.0397;7.537;7.477;6.6864;5.841;5.5601;5.4809;5.2015;4.9644;4.958;4.2869;4.0032;2.5243
04-01-00 03:00;9.8401;9.0421;7.5414;7.4815;6.6908;5.844;5.5629;5.4835;5.2035;4.9663;4.9599;4.29;4.0056;2.5264
04-01-00 04:00;9.8406;9.0442;7.5457;7.4858;6.6951;5.847;5.5658;5.4862;5.2056;4.9682;4.9618;4.2931;4.0081;2.5286
04-01-00 05:00;9.8408;9.0462;7.5498;7.49;6.6994;5.85;5.5687;5.4889;5.2077;4.9702;4.9637;4.2964;4.0107;2.531
04-01-00 06:00;9.8408;9.048;7.5539;7.4941;6.7036;5.853;5.5715;5.4916;5.2098;4.9722;4.9656;4.2999;4.0134;2.5334
04-01-00 07:00;9.8406;9.0496;7.5578;7.498;6.7077;5.8561;5.5744;5.4943;5.2119;4.9742;4.9676;4.3034;4.0162;2.536
04-01-00 08:00;9.8403;9.0511;7.5615;7.5019;6.7118;5.8591;5.5773;5.497;5.2139;4.9762;4.9695;4.307;4.0191;2.5388
04-01-00 09:00;9.8399;9.0524;7.5652;7.5056;6.7158;5.8621;5.5801;5.4996;5.216;4.9782;4.9715;4.3107;4.0221;2.5417
04-01-00 10:00;9.8394;9.0536;7.5687;7.5092;6.7198;5.865;5.583;5.5023;5.2181;4.9802;4.9734;4.3145;4.0251;2.5446
04-01-00 11:00;9.8388;9.0547;7.5721;7.5126;6.7237;5.868;5.5858;5.5049;5.2201;4.9822;4.9754;4.3183;4.0282;2.5478
04-01-00 12:00;9.8382;9.0558;7.5753;7.5159;6.7275;5.8709;5.5885;5.5075;5.2221;4.9842;4.9773;4.3221;4.0313;2.551
04-01-00 13:00;9.8376;9.0568;7.5784;7.5191;6.7313;5.8738;5.5913;5.5101;5.2241;4.9861;4.9792;4.326;4.0345;2.5543
04-01-00 14:00;9.8371;9.0577;7.5813;7.5221;6.735;5.8766;5.594;5.5127;5.2261;4.9881;4.9811;4.3299;4.0377;2.5578
04-01-00 15:00;9.8365;9.0587;7.5842;7.525;6.7386;5.8794;5.5967;5.5152;5.228;4.99;4.9829;4.3339;4.0409;2.5613
04-01-00 16:00;9.836;9.0596;7.5869;7.5277;6.7421;5.8822;5.5993;5.5177;5.2299;4.9919;4.9848;4.3379;4.0441;2.565
04-01-00 17:00;9.8355;9.0605;7.5895;7.5304;6.7458;5.8849;5.6019;5.5201;5.2318;4.9938;4.9866;4.3419;4.0474;2.5686
04-01-00 18:00;9.8352;9.0614;7.5921;7.5331;6.7494;5.8877;5.6045;5.5225;5.2336;4.9956;4.9884;4.3458;4.0507;2.5723
04-01-00 19:00;9.8348;9.0624;7.5947;7.5357;6.7531;5.8904;5.6071;5.525;5.2355;4.9975;4.9902;4.3498;4.054;2.5761
04-01-00 20:00;9.8346;9.0635;7.5973;7.5384;6.7567;5.8931;5.6096;5.5273;5.2373;4.9993;4.992;4.3538;4.0573;2.5801
04-01-00 21:00;9.8345;9.0645;7.5999;7.541;6.7601;5.8958;5.6121;5.5297;5.2391;5.0012;4.9939;4.3578;4.0606;2.5841
04-01-00 22:00;9.8344;9.0656;7.6024;7.5436;6.7634;5.8984;5.6146;5.5321;5.2408;5.0031;4.9957;4.3619;4.0639;2.5882
04-01-00 23:00;9.8345;9.0668;7.6049;7.5461;6.7666;5.901;5.6171;5.5344;5.2426;5.0049;4.9974;4.3659;4.0673;2.5923
05-01-00 00:00;9.8346;9.068;7.6073;7.5486;6.7697;5.9035;5.6194;5.5366;5.2443;5.0067;4.9992;4.3699;4.0706;2.5964
05-01-00 01:00;9.8348;9.0692;7.6097;7.551;6.7728;5.9059;5.6218;5.5388;5.2459;5.0085;5.001;4.3738;4.0739;2.6006
05-01-00 02:00;9.8351;9.0705;7.6121;7.5534;6.7758;5.9084;5.624;5.5409;5.2476;5.0103;5.0027;4.3778;4.0772;2.6049
05-01-00 03:00;9.8354;9.0718;7.6145;7.5559;6.7788;5.9108;5.6263;5.543;5.2492;5.0121;5.0044;4.3818;4.0806;2.6091
05-01-00 04:00;9.8358;9.0731;7.6169;7.5583;6.7819;5.9131;5.6285;5.5451;5.2508;5.0138;5.0062;4.3857;4.0839;2.6133
05-01-00 05:00;9.8363;9.0746;7.6193;7.5607;6.785;5.9155;5.6307;5.5472;5.2523;5.0156;5.0079;4.3895;4.0871;2.6176
05-01-00 06:00;9.8369;9.076;7.6217;7.5632;6.7881;5.9179;5.6329;5.5493;5.2539;5.0173;5.0095;4.3934;4.0904;2.6218
05-01-00 07:00;9.8377;9.0776;7.6242;7.5656;6.7912;5.9203;5.6352;5.5514;5.2554;5.0191;5.0112;4.3972;4.0936;2.6261
05-01-00 08:00;9.8385;9.0793;7.6267;7.5681;6.7943;5.9227;5.6374;5.5535;5.257;5.0208;5.0129;4.4011;4.0969;2.6303
05-01-00 09:00;9.8395;9.081;7.6292;7.5707;6.7975;5.9251;5.6396;5.5556;5.2586;5.0226;5.0146;4.4049;4.1001;2.6345
05-01-00 10:00;9.8407;9.0827;7.6318;7.5733;6.8007;5.9276;5.6419;5.5577;5.2601;5.0244;5.0163;4.4087;4.1034;2.6388
05-01-00 11:00;9.8419;9.0844;7.6344;7.5759;6.804;5.93;5.6441;5.5598;5.2617;5.0261;5.0181;4.4125;4.1066;2.643
05-01-00 12:00;9.8432;9.0862;7.637;7.5786;6.8073;5.9325;5.6464;5.562;5.2633;5.0279;5.0198;4.4163;4.1099;2.6471
05-01-00 13:00;9.8447;9.088;7.6397;7.5812;6.8107;5.9351;5.6488;5.5642;5.2648;5.0297;5.0216;4.4202;4.1132;2.6513
05-01-00 14:00;9.8463;9.0899;7.6423;7.5839;6.814;5.9376;5.6511;5.5664;5.2664;5.0316;5.0233;4.424;4.1165;2.6555
05-01-00 15:00;9.848;9.0919;7.645;7.5866;6.8175;5.9402;5.6534;5.5685;5.2681;5.0335;5.0251;4.4279;4.1197;2.6597
05-01-00 16:00;9.8499;9.094;7.6477;7.5893;6.8211;5.9429;5.6558;5.5707;5.2697;5.0353;5.027;4.4318;4.1231;2.6639
05-01-00 17:00;9.8518;9.0961;7.6505;7.5921;6.8247;5.9455;5.6582;5.573;5.2714;5.0373;5.0288;4.4358;4.1264;2.6681
05-01-00 18:00;9.854;9.0983;7.6533;7.5949;6.8283;5.9482;5.6606;5.5752;5.273;5.0392;5.0307;4.4398;4.1298;2.6723
05-01-00 19:00;9.8563;9.1007;7.6562;7.5978;6.832;5.951;5.663;5.5775;5.2748;5.0412;5.0326;4.4438;4.1332;2.6765
05-01-00 20:00;9.8587;9.1031;7.6591;7.6007;6.8356;5.9538;5.6655;5.5798;5.2765;5.0433;5.0346;4.4479;4.1367;2.6807
05-01-00 21:00;9.8612;9.1056;7.6621;7.6037;6.8393;5.9566;5.6679;5.5821;5.2783;5.0454;5.0366;4.452;4.1402;2.685
05-01-00 22:00;9.8639;9.1081;7.6651;7.6066;6.843;5.9594;5.6704;5.5844;5.28;5.0475;5.0387;4.4562;4.1437;2.6892
05-01-00 23:00;9.8667;9.1108;7.6681;7.6096;6.8466;5.9623;5.6729;5.5867;5.2818;5.0497;5.0408;4.4605;4.1473;2.6935
06-01-00 00:00;9.8697;9.1136;7.6711;7.6126;6.8502;5.9651;5.6754;5.589;5.2836;5.0519;5.0429;4.4648;4.151;2.6978
06-01-00 01:00;9.8727;9.1164;7.6742;7.6157;6.8537;5.968;5.6779;5.5912;5.2854;5.0542;5.0451;4.4692;4.1547;2.7022
06-01-00 02:00;9.8759;9.1193;7.6773;7.6187;6.8572;5.9708;5.6803;5.5935;5.2872;5.0565;5.0473;4.4737;4.1584;2.7066
06-01-00 03:00;9.8791;9.1223;7.6804;7.6218;6.8607;5.9736;5.6828;5.5958;5.289;5.0588;5.0496;4.4782;4.1622;2.7111
06-01-00 04:00;9.8825;9.1254;7.6836;7.625;6.8642;5.9764;5.6852;5.598;5.2908;5.0611;5.0518;4.4828;4.1661;2.7156
06-01-00 05:00;9.886;9.1285;7.6868;7.6281;6.8678;5.9792;5.6877;5.6003;5.2926;5.0635;5.0541;4.4875;4.17;2.7202
06-01-00 06:00;9.8897;9.1317;7.69;7.6313;6.8713;5.982;5.6901;5.6026;5.2944;5.0659;5.0565;4.4922;4.174;2.7248
06-01-00 07:00;9.8935;9.135;7.6933;7.6346;6.8749;5.9848;5.6926;5.6048;5.2963;5.0684;5.0588;4.497;4.178;2.7295
06-01-00 08:00;9.8975;9.1384;7.6966;7.6379;6.8784;5.9875;5.6951;5.6071;5.2981;5.0709;5.0612;4.5019;4.1821;2.7343
06-01-00 09:00;9.9017;9.1419;7.7;7.6412;6.882;5.9903;5.6976;5.6094;5.3;5.0734;5.0636;4.5067;4.1862;2.7391
06-01-00 10:00;9.9062;9.1455;7.7035;7.6446;6.8856;5.993;5.7;5.6116;5.3018;5.0759;5.0661;4.5117;4.1904;2.744
06-01-00 11:00;9.911;9.1493;7.707;7.648;6.8892;5.9958;5.7025;5.6139;5.3037;5.0785;5.0686;4.5167;4.1946;2.749
06-01-00 12:00;9.916;9.1532;7.7105;7.6515;6.8928;5.9985;5.705;5.6162;5.3055;5.0812;5.0711;4.5218;4.1989;2.754
06-01-00 13:00;9.9214;9.1572;7.7142;7.655;6.8965;6.0012;5.7075;5.6185;5.3074;5.0838;5.0737;4.5269;4.2033;2.759
06-01-00 14:00;9.927;9.1615;7.7179;7.6587;6.9002;6.0039;5.71;5.6207;5.3093;5.0865;5.0763;4.5321;4.2077;2.7641
06-01-00 15:00;9.933;9.1659;7.7217;7.6624;6.904;6.0067;5.7126;5.623;5.3112;5.0893;5.0789;4.5374;4.2121;2.7692
06-01-00 16:00;9.9395;9.1705;7.7257;7.6663;6.9079;6.0094;5.7151;5.6253;5.3131;5.0921;5.0816;4.5427;4.2166;2.7743
06-01-00 17:00;9.9463;9.1754;7.7297;7.6702;6.9118;6.0122;5.7177;5.6276;5.315;5.0949;5.0844;4.5481;4.2212;2.7795
06-01-00 18:00;9.9536;9.1804;7.7339;7.6743;6.9157;6.0149;5.7202;5.63;5.3169;5.0978;5.0872;4.5536;4.2258;2.7848
06-01-00 19:00;9.9612;9.1857;7.7383;7.6786;6.9198;6.0177;5.7229;5.6323;5.3189;5.1008;5.09;4.5591;4.2306;2.7901
06-01-00 20:00;9.9691;9.1911;7.7428;7.6829;6.9239;6.0205;5.7255;5.6347;5.3208;5.1038;5.0929;4.5648;4.2353;2.7955
06-01-00 21:00;9.9774;9.1967;7.7474;7.6874;6.9281;6.0234;5.7282;5.6371;5.3228;5.1069;5.0959;4.5705;4.2402;2.8009
06-01-00 22:00;9.9859;9.2024;7.7522;7.6921;6.9324;6.0263;5.7309;5.6396;5.3249;5.1101;5.099;4.5763;4.2451;2.8064
06-01-00 23:00;9.9945;9.2083;7.7572;7.6969;6.9368;6.0292;5.7337;5.6421;5.327;5.1134;5.1021;4.5822;4.2502;2.8119
07-01-00 00:00;10.003;9.2142;7.7623;7.7019;6.9418;6.0321;5.7365;5.6446;5.3291;5.1168;5.1054;4.5881;4.2553;2.8175
07-01-00 01:00;10.012;9.2203;7.7677;7.7071;6.9476;6.0353;5.7395;5.6473;5.3313;5.1203;5.1088;4.5942;4.2605;2.8231
07-01-00 02:00;10.022;9.2265;7.7734;7.7126;6.9539;6.0387;5.7427;5.6501;5.3336;5.124;5.1124;4.6004;4.2658;2.8288
07-01-00 03:00;10.031;9.2328;7.7793;7.7184;6.9605;6.0424;5.7462;5.6532;5.3361;5.128;5.1162;4.6067;4.2714;2.8345
07-01-00 04:00;10.04;9.2392;7.7855;7.7245;6.9675;6.0464;5.7499;5.6565;5.3388;5.1321;5.1202;4.6132;4.2772;2.8403
07-01-00 05:00;10.05;9.2455;7.7919;7.7307;6.9748;6.0505;5.7538;5.66;5.3416;5.1366;5.1245;4.6199;4.2832;2.8462
07-01-00 06:00;10.06;9.2518;7.7986;7.7372;6.9823;6.0549;5.758;5.6637;5.3446;5.1415;5.1291;4.6269;4.2897;2.8522
07-01-00 07:00;10.069;9.258;7.8054;7.7439;6.9893;6.0595;5.7623;5.6675;5.3478;5.1466;5.1341;4.6342;4.2965;2.8583
07-01-00 08:00;10.079;9.2643;7.8124;7.7506;6.9961;6.064;5.7667;5.6714;5.351;5.1521;5.1393;4.6418;4.3037;2.8645
07-01-00 09:00;10.088;9.2705;7.8193;7.7574;7.0029;6.0685;5.7711;5.6753;5.3544;5.1578;5.1448;4.6496;4.3113;2.871
07-01-00 10:00;10.098;9.2766;7.8264;7.7643;7.0096;6.0729;5.7755;5.6792;5.3577;5.1638;5.1506;4.6577;4.3193;2.8776
07-01-00 11:00;10.107;9.2828;7.8335;7.7712;7.0163;6.0773;5.7799;5.6831;5.3612;5.17;5.1565;4.666;4.3275;2.8844
07-01-00 12:00;10.117;9.2889;7.8407;7.7782;7.023;6.0817;5.7842;5.687;5.3647;5.1763;5.1626;4.6743;4.336;2.8915
07-01-00 13:00;10.126;9.2948;7.8479;7.7852;7.0291;6.086;5.7885;5.6907;5.3681;5.1828;5.1689;4.6828;4.3448;2.8988
07-01-00 14:00;10.136;9.3006;7.855;7.7921;7.0348;6.09;5.7926;5.6944;5.3715;5.1893;5.1751;4.6912;4.3537;2.9061
07-01-00 15:00;10.145;9.3062;7.862;7.7989;7.0396;6.0941;5.7966;5.698;5.3749;5.1957;5.1813;4.6996;4.3627;2.9136
07-01-00 16:00;10.154;9.3115;7.8688;7.8054;7.0438;6.0976;5.8003;5.7013;5.3781;5.2021;5.1875;4.7078;4.3718;2.9212
07-01-00 17:00;10.163;9.3167;7.8753;7.8117;7.0477;6.1007;5.8036;5.7043;5.3812;5.2083;5.1935;4.7159;4.3808;2.929
07-01-00 18:00;10.172;9.3217;7.8815;7.8177;7.0514;6.1035;5.8066;5.707;5.384;5.2141;5.1991;4.7237;4.3898;2.9368
07-01-00 19:00;10.181;9.3266;7.8876;7.8235;7.0547;6.106;5.8093;5.7094;5.3867;5.2195;5.2043;4.7312;4.3987;2.9446
07-01-00 20:00;10.19;9.3313;7.8934;7.8291;7.0579;6.1083;5.8118;5.7117;5.3891;5.2245;5.2092;4.7383;4.4073;2.9523
07-01-00 21:00;10.198;9.336;7.899;7.8344;7.0603;6.1104;5.8141;5.7138;5.3914;5.2292;5.2137;4.745;4.4156;2.96
07-01-00 22:00;10.207;9.3405;7.9044;7.8395;7.0622;6.1122;5.8162;5.7156;5.3935;5.2336;5.2179;4.7514;4.4235;2.9674
07-01-00 23:00;10.215;9.3449;7.9094;7.8443;7.0636;6.1137;5.8179;5.7172;5.3953;5.2375;5.2218;4.7573;4.4311;2.9747
08-01-00 00:00;10.224;9.3492;7.9143;7.8489;7.0649;6.115;5.8193;5.7186;5.397;5.2411;5.2253;4.7628;4.4383;2.9817
08-01-00 01:00;10.232;9.3534;7.9189;7.8533;7.066;6.116;5.8206;5.7197;5.3985;5.2444;5.2284;4.7679;4.4451;2.9884
08-01-00 02:00;10.24;9.3575;7.9234;7.8575;7.0669;6.1168;5.8216;5.7207;5.3998;5.2473;5.2313;4.7726;4.4515;2.9948
08-01-00 03:00;10.248;9.3615;7.9277;7.8615;7.068;6.1176;5.8225;5.7216;5.401;5.2499;5.2338;4.7769;4.4573;3.0009
08-01-00 04:00;10.256;9.3654;7.9319;7.8654;7.0697;6.1183;5.8234;5.7224;5.402;5.2523;5.2361;4.7809;4.4627;3.0066
08-01-00 05:00;10.264;9.3692;7.936;7.8694;7.0717;6.1192;5.8243;5.7232;5.403;5.2545;5.2382;4.7845;4.4677;3.0121
08-01-00 06:00;10.272;9.373;7.9403;7.8734;7.074;6.1201;5.8253;5.7241;5.4041;5.2566;5.2403;4.7878;4.4724;3.0171
08-01-00 07:00;10.28;9.3766;7.9444;7.8774;7.0763;6.1212;5.8264;5.7251;5.4051;5.2587;5.2423;4.791;4.4767;3.0218
08-01-00 08:00;10.288;9.3803;7.9486;7.8813;7.0787;6.1224;5.8276;5.7262;5.4062;5.2608;5.2444;4.794;4.4808;3.0262
08-01-00 09:00;10.296;9.384;7.9526;7.8852;7.081;6.1236;5.8288;5.7273;5.4073;5.2629;5.2464;4.7969;4.4847;3.0302
08-01-00 10:00;10.304;9.3877;7.9567;7.889;7.0835;6.1248;5.8301;5.7284;5.4085;5.265;5.2484;4.7997;4.4885;3.0339
08-01-00 11:00;10.312;9.3915;7.9607;7.8929;7.0859;6.1261;5.8314;5.7296;5.4096;5.2671;5.2505;4.8025;4.4922;3.0375
08-01-00 12:00;10.321;9.3954;7.9648;7.8967;7.0883;6.1274;5.8327;5.7307;5.4108;5.2693;5.2525;4.8052;4.4958;3.0408
08-01-00 13:00;10.33;9.3993;7.9688;7.9005;7.0907;6.1287;5.834;5.7319;5.4119;5.2714;5.2546;4.8078;4.4993;3.0439
08-01-00 14:00;10.339;9.4034;7.9729;7.9044;7.0932;6.13;5.8353;5.7331;5.4131;5.2735;5.2566;4.8104;4.5028;3.0468
08-01-00 15:00;10.348;9.4075;7.977;7.9083;7.0957;6.1313;5.8367;5.7342;5.4142;5.2756;5.2586;4.8129;4.5062;3.0496
08-01-00 16:00;10.357;9.4117;7.9812;7.9123;7.0982;6.1326;5.838;5.7354;5.4154;5.2777;5.2606;4.8154;4.5096;3.0523
08-01-00 17:00;10.367;9.416;7.9855;7.9164;7.1008;6.134;5.8393;5.7366;5.4165;5.2797;5.2626;4.8178;4.5129;3.055
08-01-00 18:00;10.377;9.4204;7.9899;7.9205;7.1034;6.1353;5.8407;5.7378;5.4177;5.2818;5.2646;4.8203;4.5162;3.0575
08-01-00 19:00;10.387;9.4249;7.9943;7.9247;7.1061;6.1367;5.8421;5.739;5.4189;5.2839;5.2666;4.8226;4.5194;3.06
08-01-00 20:00;10.397;9.4294;7.9988;7.929;7.1088;6.1381;5.8435;5.7403;5.42;5.286;5.2686;4.825;4.5227;3.0624
08-01-00 21:00;10.408;9.434;8.0035;7.9334;7.1117;6.1395;5.8449;5.7415;5.4212;5.2881;5.2706;4.8273;4.5259;3.0647
08-01-00 22:00;10.418;9.4387;8.0083;7.9379;7.1146;6.141;5.8464;5.7428;5.4225;5.2902;5.2726;4.8296;4.5291;3.0671
08-01-00 23:00;10.429;9.4434;8.0132;7.9426;7.1177;6.1425;5.8479;5.7441;5.4237;5.2924;5.2747;4.8319;4.5323;3.0693
09-01-00 00:00;10.44;9.4482;8.0182;7.9474;7.1208;6.144;5.8494;5.7455;5.425;5.2945;5.2768;4.8342;4.5356;3.0716
09-01-00 01:00;10.45;9.453;8.0234;7.9523;7.124;6.1456;5.851;5.7469;5.4263;5.2968;5.279;4.8366;4.5388;3.0738
09-01-00 02:00;10.461;9.4579;8.0287;7.9572;7.1274;6.1473;5.8526;5.7483;5.4277;5.2991;5.2811;4.8389;4.5422;3.0761
09-01-00 03:00;10.472;9.4628;8.0341;7.9623;7.1308;6.149;5.8543;5.7498;5.4291;5.3014;5.2834;4.8413;4.5455;3.0783
09-01-00 04:00;10.483;9.4677;8.0397;7.9675;7.1344;6.1507;5.8561;5.7514;5.4305;5.3038;5.2857;4.8437;4.5489;3.0805
09-01-00 05:00;10.495;9.4727;8.0453;7.9728;7.1381;6.1525;5.8579;5.753;5.4321;5.3063;5.288;4.8462;4.5524;3.0828
09-01-00 06:00;10.506;9.4777;8.051;7.9782;7.1418;6.1544;5.8598;5.7546;5.4336;5.3089;5.2905;4.8487;4.556;3.0851
09-01-00 07:00;10.517;9.4828;8.0568;7.9837;7.1456;6.1563;5.8618;5.7564;5.4353;5.3115;5.293;4.8512;4.5597;3.0874
09-01-00 08:00;10.528;9.4878;8.0627;7.9892;7.1496;6.1583;5.8638;5.7581;5.4369;5.3142;5.2956;4.8537;4.5634;3.0897
09-01-00 09:00;10.539;9.4928;8.0687;7.9949;7.1536;6.1603;5.8658;5.7599;5.4387;5.3169;5.2982;4.8563;4.5673;3.0921
09-01-00 10:00;10.55;9.4979;8.0747;8.0006;7.1576;6.1624;5.8679;5.7618;5.4405;5.3197;5.3009;4.8589;4.5713;3.0946
09-01-00 11:00;10.561;9.5029;8.0808;8.0063;7.1618;6.1645;5.8701;5.7637;5.4423;5.3226;5.3036;4.8616;4.5754;3.0971
09-01-00 12:00;10.572;9.5079;8.087;8.0122;7.166;6.1666;5.8723;5.7656;5.4442;5.3256;5.3064;4.8642;4.5797;3.0997
09-01-00 13:00;10.583;9.5129;8.0932;8.018;7.1702;6.1688;5.8745;5.7676;5.4462;5.3286;5.3093;4.8669;4.5841;3.1023
09-01-00 14:00;10.594;9.518;8.0994;8.0239;7.1745;6.171;5.8768;5.7696;5.4482;5.3316;5.3122;4.8696;4.5886;3.1051
09-01-00 15:00;10.606;9.5231;8.1056;8.0298;7.1789;6.1732;5.8791;5.7717;5.4502;5.3348;5.3152;4.8724;4.5932;3.1079
09-01-00 16:00;10.617;9.5283;8.1119;8.0358;7.1833;6.1755;5.8815;5.7738;5.4523;5.3379;5.3182;4.8751;4.5981;3.1108
09-01-00 17:00;10.628;9.5334;8.1182;8.0418;7.1877;6.1778;5.8839;5.7759;5.4544;5.3411;5.3213;4.8779;4.603;3.1138
09-01-00 18:00;10.64;9.5386;8.1246;8.0478;7.1922;6.1801;5.8864;5.7781;5.4566;5.3444;5.3244;4.8807;4.6081;3.1168
09-01-00 19:00;10.651;9.5438;8.131;8.0539;7.1967;6.1824;5.8888;5.7803;5.4589;5.3477;5.3275;4.8836;4.6133;3.12
09-01-00 20:00;10.663;9.5491;8.1374;8.06;7.2012;6.1848;5.8913;5.7825;5.4611;5.351;5.3307;4.8864;4.6186;3.1232
09-01-00 21:00;10.675;9.5544;8.1439;8.0661;7.2057;6.1871;5.8938;5.7848;5.4634;5.3544;5.3339;4.8893;4.6239;3.1264
09-01-00 22:00;10.686;9.5597;8.1503;8.0723;7.2102;6.1895;5.8964;5.787;5.4658;5.3578;5.3372;4.8922;4.6294;3.1298
09-01-00 23:00;10.698;9.5651;8.1569;8.0785;7.2148;6.1918;5.8989;5.7893;5.4682;5.3613;5.3405;4.895;4.6348;3.1332
10-01-00 00:00;10.711;9.5705;8.1634;8.0848;7.2193;6.1942;5.9015;5.7916;5.4705;5.3647;5.3437;4.8979;4.6403;3.1367
10-01-00 01:00;10.724;9.5762;8.17;8.0911;7.224;6.1966;5.9041;5.7939;5.4729;5.3682;5.347;4.9007;4.6459;3.1403
10-01-00 02:00;10.739;9.5821;8.1766;8.0974;7.2286;6.199;5.9067;5.7963;5.4754;5.3716;5.3503;4.9034;4.6514;3.144
10-01-00 03:00;10.753;9.5884;8.1834;8.1038;7.2332;6.2014;5.9093;5.7986;5.4778;5.3751;5.3536;4.9062;4.6569;3.1478
10-01-00 04:00;10.768;9.5949;8.1902;8.1103;7.238;6.2039;5.9119;5.8009;5.4803;5.3785;5.3569;4.9089;4.6624;3.1516
10-01-00 05:00;10.783;9.6016;8.1973;8.117;7.2428;6.2063;5.9146;5.8033;5.4828;5.382;5.3602;4.9116;4.6679;3.1555
10-01-00 06:00;10.798;9.6085;8.2045;8.1239;7.2478;6.2088;5.9173;5.8057;5.4853;5.3855;5.3635;4.9143;4.6734;3.1595
10-01-00 07:00;10.812;9.6153;8.2119;8.131;7.253;6.2113;5.92;5.8082;5.4879;5.389;5.3668;4.917;4.6789;3.1635
10-01-00 08:00;10.827;9.6222;8.2195;8.1382;7.2583;6.2139;5.9229;5.8107;5.4905;5.3925;5.3702;4.9196;4.6845;3.1676
10-01-00 09:00;10.842;9.6291;8.2272;8.1455;7.2637;6.2166;5.9257;5.8133;5.4932;5.3961;5.3736;4.9223;4.69;3.1717
10-01-00 10:00;10.857;9.6362;8.2349;8.153;7.2691;6.2193;5.9287;5.816;5.496;5.3998;5.377;4.9249;4.6955;3.1759
10-01-00 11:00;10.874;9.6435;8.2428;8.1605;7.2747;6.2221;5.9317;5.8187;5.4988;5.4035;5.3806;4.9276;4.7011;3.1802
10-01-00 12:00;10.893;9.6514;8.2507;8.1681;7.2803;6.2249;5.9348;5.8214;5.5017;5.4073;5.3842;4.9303;4.7067;3.1845
10-01-00 13:00;10.912;9.6597;8.2588;8.1758;7.286;6.2277;5.9379;5.8242;5.5046;5.4112;5.3878;4.933;4.7123;3.1889
10-01-00 14:00;10.932;9.6685;8.2672;8.1839;7.2918;6.2306;5.9411;5.8271;5.5077;5.4151;5.3915;4.9357;4.7178;3.1935
10-01-00 15:00;10.953;9.6778;8.2759;8.1921;7.2978;6.2335;5.9443;5.83;5.5108;5.419;5.3952;4.9383;4.7233;3.1981
10-01-00 16:00;10.975;9.6875;8.2849;8.2008;7.304;6.2365;5.9476;5.833;5.514;5.423;5.3989;4.941;4.7287;3.2029
10-01-00 17:00;10.997;9.6975;8.2942;8.2097;7.3106;6.2396;5.9511;5.8361;5.5172;5.427;5.4028;4.9436;4.7341;3.2078
10-01-00 18:00;11.02;9.708;8.3037;8.2187;7.3175;6.2428;5.9546;5.8393;5.5206;5.4311;5.4066;4.9462;4.7395;3.2128
10-01-00 19:00;11.043;9.7187;8.3133;8.2279;7.3247;6.2461;5.9583;5.8426;5.5241;5.4354;5.4106;4.9488;4.7448;3.218
10-01-00 20:00;11.068;9.73;8.3231;8.2371;7.3321;6.2495;5.9621;5.846;5.5278;5.4398;5.4148;4.9515;4.7502;3.2233
10-01-00 21:00;11.094;9.7417;8.3328;8.2464;7.3398;6.2532;5.966;5.8496;5.5317;5.4443;5.419;4.9542;4.7556;3.2287
10-01-00 22:00;11.123;9.7541;8.3426;8.2557;7.3478;6.2569;5.9701;5.8533;5.5358;5.449;5.4235;4.9569;4.761;3.2343
10-01-00 23:00;11.153;9.7675;8.3525;8.2651;7.356;6.2607;5.9744;5.8571;5.5401;5.4539;5.428;4.9597;4.7665;3.24
11-01-00 00:00;11.182;9.7817;8.3625;8.2745;7.3645;6.2647;5.9787;5.861;5.5445;5.4589;5.4328;4.9626;4.7722;3.2459
11-01-00 01:00;11.209;9.7962;8.3727;8.2842;7.3733;6.2688;5.9832;5.865;5.5492;5.4642;5.4377;4.9655;4.7779;3.2519
11-01-00 02:00;11.236;9.8112;8.3831;8.2939;7.3825;6.273;5.9878;5.8692;5.5541;5.4696;5.4427;4.9685;4.7837;3.2582
11-01-00 03:00;11.26;9.8263;8.3935;8.3038;7.3922;6.2774;5.9926;5.8734;5.5593;5.4752;5.448;4.9716;4.7896;3.2647
11-01-00 04:00;11.284;9.841;8.404;8.3136;7.4022;6.2819;5.9974;5.8778;5.5649;5.4812;5.4536;4.9747;4.7955;3.2715
11-01-00 05:00;11.307;9.8554;8.4144;8.3234;7.4125;6.2865;6.0023;5.8822;5.5708;5.4874;5.4595;4.978;4.8015;3.2784
11-01-00 06:00;11.328;9.8692;8.4246;8.3331;7.4231;6.2913;6.0075;5.8868;5.577;5.494;5.4656;4.9813;4.8075;3.2857
11-01-00 07:00;11.349;9.8828;8.4346;8.3426;7.434;6.2963;6.0128;5.8916;5.5836;5.5008;5.472;4.9846;4.8135;3.2934
11-01-00 08:00;11.369;9.896;8.4443;8.3517;7.445;6.3013;6.0182;5.8965;5.5904;5.5078;5.4786;4.9881;4.8195;3.3013
11-01-00 09:00;11.388;9.9088;8.4536;8.3605;7.4559;6.3065;6.0237;5.9015;5.5976;5.515;5.4853;4.9916;4.8256;3.3096
11-01-00 10:00;11.407;9.9211;8.4626;8.369;7.4668;6.3116;6.0293;5.9066;5.605;5.5224;5.4923;4.9952;4.8316;3.3181
11-01-00 11:00;11.425;9.9328;8.4714;8.3773;7.4775;6.3168;6.0349;5.9117;5.6126;5.5299;5.4993;4.9989;4.8377;3.327
11-01-00 12:00;11.443;9.944;8.48;8.3854;7.4881;6.322;6.0405;5.9169;5.6203;5.5374;5.5063;5.0026;4.8438;3.3361
11-01-00 13:00;11.461;9.9547;8.4885;8.3934;7.4985;6.3271;6.0462;5.9221;5.6282;5.545;5.5134;5.0063;4.8498;3.3455
11-01-00 14:00;11.478;9.9651;8.4967;8.4011;7.5089;6.3323;6.0519;5.9273;5.6361;5.5527;5.5205;5.0099;4.8557;3.3551
11-01-00 15:00;11.496;9.9751;8.5048;8.4087;7.5192;6.3374;6.0575;5.9326;5.6442;5.5603;5.5277;5.0137;4.8617;3.3648
11-01-00 16:00;11.512;9.9848;8.5126;8.416;7.5294;6.3425;6.0631;5.9378;5.6522;5.5679;5.5348;5.0174;4.8676;3.3746
11-01-00 17:00;11.529;9.9941;8.5203;8.4232;7.5395;6.3476;6.0688;5.9431;5.6604;5.5756;5.542;5.0213;4.8735;3.3845
11-01-00 18:00;11.544;10.003;8.5279;8.4303;7.5495;6.3526;6.0744;5.9484;5.6685;5.5832;5.5492;5.0253;4.8794;3.3944
11-01-00 19:00;11.56;10.011;8.5354;8.4374;7.5593;6.3576;6.0801;5.9538;5.6768;5.5909;5.5564;5.0293;4.8853;3.4042
11-01-00 20:00;11.575;10.019;8.5428;8.4443;7.569;6.3626;6.0858;5.9591;5.6851;5.5986;5.5636;5.0334;4.8913;3.4139
11-01-00 21:00;11.59;10.026;8.5501;8.4511;7.5786;6.3676;6.0915;5.9645;5.6935;5.6064;5.5709;5.0377;4.8973;3.4235
11-01-00 22:00;11.605;10.033;8.5574;8.458;7.5881;6.3726;6.0971;5.9699;5.7019;5.6142;5.5782;5.0421;4.9034;3.4329
11-01-00 23:00;11.62;10.04;8.5647;8.4648;7.5975;6.3775;6.1028;5.9754;5.7104;5.622;5.5856;5.0467;4.9097;3.4422
12-01-00 00:00;11.637;10.046;8.5721;8.4718;7.6071;6.3825;6.1086;5.9809;5.7191;5.63;5.5931;5.0515;4.9161;3.4513
12-01-00 01:00;11.653;10.053;8.5797;8.4788;7.6167;6.3876;6.1145;5.9865;5.7278;5.638;5.6006;5.0564;4.9227;3.4603
12-01-00 02:00;11.67;10.059;8.5873;8.4859;7.6261;6.3927;6.1204;5.9923;5.7368;5.6462;5.6084;5.0616;4.9294;3.4691
12-01-00 03:00;11.687;10.065;8.5951;8.4931;7.6354;6.398;6.1266;5.9982;5.7459;5.6546;5.6163;5.0669;4.9361;3.4778
12-01-00 04:00;11.703;10.071;8.6029;8.5004;7.6446;6.4034;6.1329;6.0044;5.7553;5.6632;5.6244;5.0724;4.943;3.4864
12-01-00 05:00;11.718;10.077;8.6108;8.5078;7.6537;6.4091;6.1395;6.0108;5.7649;5.672;5.6328;5.0782;4.9501;3.495
12-01-00 06:00;11.728;10.082;8.6188;8.5153;7.6628;6.4149;6.1463;6.0174;5.7749;5.6811;5.6414;5.0843;4.9574;3.5034
12-01-00 07:00;11.743;10.087;8.6268;8.5227;7.6718;6.4208;6.1532;6.0243;5.7854;5.6906;5.6505;5.0906;4.9648;3.5117
12-01-00 08:00;11.756;10.092;8.6346;8.53;7.6806;6.427;6.1604;6.0313;5.7962;5.7005;5.6599;5.0973;4.9725;3.5199
12-01-00 09:00;11.769;10.096;8.642;8.5369;7.6892;6.4333;6.1678;6.0386;5.8074;5.7108;5.6696;5.1043;4.9805;3.528
12-01-00 10:00;11.781;10.1;8.6491;8.5436;7.6974;6.4396;6.1754;6.0461;5.8188;5.7213;5.6797;5.1117;4.9888;3.5361
12-01-00 11:00;11.792;10.105;8.6559;8.5499;7.7054;6.446;6.1831;6.0538;5.8305;5.7321;5.69;5.1195;4.9973;3.5441
12-01-00 12:00;11.803;10.108;8.6624;8.5559;7.7131;6.4525;6.191;6.0617;5.8423;5.7431;5.7005;5.1276;5.006;3.5518
12-01-00 13:00;11.815;10.112;8.6687;8.5617;7.7204;6.4591;6.199;6.0697;5.8544;5.7543;5.7113;5.136;5.0151;3.5593
12-01-00 14:00;11.826;10.116;8.6746;8.5673;7.7275;6.4657;6.2073;6.0781;5.8666;5.7657;5.7223;5.1449;5.0245;3.5665
12-01-00 15:00;11.837;10.119;8.6803;8.5728;7.7343;6.4725;6.2158;6.0867;5.879;5.7774;5.7335;5.1541;5.0342;3.5734
12-01-00 16:00;11.847;10.122;8.6858;8.578;7.7407;6.4792;6.2245;6.0956;5.8915;5.7892;5.7449;5.1636;5.0441;3.58
12-01-00 17:00;11.858;10.126;8.6911;8.5831;7.7469;6.4861;6.2334;6.1047;5.9041;5.8011;5.7565;5.1734;5.0541;3.5863
12-01-00 18:00;11.87;10.129;8.6962;8.588;7.7528;6.493;6.2424;6.114;5.9167;5.8131;5.7681;5.1833;5.0642;3.5923
12-01-00 19:00;11.883;10.132;8.7011;8.5929;7.7585;6.4999;6.2516;6.1234;5.9294;5.8251;5.7797;5.1935;5.0744;3.5981
12-01-00 20:00;11.897;10.135;8.7058;8.5975;7.764;6.5067;6.2606;6.1327;5.9421;5.8373;5.7915;5.2038;5.0847;3.6037
12-01-00 21:00;11.913;10.138;8.7104;8.6021;7.7692;6.5134;6.2698;6.1422;5.9547;5.8493;5.8033;5.2143;5.095;3.6091
12-01-00 22:00;11.93;10.141;8.7149;8.6066;7.7743;6.5202;6.2791;6.1518;5.9672;5.8612;5.8149;5.225;5.1052;3.6143
12-01-00 23:00;11.95;10.144;8.7193;8.611;7.7794;6.5269;6.2885;6.1615;5.9795;5.8731;5.8264;5.2356;5.1154;3.6193
13-01-00 00:00;11.972;10.147;8.7238;8.6155;7.7843;6.5336;6.298;6.1714;5.9917;5.8848;5.8378;5.2462;5.1255;3.6242
13-01-00 01:00;11.997;10.15;8.7283;8.62;7.7892;6.5401;6.3077;6.1815;6.0037;5.8963;5.8491;5.2567;5.1355;3.6289
13-01-00 02:00;12.023;10.154;8.7329;8.6247;7.7942;6.5461;6.3176;6.1918;6.0158;5.9078;5.8603;5.267;5.1453;3.6335
13-01-00 03:00;12.053;10.157;8.7377;8.6296;7.7993;6.5509;6.3279;6.2025;6.028;5.9194;5.8716;5.2773;5.1551;3.6381
13-01-00 04:00;12.084;10.161;8.7428;8.6348;7.8045;6.5525;6.339;6.214;6.0407;5.9315;5.8833;5.2877;5.165;3.6425
13-01-00 05:00;12.116;10.165;8.7482;8.6403;7.81;6.5492;6.351;6.2264;6.0545;5.9444;5.8958;5.2984;5.175;3.647
13-01-00 06:00;12.149;10.17;8.7539;8.6463;7.8159;6.5517;6.3613;6.2374;6.0669;5.9567;5.9079;5.3094;5.1854;3.6514
13-01-00 07:00;12.183;10.175;8.7602;8.6529;7.8222;6.5593;6.3714;6.248;6.0784;5.9677;5.9187;5.32;5.1956;3.6559
13-01-00 08:00;12.218;10.18;8.7671;8.6601;7.8288;6.5684;6.3822;6.2592;6.0904;5.9792;5.9299;5.3302;5.2054;3.6604
13-01-00 09:00;12.253;10.185;8.7746;8.6681;7.8358;6.5787;6.3934;6.2709;6.1028;5.991;5.9414;5.3406;5.2152;3.6648
13-01-00 10:00;12.288;10.191;8.7825;8.6767;7.8434;6.5899;6.4052;6.2831;6.1157;6.0032;5.9532;5.3511;5.2252;3.6693
13-01-00 11:00;12.323;10.197;8.7911;8.6859;7.8515;6.602;6.4177;6.2961;6.1291;6.0159;5.9655;5.3619;5.2354;3.6738
13-01-00 12:00;12.359;10.203;8.8002;8.6959;7.8602;6.615;6.431;6.3099;6.1432;6.0291;5.9784;5.3729;5.246;3.6784
13-01-00 13:00;12.395;10.21;8.8099;8.7067;7.8697;6.629;6.4452;6.3246;6.1581;6.0431;5.9919;5.3845;5.2569;3.683
13-01-00 14:00;12.431;10.217;8.82;8.7181;7.8799;6.6439;6.4602;6.3401;6.1738;6.0579;6.0062;5.3965;5.2684;3.6878
13-01-00 15:00;12.471;10.224;8.8305;8.7301;7.8911;6.6598;6.4761;6.3566;6.1905;6.0735;6.0213;5.4092;5.2804;3.6928
13-01-00 16:00;12.514;10.232;8.8415;8.7428;7.9033;6.6764;6.4927;6.3739;6.2077;6.0897;6.037;5.4225;5.2931;3.6981
13-01-00 17:00;12.556;10.24;8.8534;8.7566;7.9163;6.6941;6.5101;6.3921;6.2256;6.1065;6.0533;5.4364;5.3062;3.7036
13-01-00 18:00;12.587;10.249;8.866;8.7715;7.9305;6.7129;6.5285;6.4111;6.2441;6.1239;6.0702;5.4509;5.32;3.7094
13-01-00 19:00;12.607;10.261;8.8795;8.7876;7.9456;6.7331;6.5479;6.4311;6.2631;6.1418;6.0876;5.4658;5.3342;3.7156
13-01-00 20:00;12.62;10.279;8.8948;8.8061;7.9618;6.7548;6.5684;6.4523;6.283;6.1606;6.1058;5.4814;5.349;3.7222
13-01-00 21:00;12.632;10.304;8.9141;8.8295;7.9801;6.7781;6.5901;6.4747;6.304;6.1802;6.1248;5.4976;5.3643;3.7292
13-01-00 22:00;12.646;10.334;8.9374;8.8576;8.0017;6.8038;6.6136;6.4989;6.3262;6.2009;6.145;5.5146;5.3803;3.7367
13-01-00 23:00;12.662;10.366;8.9626;8.8873;8.0248;6.8326;6.6395;6.5255;6.3506;6.2233;6.1669;5.5325;5.3972;3.7448
14-01-00 00:00;12.681;10.399;8.9879;8.9162;8.0473;6.864;6.671;6.5576;6.3791;6.2491;6.1917;5.5519;5.4154;3.7535
14-01-00 01:00;12.701;10.435;9.0125;8.9434;8.0685;6.8972;6.7056;6.5931;6.4114;6.2786;6.2204;5.5739;5.4357;3.7629
14-01-00 02:00;12.722;10.474;9.0368;8.9698;8.0887;6.932;6.7421;6.6306;6.4458;6.3104;6.2513;5.5982;5.4583;3.7736
14-01-00 03:00;12.742;10.514;9.0611;8.9953;8.108;6.9679;6.7799;6.6696;6.482;6.3439;6.284;5.6245;5.4827;3.786
14-01-00 04:00;12.76;10.552;9.0856;9.0206;8.1272;7.0045;6.8185;6.7094;6.5192;6.3786;6.3179;5.6524;5.5089;3.8004
14-01-00 05:00;12.776;10.589;9.11;9.0453;8.1459;7.0419;6.8582;6.7504;6.5576;6.4145;6.353;5.6817;5.5364;3.817
14-01-00 06:00;12.789;10.622;9.1338;9.0689;8.1643;7.0796;6.8982;6.7919;6.5966;6.4512;6.3889;5.7122;5.5652;3.8362
14-01-00 07:00;12.802;10.654;9.1565;9.0911;8.1823;7.1174;6.9385;6.8338;6.6361;6.4883;6.4253;5.7436;5.5949;3.8578
14-01-00 08:00;12.813;10.687;9.1786;9.1124;8.2002;7.1552;6.9794;6.8764;6.6763;6.5262;6.4625;5.7755;5.6253;3.8818
14-01-00 09:00;12.824;10.721;9.2008;9.1338;8.2185;7.1932;7.0204;6.9192;6.7167;6.5644;6.5;5.8082;5.6565;3.908
14-01-00 10:00;12.834;10.755;9.2238;9.1561;8.237;7.2317;7.0618;6.9624;6.7575;6.6029;6.5378;5.8413;5.6883;3.9363
14-01-00 11:00;12.843;10.785;9.2474;9.1791;8.2558;7.2708;7.103;7.0053;6.7984;6.6416;6.576;5.875;5.7206;3.9663
14-01-00 12:00;12.85;10.819;9.2708;9.202;8.2749;7.3101;7.1441;7.0481;6.839;6.6803;6.6142;5.9089;5.7533;3.9975
14-01-00 13:00;12.855;10.859;9.2964;9.2268;8.2952;7.3497;7.1862;7.0885;6.8782;6.718;6.6515;5.9427;5.7859;4.0295
14-01-00 14:00;12.86;10.895;9.3246;9.2544;8.3183;7.389;7.2276;7.1294;6.9171;6.7551;6.6882;5.9759;5.818;4.0625
14-01-00 15:00;12.864;10.929;9.354;9.2836;8.3425;7.4282;7.269;7.171;6.9567;6.7926;6.7253;6.0089;5.8497;4.0962
14-01-00 16:00;12.868;10.964;9.3838;9.3134;8.3651;7.4681;7.3114;7.214;6.9974;6.8309;6.7631;6.0419;5.8814;4.1303
14-01-00 17:00;12.872;10.995;9.4128;9.3423;8.3856;7.5087;7.3547;7.2586;7.0396;6.8706;6.802;6.0755;5.9136;4.1649
14-01-00 18:00;12.875;11.022;9.4397;9.3693;8.4043;7.549;7.3984;7.3039;7.0826;6.9111;6.8419;6.1099;5.9466;4.2
14-01-00 19:00;12.879;11.045;9.4644;9.3939;8.4206;7.5864;7.4426;7.35;7.1264;6.9524;6.8826;6.145;5.9804;4.2357
14-01-00 20:00;12.882;11.066;9.4866;9.4161;8.4358;7.6195;7.4837;7.3933;7.1686;6.993;6.9228;6.1806;6.0144;4.2733
14-01-00 21:00;12.886;11.084;9.5068;9.4364;8.4503;7.6479;7.519;7.4335;7.2078;7.031;6.9605;6.215;6.0476;4.313
14-01-00 22:00;12.889;11.1;9.5251;9.4547;8.4637;7.6698;7.5461;7.4662;7.2406;7.0629;6.9925;6.2474;6.0791;4.3556
14-01-00 23:00;12.892;11.114;9.5415;9.4712;8.4759;7.6914;7.5752;7.5026;7.2756;7.097;7.0262;6.2767;6.1075;4.4007
15-01-00 00:00;12.895;11.128;9.5564;9.4862;8.4873;7.7112;7.6007;7.5351;7.3076;7.1283;7.0574;6.3054;6.1353;4.4456
15-01-00 01:00;12.899;11.142;9.5703;9.5001;8.4981;7.7298;7.6236;7.5648;7.3368;7.1569;7.0859;6.3323;6.1615;4.49
15-01-00 02:00;12.903;11.156;9.5836;9.5134;8.5086;7.7472;7.645;7.5925;7.3641;7.1835;7.1124;6.3575;6.1861;4.5314
15-01-00 03:00;12.907;11.17;9.5966;9.5264;8.5191;7.7634;7.6654;7.6183;7.3891;7.208;7.1369;6.3811;6.2093;4.5708
15-01-00 04:00;12.911;11.185;9.6096;9.5394;8.5296;7.7788;7.685;7.6428;7.4127;7.231;7.1598;6.4032;6.231;4.609
15-01-00 05:00;12.915;11.202;9.6232;9.553;8.5405;7.7938;7.7035;7.666;7.4349;7.2527;7.1814;6.4243;6.2518;4.6463
15-01-00 06:00;12.918;11.219;9.6376;9.5673;8.5523;7.8088;7.7214;7.688;7.456;7.2734;7.202;6.4444;6.2716;4.6824
15-01-00 07:00;12.922;11.235;9.6524;9.5822;8.5647;7.8238;7.739;7.7093;7.4764;7.2932;7.2217;6.4637;6.2908;4.7168
15-01-00 08:00;12.925;11.251;9.6674;9.5972;8.5776;7.8396;7.7573;7.7306;7.4966;7.3127;7.2411;6.4827;6.3096;4.7493
15-01-00 09:00;12.928;11.268;9.6825;9.6123;8.591;7.8561;7.776;7.7518;7.5166;7.3321;7.2604;6.5015;6.3283;4.7788
15-01-00 10:00;12.932;11.284;9.6978;9.6276;8.6051;7.8735;7.7952;7.7731;7.5368;7.3516;7.2797;6.5203;6.347;4.8053
15-01-00 11:00;12.935;11.3;9.7133;9.6432;8.6199;7.8916;7.815;7.7947;7.5571;7.3712;7.2992;6.5392;6.3658;4.8303
15-01-00 12:00;12.938;11.315;9.729;9.6591;8.6355;7.9105;7.8354;7.8166;7.5777;7.391;7.3189;6.5582;6.3846;4.8536
15-01-00 13:00;12.94;11.331;9.7451;9.6753;8.652;7.9304;7.8564;7.8388;7.5986;7.4111;7.3388;6.5772;6.4035;4.8756
15-01-00 14:00;12.943;11.346;9.7613;9.6918;8.6694;7.9511;7.8782;7.8615;7.6198;7.4315;7.359;6.5967;6.4225;4.8969
15-01-00 15:00;12.946;11.36;9.7775;9.7082;8.6875;7.9727;7.9006;7.8846;7.6416;7.4524;7.3797;6.6166;6.4421;4.9177
15-01-00 16:00;12.948;11.373;9.7935;9.7246;8.7061;7.995;7.9236;7.9081;7.6636;7.4737;7.4009;6.6372;6.4622;4.9384
15-01-00 17:00;12.951;11.386;9.8093;9.7407;8.725;8.018;7.9471;7.9319;7.686;7.4953;7.4224;6.6581;6.4828;4.9591
15-01-00 18:00;12.953;11.398;9.8249;9.7566;8.7444;8.0415;7.971;7.9558;7.7087;7.5172;7.4441;6.6795;6.5039;4.98
15-01-00 19:00;12.955;11.41;9.8403;9.7724;8.7641;8.0649;7.9945;7.9794;7.7311;7.5391;7.466;6.7012;6.5252;5.0011
15-01-00 20:00;12.958;11.421;9.8555;9.788;8.7835;8.0872;8.017;8.0019;7.7527;7.5604;7.4872;6.7228;6.5467;5.0226
15-01-00 21:00;12.96;11.432;9.8703;9.8031;8.8021;8.1087;8.0387;8.0235;7.7737;7.581;7.5079;6.7442;6.5679;5.0443
15-01-00 22:00;12.962;11.442;9.8846;9.8178;8.8199;8.1295;8.0596;8.0444;7.7939;7.601;7.5279;6.7652;6.5889;5.0662
15-01-00 23:00;12.964;11.452;9.8985;9.832;8.837;8.1495;8.0798;8.0647;7.8136;7.6205;7.5474;6.7857;6.6094;5.0883
16-01-00 00:00;12.966;11.462;9.9118;9.8456;8.8536;8.1689;8.0994;8.0844;7.8327;7.6394;7.5664;6.8059;6.6297;5.1104
16-01-00 01:00;12.968;11.471;9.9247;9.8588;8.8696;8.1878;8.1184;8.1035;7.8512;7.6579;7.5848;6.8257;6.6496;5.1324
16-01-00 02:00;12.971;11.48;9.9372;9.8716;8.885;8.206;8.1368;8.1219;7.8692;7.6758;7.6028;6.8451;6.6691;5.1539
16-01-00 03:00;12.973;11.489;9.9493;9.884;8.9;8.2238;8.1547;8.1399;7.8868;7.6932;7.6203;6.864;6.6881;5.1745
16-01-00 04:00;12.975;11.498;9.961;9.896;8.9146;8.241;8.1721;8.1574;7.9038;7.7102;7.6373;6.8823;6.7065;5.1944
16-01-00 05:00;12.977;11.507;9.9724;9.9076;8.9287;8.2577;8.189;8.1743;7.9203;7.7266;7.6539;6.9001;6.7244;5.2137
16-01-00 06:00;12.978;11.515;9.9835;9.9189;8.9424;8.2739;8.2054;8.1907;7.9364;7.7426;7.6699;6.9173;6.7417;5.2324
16-01-00 07:00;12.98;11.523;9.9942;9.9299;8.9557;8.2897;8.2213;8.2067;7.9519;7.758;7.6855;6.9341;6.7585;5.2505
16-01-00 08:00;12.982;11.53;10.005;9.9405;8.9686;8.305;8.2367;8.2221;7.967;7.7731;7.7006;6.9503;6.7748;5.2681
16-01-00 09:00;12.983;11.537;10.015;9.9507;8.9811;8.3198;8.2516;8.2371;7.9816;7.7876;7.7152;6.9659;6.7906;5.2852
16-01-00 10:00;12.984;11.544;10.024;9.9606;8.9932;8.3341;8.266;8.2516;7.9958;7.8017;7.7293;6.9811;6.8058;5.3018
16-01-00 11:00;12.985;11.55;10.033;9.97;9.0049;8.3479;8.28;8.2656;8.0095;7.8153;7.743;6.9959;6.8206;5.3179
16-01-00 12:00;12.986;11.556;10.042;9.9791;9.0161;8.3613;8.2935;8.2792;8.0227;7.8285;7.7563;7.0101;6.8349;5.3335
16-01-00 13:00;12.986;11.562;10.051;9.9877;9.0269;8.3742;8.3065;8.2922;8.0355;7.8413;7.7691;7.0239;6.8487;5.3487
16-01-00 14:00;12.987;11.567;10.059;9.996;9.0373;8.3866;8.3191;8.3048;8.0478;7.8535;7.7815;7.0372;6.8621;5.3633
16-01-00 15:00;12.987;11.572;10.066;10.004;9.0472;8.3986;8.3311;8.3169;8.0597;7.8654;7.7934;7.0501;6.8751;5.3776
16-01-00 16:00;12.987;11.576;10.074;10.011;9.0566;8.4101;8.3427;8.3286;8.0711;7.8768;7.8049;7.0625;6.8876;5.3913
16-01-00 17:00;12.987;11.58;10.08;10.018;9.0656;8.4211;8.3538;8.3397;8.082;7.8877;7.8159;7.0744;6.8996;5.4047
16-01-00 18:00;12.987;11.584;10.087;10.025;9.0742;8.4316;8.3644;8.3504;8.0925;7.8983;7.8265;7.0859;6.9112;5.4176
16-01-00 19:00;12.987;11.587;10.093;10.031;9.0823;8.4416;8.3746;8.3605;8.1025;7.9083;7.8366;7.097;6.9223;5.43
16-01-00 20:00;12.987;11.59;10.098;10.036;9.09;8.4512;8.3842;8.3702;8.1121;7.9179;7.8463;7.1076;6.933;5.442
16-01-00 21:00;12.987;11.593;10.103;10.042;9.0973;8.4603;8.3934;8.3795;8.1212;7.9271;7.8556;7.1177;6.9433;5.4535
16-01-00 22:00;12.986;11.595;10.108;10.047;9.1041;8.4689;8.4021;8.3882;8.1299;7.9358;7.8644;7.1274;6.9531;5.4647
16-01-00 23:00;12.986;11.597;10.113;10.051;9.1105;8.477;8.4104;8.3965;8.1381;7.9441;7.8727;7.1367;6.9624;5.4753
17-01-00 00:00;12.985;11.599;10.117;10.055;9.1165;8.4847;8.4182;8.4043;8.1459;7.9519;7.8806;7.1455;6.9713;5.4856
17-01-00 01:00;12.984;11.601;10.12;10.059;9.1222;8.492;8.4255;8.4117;8.1532;7.9593;7.8881;7.1539;6.9798;5.4954
17-01-00 02:00;12.984;11.602;10.124;10.063;9.1274;8.4988;8.4324;8.4186;8.1601;7.9664;7.8952;7.1618;6.9879;5.5048
17-01-00 03:00;12.983;11.603;10.127;10.066;9.1323;8.5052;8.4389;8.4251;8.1666;7.973;7.9019;7.1693;6.9955;5.5137
17-01-00 04:00;12.982;11.604;10.13;10.069;9.1368;8.5112;8.445;8.4312;8.1727;7.9792;7.9082;7.1765;7.0027;5.5223
17-01-00 05:00;12.981;11.604;10.132;10.072;9.1409;8.5167;8.4506;8.4369;8.1784;7.985;7.9141;7.1832;7.0095;5.5304
17-01-00 06:00;12.98;11.605;10.134;10.074;9.1447;8.5219;8.4559;8.4422;8.1838;7.9904;7.9196;7.1895;7.016;5.5381
17-01-00 07:00;12.979;11.605;10.136;10.076;9.1482;8.5267;8.4608;8.4471;8.1887;7.9955;7.9247;7.1954;7.022;5.5455
17-01-00 08:00;12.977;11.604;10.138;10.078;9.1514;8.5312;8.4653;8.4516;8.1933;8.0002;7.9295;7.2009;7.0277;5.5524
17-01-00 09:00;12.976;11.604;10.139;10.079;9.1542;8.5352;8.4694;8.4558;8.1976;8.0046;7.9339;7.2061;7.0329;5.5589
17-01-00 10:00;12.974;11.603;10.14;10.08;9.1567;8.539;8.4732;8.4596;8.2015;8.0086;7.938;7.2109;7.0379;5.5651
17-01-00 11:00;12.973;11.602;10.141;10.081;9.1589;8.5423;8.4766;8.463;8.205;8.0123;7.9418;7.2154;7.0425;5.5709
17-01-00 12:00;12.971;11.601;10.141;10.082;9.1607;8.5453;8.4797;8.4661;8.2082;8.0156;7.9452;7.2195;7.0467;5.5763
17-01-00 13:00;12.969;11.599;10.142;10.082;9.1622;8.548;8.4824;8.4688;8.2111;8.0186;7.9482;7.2232;7.0506;5.5813
17-01-00 14:00;12.966;11.598;10.141;10.082;9.1634;8.5502;8.4848;8.4712;8.2136;8.0213;7.951;7.2266;7.0541;5.5861
17-01-00 15:00;12.964;11.596;10.141;10.081;9.1642;8.5522;8.4868;8.4732;8.2158;8.0236;7.9534;7.2297;7.0573;5.5904
17-01-00 16:00;12.962;11.593;10.14;10.081;9.1648;8.5538;8.4884;8.4749;8.2177;8.0256;7.9554;7.2325;7.0602;5.5944
17-01-00 17:00;12.96;11.591;10.139;10.08;9.165;8.555;8.4897;8.4762;8.2192;8.0273;7.9572;7.2349;7.0627;5.5981
17-01-00 18:00;12.957;11.588;10.138;10.078;9.1649;8.5559;8.4907;8.4772;8.2204;8.0286;7.9586;7.237;7.0649;5.6015
17-01-00 19:00;12.955;11.585;10.136;10.077;9.1645;8.5565;8.4913;8.4779;8.2212;8.0297;7.9597;7.2387;7.0668;5.6045
17-01-00 20:00;12.952;11.581;10.134;10.075;9.1637;8.5568;8.4916;8.4782;8.2218;8.0304;7.9605;7.2402;7.0684;5.6072
17-01-00 21:00;12.95;11.578;10.132;10.073;9.1627;8.5567;8.4916;8.4782;8.222;8.0308;7.961;7.2413;7.0697;5.6096
17-01-00 22:00;12.947;11.574;10.13;10.071;9.1614;8.5563;8.4912;8.4778;8.2219;8.0309;7.9612;7.2421;7.0706;5.6116
17-01-00 23:00;12.945;11.57;10.127;10.068;9.1598;8.5556;8.4906;8.4772;8.2215;8.0307;7.961;7.2426;7.0713;5.6134
18-01-00 00:00;12.942;11.566;10.124;10.065;9.158;8.5545;8.4896;8.4762;8.2209;8.0302;7.9606;7.2428;7.0716;5.6148
18-01-00 01:00;12.939;11.562;10.121;10.062;9.1558;8.5532;8.4883;8.4749;8.2199;8.0295;7.9599;7.2427;7.0716;5.6159
18-01-00 02:00;12.937;11.557;10.118;10.059;9.1534;8.5516;8.4868;8.4734;8.2186;8.0284;7.9589;7.2423;7.0714;5.6168
18-01-00 03:00;12.934;11.552;10.114;10.055;9.1508;8.5497;8.4849;8.4715;8.2171;8.0271;7.9576;7.2416;7.0709;5.6173
18-01-00 04:00;12.932;11.548;10.11;10.051;9.1479;8.5475;8.4828;8.4694;8.2153;8.0255;7.9561;7.2407;7.0701;5.6175
18-01-00 05:00;12.929;11.543;10.106;10.047;9.1447;8.5451;8.4804;8.467;8.2132;8.0236;7.9543;7.2394;7.069;5.6175
18-01-00 06:00;12.926;11.537;10.102;10.043;9.1413;8.5423;8.4777;8.4643;8.2108;8.0215;7.9523;7.2379;7.0676;5.6172
18-01-00 07:00;12.923;11.532;10.097;10.039;9.1377;8.5394;8.4748;8.4614;8.2083;8.0191;7.95;7.2362;7.066;5.6166
18-01-00 08:00;12.92;11.526;10.093;10.034;9.1339;8.5361;8.4716;8.4582;8.2054;8.0165;7.9474;7.2342;7.0642;5.6157
18-01-00 09:00;12.917;11.521;10.088;10.029;9.1298;8.5326;8.4681;8.4548;8.2023;8.0137;7.9446;7.2319;7.0621;5.6146
18-01-00 10:00;12.913;11.514;10.083;10.024;9.1254;8.5289;8.4644;8.4511;8.199;8.0106;7.9416;7.2294;7.0597;5.6133
18-01-00 11:00;12.91;11.508;10.077;10.019;9.1209;8.5249;8.4605;8.4472;8.1955;8.0073;7.9383;7.2267;7.0571;5.6117
18-01-00 12:00;12.906;11.501;10.072;10.013;9.116;8.5207;8.4563;8.443;8.1917;8.0037;7.9348;7.2237;7.0543;5.6098
18-01-00 13:00;12.903;11.494;10.066;10.007;9.1109;8.5162;8.4518;8.4385;8.1876;7.9999;7.9311;7.2205;7.0513;5.6078
18-01-00 14:00;12.899;11.487;10.06;10.001;9.1056;8.5114;8.4471;8.4338;8.1833;7.9958;7.9271;7.217;7.048;5.6055
18-01-00 15:00;12.896;11.48;10.053;9.9945;9.0999;8.5064;8.4421;8.4288;8.1787;7.9915;7.9229;7.2133;7.0444;5.6029
18-01-00 16:00;12.893;11.472;10.047;9.9878;9.094;8.5011;8.4368;8.4235;8.1739;7.987;7.9184;7.2094;7.0406;5.6001
18-01-00 17:00;12.889;11.465;10.04;9.9809;9.0879;8.4955;8.4312;8.4179;8.1688;7.9822;7.9136;7.2052;7.0366;5.5971
18-01-00 18:00;12.886;11.457;10.033;9.9739;9.0815;8.4896;8.4254;8.4121;8.1634;7.9771;7.9086;7.2007;7.0323;5.5939
18-01-00 19:00;12.883;11.449;10.026;9.9667;9.0749;8.4835;8.4194;8.4061;8.1579;7.9718;7.9034;7.196;7.0278;5.5904
18-01-00 20:00;12.88;11.441;10.018;9.9593;9.0682;8.4772;8.4131;8.3998;8.1521;7.9663;7.898;7.1911;7.0231;5.5867
18-01-00 21:00;12.876;11.433;10.011;9.9518;9.0612;8.4707;8.4066;8.3933;8.1461;7.9606;7.8923;7.186;7.0181;5.5828
18-01-00 22:00;12.873;11.425;10.003;9.9441;9.0541;8.4639;8.3999;8.3866;8.1399;7.9546;7.8864;7.1806;7.0129;5.5786
18-01-00 23:00;12.869;11.416;9.9953;9.9362;9.0468;8.457;8.393;8.3796;8.1334;7.9485;7.8804;7.175;7.0075;5.5742
19-01-00 00:00;12.866;11.407;9.9872;9.9281;9.0392;8.4498;8.3858;8.3725;8.1268;7.9422;7.8741;7.1693;7.0019;5.5696
19-01-00 01:00;12.862;11.398;9.9789;9.9198;9.0315;8.4424;8.3785;8.3651;8.12;7.9357;7.8677;7.1633;6.9961;5.5648
19-01-00 02:00;12.859;11.389;9.9705;9.9113;9.0235;8.4349;8.3709;8.3576;8.113;7.9289;7.861;7.1571;6.9902;5.5598
19-01-00 03:00;12.855;11.38;9.9619;9.9027;9.0154;8.4271;8.3631;8.3498;8.1057;7.922;7.8541;7.1507;6.984;5.5546
19-01-00 04:00;12.849;11.371;9.9531;9.8938;9.007;8.4191;8.3552;8.3418;8.0983;7.9149;7.8471;7.1442;6.9776;5.5492
19-01-00 05:00;12.842;11.36;9.9439;9.8846;8.9984;8.4108;8.347;8.3336;8.0907;7.9076;7.8398;7.1374;6.971;5.5437
19-01-00 06:00;12.835;11.348;9.9341;9.8748;8.9895;8.4024;8.3385;8.3252;8.0828;7.9;7.8324;7.1304;6.9642;5.5379
19-01-00 07:00;12.828;11.334;9.9234;9.8641;8.98;8.3936;8.3298;8.3164;8.0747;7.8923;7.8246;7.1232;6.9572;5.5319
19-01-00 08:00;12.821;11.32;9.9119;9.8526;8.9699;8.3844;8.3206;8.3072;8.0662;7.8841;7.8166;7.1158;6.95;5.5257
19-01-00 09:00;12.813;11.304;9.8994;9.8401;8.959;8.3746;8.3109;8.2975;8.0572;7.8756;7.8082;7.108;6.9425;5.5193
19-01-00 10:00;12.805;11.287;9.8859;9.8266;8.9474;8.3643;8.3006;8.2872;8.0477;7.8666;7.7993;7.0999;6.9346;5.5127
19-01-00 11:00;12.798;11.268;9.8714;9.8122;8.935;8.3532;8.2896;8.2763;8.0376;7.8571;7.7899;7.0914;6.9263;5.5059
19-01-00 12:00;12.79;11.249;9.8558;9.7966;8.9217;8.3415;8.278;8.2646;8.0269;7.8469;7.7798;7.0823;6.9176;5.4987
19-01-00 13:00;12.782;11.228;9.8392;9.78;8.9075;8.329;8.2655;8.2522;8.0155;7.8361;7.7692;7.0727;6.9084;5.4912
19-01-00 14:00;12.775;11.206;9.8215;9.7624;8.8924;8.3156;8.2523;8.2389;8.0034;7.8246;7.7579;7.0626;6.8986;5.4834
19-01-00 15:00;12.768;11.183;9.8028;9.7436;8.8763;8.3014;8.2382;8.2249;7.9904;7.8124;7.7458;7.0518;6.8882;5.4751
19-01-00 16:00;12.761;11.161;9.783;9.7239;8.8593;8.2864;8.2232;8.2099;7.9767;7.7994;7.733;7.0403;6.8771;5.4663
19-01-00 17:00;12.754;11.139;9.763;9.7038;8.8415;8.2704;8.2074;8.194;7.9621;7.7857;7.7194;7.0282;6.8655;5.4571
19-01-00 18:00;12.748;11.115;9.7425;9.6832;8.8232;8.2537;8.1907;8.1774;7.9468;7.7712;7.7051;7.0153;6.8531;5.4474
19-01-00 19:00;12.741;11.09;9.7212;9.6619;8.8042;8.2363;8.1734;8.1601;7.9308;7.756;7.6901;7.0018;6.84;5.437
19-01-00 20:00;12.735;11.065;9.699;9.6397;8.7843;8.2182;8.1554;8.1421;7.9142;7.7401;7.6745;6.9876;6.8263;5.4262
19-01-00 21:00;12.728;11.04;9.6755;9.6162;8.7634;8.1993;8.1366;8.1233;7.8968;7.7236;7.6582;6.9728;6.812;5.4147
19-01-00 22:00;12.721;11.013;9.6508;9.5915;8.7414;8.1797;8.1171;8.1037;7.8787;7.7064;7.6412;6.9574;6.797;5.4027
19-01-00 23:00;12.714;10.987;9.6255;9.566;8.7184;8.1591;8.0966;8.0833;7.8598;7.6884;7.6234;6.9412;6.7814;5.3901
20-01-00 00:00;12.707;10.96;9.5997;9.5401;8.6944;8.1377;8.0753;8.062;7.8401;7.6696;7.6049;6.9243;6.7651;5.3769
20-01-00 01:00;12.7;10.934;9.5736;9.5139;8.6693;8.1154;8.0531;8.0397;7.8195;7.65;7.5856;6.9067;6.748;5.363
20-01-00 02:00;12.693;10.907;9.5475;9.4875;8.6438;8.0922;8.03;8.0167;7.7981;7.6296;7.5654;6.8883;6.7302;5.3486
20-01-00 03:00;12.686;10.881;9.5211;9.461;8.6188;8.068;8.0059;7.9927;7.7759;7.6085;7.5445;6.8692;6.7117;5.3335
20-01-00 04:00;12.679;10.854;9.4951;9.4348;8.5948;8.0424;7.9805;7.9673;7.7524;7.5862;7.5226;6.8493;6.6924;5.3178
20-01-00 05:00;12.671;10.828;9.4694;9.409;8.5713;8.0162;7.9544;7.9412;7.7282;7.5631;7.4997;6.8284;6.6722;5.3015
20-01-00 06:00;12.663;10.802;9.4441;9.3836;8.5481;7.9898;7.9279;7.9144;7.7032;7.5392;7.4762;6.8068;6.6512;5.2844
20-01-00 07:00;12.654;10.777;9.4192;9.3585;8.5255;7.9634;7.9008;7.8868;7.6775;7.5147;7.4519;6.7844;6.6295;5.2666
20-01-00 08:00;12.645;10.757;9.3952;9.3344;8.5037;7.9371;7.8735;7.8585;7.6508;7.4893;7.4268;6.7616;6.607;5.248
20-01-00 09:00;12.636;10.735;9.3732;9.3122;8.4839;7.9113;7.8462;7.8298;7.6232;7.463;7.4009;6.7379;6.5839;5.2288
20-01-00 10:00;12.627;10.713;9.3522;9.2912;8.4656;7.886;7.819;7.8008;7.5953;7.4363;7.3745;6.7136;6.56;5.2088
20-01-00 11:00;12.618;10.69;9.3321;9.2711;8.4487;7.8613;7.7919;7.7711;7.5668;7.4091;7.3476;6.6887;6.5355;5.188
20-01-00 12:00;12.61;10.666;9.3125;9.2517;8.433;7.8371;7.7648;7.7406;7.5376;7.3812;7.32;6.6632;6.5104;5.1667
20-01-00 13:00;12.602;10.641;9.2933;9.2328;8.4183;7.8137;7.7377;7.7089;7.5073;7.3523;7.2915;6.6369;6.4846;5.1447
20-01-00 14:00;12.596;10.616;9.2743;9.2142;8.4044;7.7913;7.7108;7.6757;7.4757;7.3222;7.2619;6.6098;6.458;5.1221
20-01-00 15:00;12.59;10.589;9.2555;9.1958;8.3912;7.7699;7.6838;7.6416;7.4432;7.2912;7.2312;6.5816;6.4304;5.0988
20-01-00 16:00;12.585;10.561;9.2369;9.1777;8.3785;7.7489;7.6571;7.6072;7.4101;7.2595;7.1999;6.5527;6.402;5.0749
20-01-00 17:00;12.58;10.532;9.2183;9.1597;8.3662;7.7278;7.6306;7.5725;7.377;7.2277;7.1684;6.5233;6.373;5.0504
20-01-00 18:00;12.575;10.503;9.2001;9.1419;8.3541;7.7069;7.604;7.5377;7.3435;7.1956;7.1366;6.4934;6.3436;5.0252
20-01-00 19:00;12.57;10.475;9.1821;9.1246;8.3423;7.6858;7.577;7.5028;7.31;7.1633;7.1046;6.4633;6.3139;4.9996
20-01-00 20:00;12.564;10.449;9.1645;9.1075;8.3306;7.6645;7.5496;7.4684;7.2767;7.1312;7.0727;6.4329;6.284;4.9734
20-01-00 21:00;12.558;10.424;9.1477;9.0912;8.319;7.6426;7.5218;7.435;7.2443;7.0996;7.0414;6.4027;6.254;4.9467
20-01-00 22:00;12.549;10.401;9.1319;9.0757;8.3075;7.6198;7.4931;7.4029;7.213;7.069;7.0109;6.3729;6.2245;4.9195
20-01-00 23:00;12.537;10.381;9.1172;9.0612;8.2961;7.5959;7.4637;7.3722;7.183;7.0397;6.9817;6.3438;6.1956;4.8918
21-01-00 00:00;12.521;10.364;9.1035;9.0474;8.2846;7.5713;7.4345;7.342;7.1536;7.0111;6.9532;6.3156;6.1676;4.8636
21-01-00 01:00;12.502;10.348;9.0906;9.0343;8.2733;7.5462;7.4062;7.3127;7.125;6.9831;6.9254;6.2882;6.1405;4.8351
21-01-00 02:00;12.481;10.334;9.0783;9.0217;8.262;7.5208;7.3788;7.2847;7.0976;6.9563;6.8986;6.2618;6.1143;4.8065
21-01-00 03:00;12.456;10.321;9.0665;9.0095;8.2505;7.4956;7.352;7.2572;7.0709;6.9303;6.8727;6.2364;6.0892;4.7781
21-01-00 04:00;12.43;10.309;9.055;8.9975;8.2389;7.4709;7.3258;7.2305;7.0449;6.905;6.8475;6.2119;6.065;4.7495
21-01-00 05:00;12.404;10.297;9.0435;8.9853;8.2268;7.4467;7.3002;7.2046;7.0197;6.8806;6.8232;6.1883;6.0418;4.7209
21-01-00 06:00;12.378;10.285;9.0316;8.9727;8.2139;7.4232;7.2753;7.1796;6.9954;6.8569;6.7997;6.1657;6.0196;4.6923
21-01-00 07:00;12.35;10.275;9.0193;8.9595;8.2004;7.3999;7.2509;7.1551;6.9717;6.8341;6.7769;6.1441;5.9984;4.6641
21-01-00 08:00;12.322;10.265;9.0067;8.9459;8.1869;7.3766;7.2265;7.131;6.9485;6.8117;6.7547;6.1233;5.9781;4.6364
21-01-00 09:00;12.292;10.256;8.9939;8.9317;8.1731;7.3532;7.2022;7.1072;6.9256;6.7897;6.7329;6.1031;5.9585;4.6091
21-01-00 10:00;12.262;10.247;8.9807;8.9171;8.1591;7.3298;7.1778;7.0836;6.9031;6.768;6.7114;6.0835;5.9395;4.5825
21-01-00 11:00;12.232;10.239;8.9673;8.9021;8.1448;7.3061;7.1534;7.0603;6.8808;6.7466;6.6903;6.0643;5.9209;4.5564
21-01-00 12:00;12.203;10.232;8.954;8.8868;8.1303;7.2822;7.129;7.0366;6.8584;6.7254;6.6693;6.0456;5.9028;4.5305
21-01-00 13:00;12.174;10.225;8.9407;8.8713;8.1156;7.2586;7.1051;7.0122;6.8353;6.7035;6.6477;6.0269;5.8848;4.5049
21-01-00 14:00;12.146;10.218;8.9275;8.8557;8.1011;7.2353;7.0814;6.9878;6.8122;6.6816;6.6261;6.0081;5.8668;4.4795
21-01-00 15:00;12.118;10.211;8.9145;8.84;8.0866;7.2125;7.0575;6.9632;6.789;6.6595;6.6043;5.9893;5.8488;4.4544
21-01-00 16:00;12.092;10.205;8.9015;8.8241;8.0723;7.1899;7.0338;6.9389;6.766;6.6376;6.5827;5.9705;5.8307;4.4296
21-01-00 17:00;12.066;10.199;8.8888;8.8085;8.058;7.1675;7.0103;6.9147;6.7431;6.6158;6.5612;5.9517;5.8128;4.405
21-01-00 18:00;12.042;10.193;8.8763;8.7934;8.0438;7.1454;6.987;6.8908;6.7204;6.5943;6.54;5.9331;5.7949;4.3808
21-01-00 19:00;12.018;10.188;8.8643;8.7788;8.0292;7.1234;6.9638;6.867;6.6979;6.5729;6.5189;5.9146;5.7771;4.3571
21-01-00 20:00;11.995;10.183;8.8526;8.7647;8.0145;7.1013;6.9406;6.8432;6.6754;6.5515;6.4979;5.896;5.7592;4.3345
21-01-00 21:00;11.974;10.178;8.8413;8.7512;7.9998;7.0794;6.9175;6.8195;6.653;6.5301;6.4769;5.8773;5.7411;4.3126
21-01-00 22:00;11.954;10.173;8.8303;8.7381;7.9851;7.0575;6.8944;6.7958;6.6305;6.5087;6.4558;5.8583;5.7227;4.2906
21-01-00 23:00;11.936;10.169;8.8197;8.7256;7.9704;7.0357;6.8716;6.7722;6.6081;6.4873;6.4347;5.8392;5.7042;4.2685
22-01-00 00:00;11.919;10.164;8.8096;8.7136;7.9562;7.0141;6.8489;6.7487;6.5858;6.466;6.4138;5.8201;5.6856;4.2462
22-01-00 01:00;11.904;10.16;8.7999;8.7023;7.9425;6.9926;6.8263;6.7254;6.5636;6.4448;6.3929;5.8011;5.6672;4.2237
22-01-00 02:00;11.891;10.156;8.7907;8.6917;7.9296;6.9714;6.8039;6.7023;6.5415;6.4237;6.3721;5.7822;5.6489;4.2011
22-01-00 03:00;11.879;10.153;8.782;8.6818;7.9174;6.9503;6.7818;6.6794;6.5197;6.4029;6.3515;5.7635;5.6309;4.1786
22-01-00 04:00;11.869;10.149;8.774;8.6727;7.906;6.9296;6.7598;6.6567;6.498;6.3822;6.3311;5.7451;5.613;4.1562
22-01-00 05:00;11.86;10.146;8.7664;8.6642;7.8953;6.9092;6.7382;6.6343;6.4767;6.3619;6.311;5.7268;5.5954;4.1341
22-01-00 06:00;11.852;10.143;8.7595;8.6565;7.8854;6.8893;6.717;6.6123;6.4557;6.3418;6.2913;5.7087;5.578;4.1121
22-01-00 07:00;11.845;10.14;8.7531;8.6495;7.8763;6.8699;6.6963;6.5907;6.435;6.322;6.2717;5.6909;5.5608;4.0903
22-01-00 08:00;11.838;10.138;8.7472;8.643;7.8679;6.851;6.6761;6.5697;6.4148;6.3026;6.2526;5.6734;5.544;4.0686
22-01-00 09:00;11.832;10.135;8.7417;8.6372;7.8602;6.8325;6.6564;6.5493;6.395;6.2837;6.2338;5.6562;5.5274;4.0474
22-01-00 10:00;11.826;10.133;8.7367;8.6318;7.853;6.8146;6.6375;6.5296;6.3759;6.2653;6.2156;5.6393;5.5111;4.0267
22-01-00 11:00;11.82;10.13;8.7321;8.6269;7.8462;6.7965;6.6203;6.5117;6.3583;6.2482;6.1986;5.6231;5.4954;4.0064
22-01-00 12:00;11.814;10.128;8.7277;8.6223;7.8397;6.7789;6.6035;6.4942;6.3413;6.2317;6.1823;5.6075;5.4803;3.9865
22-01-00 13:00;11.808;10.126;8.7236;8.6179;7.8333;6.7618;6.5872;6.4772;6.3247;6.2157;6.1664;5.5925;5.4658;3.9674
22-01-00 14:00;11.802;10.124;8.7197;8.6139;7.8272;6.7454;6.5713;6.4607;6.3085;6.2001;6.151;5.578;5.4518;3.9492
22-01-00 15:00;11.796;10.122;8.7159;8.61;7.8213;6.7296;6.5559;6.4448;6.2928;6.185;6.136;5.564;5.4382;3.9317
22-01-00 16:00;11.79;10.12;8.7123;8.6062;7.8156;6.7144;6.5411;6.4293;6.2775;6.1702;6.1214;5.5503;5.425;3.9151
22-01-00 17:00;11.784;10.118;8.7088;8.6027;7.8102;6.6999;6.5267;6.4144;6.2626;6.1558;6.1073;5.537;5.4122;3.8992
22-01-00 18:00;11.778;10.116;8.7054;8.5992;7.805;6.686;6.5129;6.4;6.2481;6.1418;6.0935;5.5241;5.3997;3.8841
22-01-00 19:00;11.772;10.114;8.702;8.5958;7.7999;6.6726;6.4996;6.3862;6.2339;6.1281;6.0801;5.5115;5.3876;3.8696
22-01-00 20:00;11.766;10.112;8.6988;8.5926;7.7951;6.6599;6.4867;6.3728;6.2201;6.1148;6.067;5.4993;5.3758;3.8559
22-01-00 21:00;11.759;10.11;8.6955;8.5893;7.7904;6.6477;6.4744;6.36;6.2066;6.1018;6.0543;5.4874;5.3644;3.8427
22-01-00 22:00;11.752;10.108;8.6923;8.5862;7.7858;6.636;6.4624;6.3475;6.1935;6.0891;6.0419;5.4759;5.3533;3.8302
22-01-00 23:00;11.745;10.106;8.6891;8.583;7.7814;6.6248;6.4509;6.3355;6.1808;6.0769;6.0298;5.4647;5.3425;3.8183
23-01-00 00:00;11.739;10.104;8.6858;8.5798;7.777;6.6139;6.4397;6.3239;6.1684;6.0649;6.0181;5.4539;5.332;3.807
23-01-00 01:00;11.732;10.102;8.6825;8.5766;7.7726;6.6034;6.4288;6.3125;6.1564;6.0533;6.0067;5.4433;5.3219;3.7964
23-01-00 02:00;11.724;10.1;8.6793;8.5735;7.7683;6.5932;6.4181;6.3015;6.1446;6.042;5.9956;5.4331;5.312;3.7864
23-01-00 03:00;11.717;10.098;8.676;8.5703;7.764;6.5833;6.4078;6.2907;6.1331;6.0309;5.9848;5.423;5.3023;3.7771
23-01-00 04:00;11.709;10.095;8.6726;8.5671;7.7598;6.5738;6.3977;6.2802;6.1219;6.02;5.9742;5.4132;5.2929;3.7685
23-01-00 05:00;11.701;10.093;8.6693;8.564;7.7555;6.5645;6.3879;6.2701;6.1109;6.0094;5.9638;5.4037;5.2836;3.7606
23-01-00 06:00;11.693;10.09;8.6659;8.5608;7.7512;6.5554;6.3783;6.2601;6.1001;5.999;5.9536;5.3943;5.2746;3.7532
23-01-00 07:00;11.685;10.088;8.6624;8.5575;7.7468;6.5466;6.369;6.2504;6.0894;5.9888;5.9435;5.385;5.2657;3.7463
23-01-00 08:00;11.678;10.085;8.6588;8.5542;7.7424;6.5378;6.3598;6.2408;6.079;5.9787;5.9337;5.376;5.2569;3.7398
23-01-00 09:00;11.67;10.083;8.6552;8.5509;7.738;6.5293;6.3508;6.2315;6.0687;5.9688;5.924;5.3671;5.2483;3.7337
23-01-00 10:00;11.662;10.08;8.6516;8.5475;7.7335;6.5208;6.3419;6.2223;6.0585;5.9589;5.9144;5.3582;5.2398;3.7279
23-01-00 11:00;11.654;10.077;8.6479;8.5441;7.7289;6.5125;6.3331;6.2132;6.0484;5.9492;5.9049;5.3495;5.2314;3.7225
23-01-00 12:00;11.647;10.075;8.6442;8.5406;7.7242;6.5043;6.3245;6.2043;6.0383;5.9396;5.8955;5.3408;5.2231;3.7174
23-01-00 13:00;11.639;10.072;8.6404;8.5371;7.7196;6.4962;6.316;6.1954;6.0283;5.9299;5.8861;5.3322;5.2149;3.7124
23-01-00 14:00;11.631;10.069;8.6367;8.5336;7.7148;6.4882;6.3076;6.1867;6.0183;5.9204;5.8767;5.3236;5.2067;3.7076
23-01-00 15:00;11.623;10.066;8.6329;8.5301;7.7101;6.4803;6.2993;6.1781;6.0084;5.9108;5.8674;5.315;5.1985;3.7029
23-01-00 16:00;11.614;10.063;8.6291;8.5265;7.7053;6.4726;6.2911;6.1697;5.9985;5.9013;5.8581;5.3065;5.1904;3.6983
23-01-00 17:00;11.604;10.06;8.6252;8.5229;7.7004;6.465;6.283;6.1613;5.9885;5.8918;5.8489;5.298;5.1823;3.6938
23-01-00 18:00;11.591;10.057;8.6213;8.5192;7.6955;6.4576;6.275;6.1531;5.9786;5.8823;5.8396;5.2896;5.1742;3.6894
23-01-00 19:00;11.577;10.053;8.6172;8.5154;7.6904;6.4504;6.2672;6.1451;5.9686;5.8728;5.8303;5.2812;5.1662;3.6851
23-01-00 20:00;11.563;10.049;8.6128;8.5114;7.6851;6.4433;6.2594;6.1371;5.9586;5.8632;5.821;5.2728;5.1582;3.6809
23-01-00 21:00;11.549;10.045;8.6082;8.5071;7.6795;6.4364;6.2518;6.1293;5.9486;5.8537;5.8116;5.2644;5.1503;3.6767
23-01-00 22:00;11.536;10.04;8.6034;8.5026;7.6735;6.4295;6.2442;6.1216;5.9385;5.844;5.8022;5.256;5.1423;3.6725
23-01-00 23:00;11.523;10.035;8.5983;8.4979;7.6673;6.4227;6.2367;6.1139;5.9283;5.8343;5.7928;5.2476;5.1344;3.6684
24-01-00 00:00;11.512;10.031;8.5932;8.4931;7.6607;6.416;6.2291;6.1061;5.918;5.8245;5.7832;5.2393;5.1265;3.6643
24-01-00 01:00;11.5;10.026;8.588;8.4883;7.6538;6.4092;6.2214;6.0983;5.9077;5.8147;5.7737;5.2309;5.1186;3.6602
24-01-00 02:00;11.49;10.022;8.5829;8.4835;7.6468;6.4024;6.2137;6.0905;5.8972;5.8047;5.7641;5.2226;5.1106;3.6562
24-01-00 03:00;11.479;10.018;8.5779;8.4788;7.6396;6.3957;6.206;6.0827;5.8865;5.7946;5.7542;5.2142;5.1027;3.6522
24-01-00 04:00;11.468;10.013;8.573;8.4742;7.6324;6.389;6.1984;6.075;5.8758;5.7843;5.7443;5.2059;5.0947;3.6482
24-01-00 05:00;11.458;10.009;8.5683;8.4698;7.6252;6.3825;6.1908;6.0673;5.8649;5.7741;5.7344;5.1977;5.0866;3.6441
24-01-00 06:00;11.447;10.004;8.5637;8.4655;7.6181;6.3761;6.1834;6.0598;5.854;5.7638;5.7244;5.1895;5.0785;3.6401
24-01-00 07:00;11.437;9.9993;8.5593;8.4612;7.611;6.37;6.1761;6.0525;5.8432;5.7536;5.7145;5.1813;5.0705;3.636
24-01-00 08:00;11.426;9.9943;8.5549;8.4571;7.6039;6.364;6.1691;6.0454;5.8326;5.7435;5.7047;5.1733;5.0624;3.6319
24-01-00 09:00;11.415;9.9891;8.5506;8.4531;7.5969;6.3583;6.1622;6.0385;5.8221;5.7335;5.6951;5.1653;5.0544;3.6277
24-01-00 10:00;11.404;9.9839;8.5464;8.449;7.5901;6.3528;6.1556;6.0318;5.8118;5.7238;5.6857;5.1575;5.0464;3.6236
24-01-00 11:00;11.393;9.9786;8.5421;8.445;7.5834;6.3474;6.1491;6.0253;5.8017;5.7143;5.6765;5.1499;5.0385;3.6194
24-01-00 12:00;11.382;9.9732;8.5379;8.441;7.5768;6.3423;6.1428;6.019;5.7919;5.705;5.6676;5.1424;5.0308;3.6151
24-01-00 13:00;11.371;9.9677;8.5336;8.437;7.5703;6.3373;6.1366;6.0128;5.7823;5.6959;5.6588;5.1352;5.0232;3.6108
24-01-00 14:00;11.359;9.962;8.5294;8.433;7.5639;6.3324;6.1307;6.0069;5.7729;5.6871;5.6503;5.1282;5.0158;3.6064
24-01-00 15:00;11.347;9.9563;8.5251;8.4291;7.5575;6.3277;6.1248;6.001;5.7638;5.6786;5.6421;5.1214;5.0085;3.602
24-01-00 16:00;11.335;9.9504;8.5209;8.4251;7.5512;6.3232;6.1191;5.9953;5.755;5.6703;5.6341;5.1149;5.0015;3.5974
24-01-00 17:00;11.323;9.9444;8.5166;8.4211;7.5449;6.3187;6.1135;5.9898;5.7464;5.6622;5.6264;5.1086;4.9946;3.5928
24-01-00 18:00;11.311;9.9382;8.5123;8.417;7.5386;6.3144;6.1081;5.9845;5.7381;5.6543;5.6188;5.1026;4.9879;3.5881
24-01-00 19:00;11.298;9.9319;8.5079;8.4129;7.5324;6.3102;6.1029;5.9793;5.73;5.6466;5.6115;5.0967;4.9814;3.5833
24-01-00 20:00;11.285;9.9254;8.5035;8.4089;7.5262;6.3062;6.0978;5.9743;5.722;5.6392;5.6043;5.0911;4.975;3.5784
24-01-00 21:00;11.271;9.9187;8.4991;8.4047;7.52;6.3022;6.0928;5.9694;5.7142;5.6319;5.5974;5.0857;4.9688;3.5734
24-01-00 22:00;11.258;9.9118;8.4946;8.4005;7.5138;6.2984;6.088;5.9647;5.7067;5.6248;5.5906;5.0804;4.9626;3.5682
24-01-00 23:00;11.244;9.9047;8.4901;8.3963;7.5077;6.2947;6.0832;5.9601;5.6993;5.6178;5.584;5.0754;4.9566;3.563
25-01-00 00:00;11.23;9.8974;8.4855;8.392;7.5015;6.291;6.0786;5.9556;5.6922;5.6111;5.5775;5.0705;4.9507;3.5576
25-01-00 01:00;11.216;9.89;8.4808;8.3876;7.4954;6.2874;6.0741;5.9512;5.6852;5.6044;5.5712;5.0657;4.9449;3.5521
25-01-00 02:00;11.202;9.8823;8.4761;8.3832;7.4893;6.2839;6.0696;5.9469;5.6784;5.598;5.5651;5.0611;4.9392;3.5464
25-01-00 03:00;11.188;9.8744;8.4713;8.3787;7.4832;6.2805;6.0652;5.9427;5.6718;5.5917;5.5591;5.0567;4.9336;3.5406
25-01-00 04:00;11.174;9.8664;8.4665;8.3742;7.4771;6.2771;6.061;5.9386;5.6653;5.5855;5.5532;5.0524;4.9281;3.5346
25-01-00 05:00;11.159;9.8582;8.4616;8.3696;7.471;6.2738;6.0568;5.9346;5.659;5.5794;5.5474;5.0483;4.9227;3.5284
25-01-00 06:00;11.145;9.8498;8.4566;8.3649;7.4648;6.2706;6.0527;5.9307;5.6528;5.5734;5.5418;5.0443;4.9174;3.5222
25-01-00 07:00;11.131;9.8413;8.4515;8.3601;7.4587;6.2675;6.0487;5.9268;5.6467;5.5676;5.5362;5.0404;4.9122;3.5159
25-01-00 08:00;11.117;9.8327;8.4463;8.3553;7.4525;6.2644;6.0447;5.9231;5.6408;5.5618;5.5308;5.0367;4.9071;3.5095
25-01-00 09:00;11.102;9.8241;8.441;8.3503;7.4462;6.2615;6.0407;5.9193;5.6349;5.5562;5.5255;5.033;4.9019;3.5031
25-01-00 10:00;11.088;9.8154;8.4356;8.3452;7.4399;6.2588;6.0368;5.9156;5.6292;5.5506;5.5202;5.0294;4.8968;3.4966
25-01-00 11:00;11.074;9.8067;8.4301;8.34;7.4335;6.2566;6.0329;5.912;5.6235;5.5451;5.515;5.026;4.8918;3.4902
25-01-00 12:00;11.061;9.798;8.4244;8.3347;7.4271;6.2566;6.0288;5.9082;5.6179;5.5395;5.5097;5.0226;4.8869;3.4836
25-01-00 13:00;11.047;9.7895;8.4187;8.3293;7.42;6.3033;6.0164;5.8969;5.6076;5.5319;5.5031;5.0192;4.8819;3.4771
25-01-00 14:00;11.033;9.7811;8.4127;8.3236;7.4118;6.2964;6.0178;5.8979;5.6021;5.5239;5.495;5.0145;4.8753;3.4704
25-01-00 15:00;11.02;9.7726;8.4065;8.3177;7.4061;6.2943;6.015;5.8953;5.5979;5.5194;5.4908;5.0112;4.8699;3.4635
25-01-00 16:00;11.007;9.7642;8.4004;8.3119;7.4001;6.2918;6.0121;5.8926;5.5938;5.5153;5.4868;5.0084;4.8652;3.4562
25-01-00 17:00;10.994;9.7559;8.3942;8.3061;7.394;6.289;6.009;5.8898;5.5897;5.5111;5.4828;5.0058;4.8608;3.4488
25-01-00 18:00;10.981;9.7477;8.388;8.3001;7.3877;6.2861;6.0058;5.8868;5.5854;5.5067;5.4787;5.0033;4.8565;3.4415
25-01-00 19:00;10.968;9.7396;8.3816;8.2941;7.3814;6.2832;6.0024;5.8838;5.5812;5.5023;5.4746;5.0007;4.8522;3.4343
25-01-00 20:00;10.956;9.7317;8.3751;8.2879;7.375;6.2801;5.999;5.8807;5.5768;5.4978;5.4703;4.9982;4.8478;3.4271
25-01-00 21:00;10.944;9.7238;8.3685;8.2816;7.3686;6.277;5.9956;5.8776;5.5725;5.4933;5.4661;4.9956;4.8435;3.42
25-01-00 22:00;10.932;9.716;8.3618;8.2752;7.3621;6.2739;5.9921;5.8744;5.5682;5.4887;5.4618;4.993;4.8392;3.4128
25-01-00 23:00;10.92;9.7084;8.355;8.2687;7.3556;6.2707;5.9886;5.8712;5.5639;5.4841;5.4575;4.9905;4.8348;3.4057
26-01-00 00:00;10.908;9.7009;8.3482;8.2621;7.3491;6.2675;5.985;5.8679;5.5597;5.4795;5.4531;4.9879;4.8304;3.3985
26-01-00 01:00;10.897;9.6936;8.3411;8.2554;7.3426;6.2643;5.9814;5.8647;5.5555;5.4749;5.4488;4.9854;4.826;3.3913
26-01-00 02:00;10.885;9.6863;8.334;8.2485;7.3361;6.2611;5.9776;5.8613;5.5513;5.4704;5.4445;4.9828;4.8215;3.384
26-01-00 03:00;10.874;9.6792;8.3267;8.2416;7.3296;6.2578;5.9739;5.8579;5.5473;5.4659;5.4403;4.9803;4.817;3.3767
26-01-00 04:00;10.862;9.6721;8.3193;8.2344;7.323;6.2545;5.9701;5.8544;5.5432;5.4614;5.436;4.9778;4.8125;3.3694
26-01-00 05:00;10.851;9.6652;8.3118;8.2272;7.3164;6.2511;5.9663;5.851;5.5393;5.4569;5.4318;4.9752;4.8079;3.362
26-01-00 06:00;10.84;9.6585;8.3042;8.2199;7.3099;6.2478;5.9625;5.8475;5.5353;5.4524;5.4276;4.9726;4.8032;3.3547
26-01-00 07:00;10.829;9.6518;8.2966;8.2125;7.3033;6.2444;5.9586;5.844;5.5314;5.4479;5.4234;4.9701;4.7984;3.3473
26-01-00 08:00;10.819;9.6453;8.2888;8.205;7.2968;6.2411;5.9548;5.8406;5.5276;5.4435;5.4192;4.9674;4.7935;3.34
26-01-00 09:00;10.808;9.6389;8.281;8.1974;7.2904;6.2377;5.9509;5.8371;5.5238;5.439;5.415;4.9648;4.7885;3.3326
26-01-00 10:00;10.798;9.6326;8.2732;8.1898;7.284;6.2343;5.9471;5.8336;5.5201;5.4346;5.4108;4.9621;4.7834;3.3253
26-01-00 11:00;10.789;9.6265;8.2654;8.1823;7.2777;6.231;5.9433;5.8301;5.5164;5.4301;5.4066;4.9594;4.7782;3.318
26-01-00 12:00;10.779;9.6206;8.2577;8.1748;7.2715;6.2277;5.9395;5.8267;5.5127;5.4256;5.4023;4.9566;4.7728;3.3108
26-01-00 13:00;10.77;9.6148;8.2501;8.1674;7.2653;6.2243;5.9357;5.8233;5.5091;5.4212;5.3981;4.9538;4.7673;3.3036
26-01-00 14:00;10.761;9.6092;8.2426;8.1602;7.2591;6.221;5.932;5.82;5.5055;5.4167;5.3939;4.951;4.7618;3.2964
26-01-00 15:00;10.752;9.6037;8.2352;8.153;7.2531;6.2178;5.9283;5.8166;5.502;5.4122;5.3897;4.9482;4.7562;3.2892
26-01-00 16:00;10.743;9.5983;8.2279;8.146;7.2471;6.2145;5.9246;5.8133;5.4985;5.4078;5.3855;4.9453;4.7505;3.282
26-01-00 17:00;10.735;9.5931;8.2208;8.1391;7.2412;6.2113;5.921;5.8101;5.4951;5.4033;5.3813;4.9424;4.7448;3.2748
26-01-00 18:00;10.726;9.588;8.2138;8.1323;7.2354;6.2081;5.9175;5.8069;5.4917;5.3989;5.3771;4.9394;4.739;3.2677
26-01-00 19:00;10.718;9.583;8.2069;8.1257;7.2297;6.2049;5.914;5.8037;5.4884;5.3946;5.373;4.9365;4.7331;3.2606
26-01-00 20:00;10.709;9.5781;8.2002;8.1193;7.2241;6.2018;5.9105;5.8006;5.4852;5.3903;5.3688;4.9335;4.7272;3.2535
26-01-00 21:00;10.701;9.5733;8.1936;8.1129;7.2186;6.1988;5.9071;5.7976;5.482;5.386;5.3648;4.9305;4.7212;3.2465
26-01-00 22:00;10.693;9.5686;8.1872;8.1067;7.2132;6.1957;5.9037;5.7946;5.4788;5.3817;5.3607;4.9275;4.7151;3.2394
26-01-00 23:00;10.685;9.564;8.1808;8.1006;7.2079;6.1928;5.9004;5.7916;5.4757;5.3775;5.3567;4.9244;4.7089;3.2325
27-01-00 00:00;10.676;9.5594;8.1746;8.0946;7.2027;6.1898;5.8972;5.7887;5.4727;5.3733;5.3527;4.9213;4.7026;3.2256
27-01-00 01:00;10.668;9.5549;8.1685;8.0887;7.1976;6.1869;5.894;5.7859;5.4697;5.3691;5.3487;4.9181;4.6962;3.2188
27-01-00 02:00;10.66;9.5505;8.1624;8.0829;7.1926;6.1841;5.8909;5.783;5.4667;5.365;5.3448;4.9149;4.6898;3.2121
27-01-00 03:00;10.652;9.5461;8.1565;8.0772;7.1876;6.1813;5.8878;5.7803;5.4638;5.3608;5.3409;4.9116;4.6831;3.2055
27-01-00 04:00;10.644;9.5418;8.1506;8.0715;7.1828;6.1785;5.8847;5.7775;5.461;5.3568;5.337;4.9083;4.6765;3.1991
27-01-00 05:00;10.637;9.5375;8.1448;8.066;7.1779;6.1758;5.8817;5.7748;5.4581;5.3527;5.3331;4.905;4.6698;3.1927
27-01-00 06:00;10.629;9.5333;8.1392;8.0605;7.1732;6.1731;5.8787;5.7722;5.4554;5.3487;5.3293;4.9016;4.6631;3.1865
27-01-00 07:00;10.622;9.5292;8.1335;8.0552;7.1685;6.1704;5.8758;5.7695;5.4526;5.3446;5.3254;4.8982;4.6564;3.1803
27-01-00 08:00;10.615;9.5252;8.128;8.0499;7.1639;6.1677;5.8729;5.7669;5.4499;5.3406;5.3216;4.8948;4.6497;3.1743
27-01-00 09:00;10.607;9.5212;8.1226;8.0447;7.1593;6.1651;5.87;5.7644;5.4473;5.3367;5.3178;4.8913;4.643;3.1683
27-01-00 10:00;10.599;9.5173;8.1173;8.0396;7.1548;6.1625;5.8672;5.7619;5.4446;5.3327;5.3141;4.8878;4.6363;3.1625
27-01-00 11:00;10.591;9.5133;8.112;8.0346;7.1504;6.1599;5.8644;5.7594;5.4421;5.3288;5.3103;4.8842;4.6296;3.1567
27-01-00 12:00;10.583;9.5093;8.1068;8.0296;7.146;6.1574;5.8616;5.7569;5.4395;5.3249;5.3066;4.8806;4.6229;3.1511
27-01-00 13:00;10.575;9.5054;8.1016;8.0246;7.1417;6.1549;5.8589;5.7545;5.437;5.321;5.3028;4.8769;4.6162;3.1456
27-01-00 14:00;10.568;9.5015;8.0965;8.0197;7.1374;6.1524;5.8562;5.7521;5.4346;5.3171;5.2991;4.8732;4.6095;3.1402
27-01-00 15:00;10.56;9.4975;8.0914;8.0149;7.1331;6.1499;5.8536;5.7498;5.4321;5.3132;5.2953;4.8694;4.6028;3.1348
27-01-00 16:00;10.552;9.4936;8.0863;8.0101;7.1289;6.1474;5.851;5.7474;5.4298;5.3094;5.2917;4.8656;4.5961;3.1296
27-01-00 17:00;10.544;9.4897;8.0813;8.0053;7.1247;6.145;5.8483;5.7451;5.4274;5.3055;5.288;4.8617;4.5896;3.1245
27-01-00 18:00;10.536;9.4858;8.0763;8.0005;7.1206;6.1426;5.8458;5.7428;5.4251;5.3017;5.2843;4.8578;4.5831;3.1195
27-01-00 19:00;10.528;9.4818;8.0713;7.9957;7.1164;6.1401;5.8432;5.7405;5.4228;5.2979;5.2807;4.8539;4.5767;3.1145
27-01-00 20:00;10.52;9.4779;8.0663;7.991;7.1123;6.1377;5.8407;5.7382;5.4205;5.2941;5.277;4.8499;4.5704;3.1096
27-01-00 21:00;10.512;9.4739;8.0613;7.9863;7.1082;6.1353;5.8381;5.736;5.4183;5.2902;5.2733;4.8458;4.5642;3.1048
27-01-00 22:00;10.503;9.4699;8.0563;7.9816;7.104;6.133;5.8356;5.7338;5.4161;5.2864;5.2697;4.8417;4.5581;3.1
27-01-00 23:00;10.495;9.4659;8.0514;7.9768;7.0999;6.1306;5.8331;5.7315;5.4139;5.2826;5.266;4.8375;4.552;3.0953
28-01-00 00:00;10.487;9.4618;8.0464;7.9721;7.0958;6.1282;5.8306;5.7293;5.4117;5.2788;5.2623;4.8333;4.5459;3.0907
28-01-00 01:00;10.478;9.4577;8.0414;7.9674;7.0917;6.1258;5.8281;5.7271;5.4095;5.275;5.2587;4.829;4.5399;3.0861
28-01-00 02:00;10.47;9.4536;8.0365;7.9627;7.0876;6.1234;5.8256;5.7249;5.4073;5.2712;5.255;4.8247;4.5339;3.0815
28-01-00 03:00;10.461;9.4494;8.0315;7.958;7.0834;6.121;5.8231;5.7227;5.4051;5.2673;5.2513;4.8204;4.528;3.077
28-01-00 04:00;10.452;9.4452;8.0264;7.9532;7.0793;6.1186;5.8206;5.7205;5.403;5.2635;5.2477;4.816;4.5221;3.0725
28-01-00 05:00;10.443;9.441;8.0214;7.9484;7.0751;6.1162;5.8182;5.7182;5.4008;5.2597;5.244;4.8116;4.5163;3.068
28-01-00 06:00;10.434;9.4367;8.0163;7.9436;7.0709;6.1138;5.8157;5.716;5.3986;5.2559;5.2403;4.8071;4.5105;3.0636
28-01-00 07:00;10.425;9.4323;8.0112;7.9387;7.0667;6.1113;5.8132;5.7138;5.3965;5.2521;5.2367;4.8026;4.5047;3.0591
28-01-00 08:00;10.416;9.4279;8.006;7.9338;7.0625;6.1089;5.8106;5.7116;5.3943;5.2482;5.233;4.798;4.499;3.0547
28-01-00 09:00;10.407;9.4234;8.0009;7.9288;7.0583;6.1064;5.8081;5.7093;5.3922;5.2444;5.2293;4.7934;4.4932;3.0504
28-01-00 10:00;10.398;9.4189;7.9957;7.9238;7.054;6.1039;5.8056;5.7071;5.39;5.2405;5.2255;4.7887;4.4875;3.046
28-01-00 11:00;10.389;9.4143;7.9904;7.9188;7.0497;6.1014;5.803;5.7048;5.3879;5.2366;5.2218;4.7839;4.4819;3.0417
28-01-00 12:00;10.379;9.4096;7.9851;7.9137;7.0455;6.0989;5.8005;5.7026;5.3857;5.2327;5.218;4.7791;4.4762;3.0373
28-01-00 13:00;10.37;9.405;7.9797;7.9086;7.0412;6.0963;5.7979;5.7003;5.3835;5.2288;5.2143;4.7743;4.4705;3.033
28-01-00 14:00;10.361;9.4002;7.9743;7.9034;7.0368;6.0938;5.7953;5.698;5.3814;5.2249;5.2105;4.7694;4.4648;3.0287
28-01-00 15:00;10.352;9.3954;7.9687;7.8981;7.0325;6.0912;5.7927;5.6957;5.3792;5.221;5.2067;4.7645;4.459;3.0244
28-01-00 16:00;10.343;9.3906;7.9632;7.8927;7.0281;6.0886;5.7901;5.6933;5.377;5.2171;5.203;4.7596;4.4533;3.0201
28-01-00 17:00;10.334;9.3858;7.9575;7.8873;7.0237;6.086;5.7875;5.691;5.3749;5.2132;5.1992;4.7547;4.4475;3.0158
28-01-00 18:00;10.325;9.381;7.9519;7.8819;7.0192;6.0833;5.7848;5.6887;5.3727;5.2093;5.1955;4.7497;4.4417;3.0115
28-01-00 19:00;10.316;9.3761;7.9462;7.8764;7.0148;6.0806;5.7822;5.6863;5.3705;5.2054;5.1917;4.7448;4.4359;3.0071
28-01-00 20:00;10.307;9.3713;7.9404;7.8709;7.0103;6.0779;5.7795;5.6839;5.3683;5.2015;5.1879;4.7399;4.4301;3.0027
28-01-00 21:00;10.299;9.3664;7.9346;7.8653;7.0058;6.0752;5.7768;5.6815;5.3661;5.1975;5.1841;4.7349;4.4243;2.9983
28-01-00 22:00;10.29;9.3616;7.9288;7.8597;7.0013;6.0724;5.7741;5.6791;5.3639;5.1936;5.1803;4.73;4.4185;2.9939
28-01-00 23:00;10.281;9.3568;7.9229;7.854;6.9968;6.0697;5.7714;5.6767;5.3617;5.1896;5.1765;4.725;4.4127;2.9894
29-01-00 00:00;10.273;9.352;7.917;7.8483;6.9923;6.0669;5.7686;5.6742;5.3595;5.1856;5.1727;4.7201;4.407;2.9849
29-01-00 01:00;10.265;9.3472;7.9111;7.8426;6.9878;6.064;5.7659;5.6718;5.3573;5.1817;5.1688;4.7151;4.4012;2.9803
29-01-00 02:00;10.257;9.3424;7.9052;7.8369;6.9833;6.0612;5.7631;5.6693;5.3551;5.1777;5.165;4.7101;4.3954;2.9758
29-01-00 03:00;10.249;9.3377;7.8993;7.8312;6.9788;6.0584;5.7603;5.6668;5.3529;5.1737;5.1612;4.705;4.3897;2.9711
29-01-00 04:00;10.241;9.333;7.8934;7.8255;6.9743;6.0555;5.7576;5.6643;5.3507;5.1698;5.1574;4.6999;4.3839;2.9665
29-01-00 05:00;10.233;9.3283;7.8875;7.8198;6.9698;6.0526;5.7548;5.6618;5.3485;5.1659;5.1536;4.6949;4.3782;2.9618
29-01-00 06:00;10.225;9.3237;7.8816;7.8141;6.9653;6.0497;5.752;5.6593;5.3462;5.162;5.1499;4.6898;4.3724;2.9571
29-01-00 07:00;10.217;9.3191;7.8758;7.8085;6.9608;6.0468;5.7492;5.6568;5.344;5.1582;5.1462;4.6846;4.3667;2.9523
29-01-00 08:00;10.21;9.3145;7.87;7.803;6.9562;6.0439;5.7464;5.6543;5.3418;5.1544;5.1425;4.6795;4.361;2.9475
29-01-00 09:00;10.203;9.3099;7.8643;7.7975;6.9517;6.0409;5.7436;5.6518;5.3396;5.1506;5.1389;4.6743;4.3553;2.9427
29-01-00 10:00;10.196;9.3055;7.8587;7.7921;6.9472;6.0379;5.7408;5.6493;5.3375;5.1468;5.1352;4.6692;4.3497;2.9378
29-01-00 11:00;10.189;9.301;7.8532;7.7867;6.9428;6.035;5.738;5.6468;5.3353;5.1431;5.1317;4.664;4.3441;2.9329
29-01-00 12:00;10.182;9.2967;7.8477;7.7814;6.9384;6.032;5.7352;5.6443;5.3331;5.1395;5.1281;4.6588;4.3385;2.928
29-01-00 13:00;10.175;9.2923;7.8423;7.7762;6.9341;6.0291;5.7324;5.6418;5.3309;5.1359;5.1247;4.6535;4.333;2.9231
29-01-00 14:00;10.169;9.2881;7.837;7.7711;6.9298;6.0261;5.7296;5.6393;5.3288;5.1323;5.1212;4.6483;4.3275;2.9182
29-01-00 15:00;10.163;9.2839;7.8318;7.766;6.9256;6.0232;5.7269;5.6368;5.3267;5.1288;5.1179;4.6431;4.322;2.9132
29-01-00 16:00;10.157;9.2799;7.8267;7.7611;6.9214;6.0203;5.7242;5.6344;5.3246;5.1254;5.1146;4.6378;4.3166;2.9082
29-01-00 17:00;10.152;9.2759;7.8217;7.7562;6.9173;6.0174;5.7215;5.632;5.3226;5.1221;5.1113;4.6326;4.3113;2.9032
29-01-00 18:00;10.146;9.272;7.8168;7.7515;6.9133;6.0146;5.7189;5.6296;5.3206;5.1188;5.1082;4.6273;4.306;2.8982
29-01-00 19:00;10.141;9.2682;7.812;7.7468;6.9093;6.0117;5.7163;5.6272;5.3186;5.1156;5.1051;4.6221;4.3007;2.8933
29-01-00 20:00;10.136;9.2645;7.8073;7.7422;6.9054;6.0089;5.7137;5.6249;5.3166;5.1125;5.102;4.6168;4.2955;2.8883
29-01-00 21:00;10.131;9.2609;7.8027;7.7378;6.9015;6.0062;5.7112;5.6226;5.3147;5.1094;5.0991;4.6116;4.2904;2.8833
29-01-00 22:00;10.127;9.2574;7.7982;7.7334;6.8977;6.0034;5.7087;5.6203;5.3128;5.1064;5.0962;4.6063;4.2853;2.8784
29-01-00 23:00;10.122;9.254;7.7938;7.7292;6.894;6.0007;5.7063;5.6181;5.3109;5.1035;5.0934;4.6011;4.2803;2.8735
30-01-00 00:00;10.118;9.2508;7.7895;7.725;6.8904;5.998;5.7038;5.6159;5.3091;5.1007;5.0906;4.5958;4.2754;2.8687
30-01-00 01:00;10.114;9.2476;7.7854;7.721;6.8868;5.9953;5.7015;5.6137;5.3073;5.0979;5.088;4.5906;4.2705;2.8639
30-01-00 02:00;10.11;9.2446;7.7813;7.717;6.8834;5.9927;5.6992;5.6116;5.3055;5.0952;5.0853;4.5854;4.2659;2.8591
30-01-00 03:00;10.107;9.2416;7.7774;7.7132;6.88;5.9902;5.6969;5.6095;5.3037;5.0925;5.0828;4.5802;4.2613;2.8543
30-01-00 04:00;10.103;9.2388;7.7735;7.7094;6.8766;5.9876;5.6946;5.6075;5.302;5.09;5.0803;4.5751;4.2568;2.8496
30-01-00 05:00;10.1;9.2361;7.7698;7.7058;6.8734;5.9851;5.6924;5.6054;5.3003;5.0874;5.0778;4.5701;4.2523;2.845
30-01-00 06:00;10.097;9.2335;7.7662;7.7022;6.8702;5.9827;5.6903;5.6035;5.2987;5.085;5.0754;4.5651;4.2479;2.8404
30-01-00 07:00;10.094;9.2309;7.7627;7.6988;6.8671;5.9803;5.6882;5.6015;5.2971;5.0826;5.0731;4.5602;4.2436;2.8358
30-01-00 08:00;10.09;9.2285;7.7592;7.6955;6.8641;5.9779;5.6861;5.5996;5.2955;5.0802;5.0709;4.5553;4.2394;2.8313
30-01-00 09:00;10.087;9.2261;7.7559;7.6922;6.8611;5.9756;5.6841;5.5978;5.2939;5.078;5.0687;4.5506;4.2352;2.8268
30-01-00 10:00;10.084;9.2238;7.7527;7.6891;6.8583;5.9733;5.6821;5.5959;5.2924;5.0758;5.0665;4.546;4.2311;2.8224
30-01-00 11:00;10.082;9.2215;7.7496;7.686;6.8555;5.9711;5.6802;5.5942;5.291;5.0736;5.0644;4.5415;4.2272;2.818
30-01-00 12:00;10.078;9.2192;7.7466;7.6831;6.8528;5.9689;5.6783;5.5924;5.2895;5.0716;5.0624;4.537;4.2233;2.8137
30-01-00 13:00;10.075;9.217;7.7436;7.6802;6.8501;5.9667;5.6765;5.5907;5.2881;5.0695;5.0605;4.5327;4.2194;2.8094
30-01-00 14:00;10.072;9.2148;7.7407;7.6773;6.8475;5.9646;5.6747;5.589;5.2867;5.0676;5.0586;4.5285;4.2157;2.8051
30-01-00 15:00;10.069;9.2126;7.7379;7.6746;6.845;5.9626;5.6729;5.5873;5.2854;5.0657;5.0567;4.5244;4.2121;2.8009
30-01-00 16:00;10.066;9.2104;7.7351;7.6718;6.8425;5.9606;5.6711;5.5857;5.2841;5.0638;5.0549;4.5204;4.2085;2.7968
30-01-00 17:00;10.063;9.2082;7.7324;7.6692;6.8401;5.9587;5.6694;5.5841;5.2828;5.062;5.0532;4.5165;4.2051;2.7927
30-01-00 18:00;10.059;9.206;7.7297;7.6665;6.8377;5.9568;5.6678;5.5826;5.2815;5.0603;5.0515;4.5127;4.2017;2.7887
30-01-00 19:00;10.056;9.2037;7.727;7.6639;6.8353;5.9549;5.6661;5.5811;5.2803;5.0586;5.0499;4.509;4.1984;2.7848
30-01-00 20:00;10.052;9.2014;7.7244;7.6613;6.833;5.9531;5.6645;5.5795;5.2791;5.057;5.0483;4.5054;4.1952;2.7809
30-01-00 21:00;10.049;9.1991;7.7218;7.6588;6.8308;5.9513;5.6629;5.5781;5.2779;5.0554;5.0467;4.5019;4.1921;2.777
30-01-00 22:00;10.045;9.1967;7.7192;7.6562;6.8285;5.9495;5.6614;5.5766;5.2767;5.0538;5.0452;4.4984;4.189;2.7732
30-01-00 23:00;10.041;9.1942;7.7165;7.6536;6.8262;5.9478;5.6598;5.5752;5.2756;5.0523;5.0438;4.4951;4.186;2.7695
31-01-00 00:00;10.037;9.1918;7.7139;7.6511;6.824;5.9461;5.6583;5.5737;5.2745;5.0508;5.0423;4.4918;4.1831;2.7658
